Command line invocation:
    /Applications/Xcode.app/Contents/Developer/usr/bin/xcodebuild -workspace ASKHatters.xcworkspace -configuration Debug -scheme ASKHatters -destination "platform=iOS Simulator,name=iPhone 16 Pro"

--- xcodebuild: WARNING: Using the first of multiple matching destinations:
{ platform:iOS Simulator, arch:arm64, id:557D5EA7-30FD-4CB1-BF6C-05C287ACC9B5, OS:18.5, name:iPhone 16 Pro }
{ platform:iOS Simulator, arch:x86_64, id:557D5EA7-30FD-4CB1-BF6C-05C287ACC9B5, OS:18.5, name:iPhone 16 Pro }
ComputePackagePrebuildTargetDependencyGraph

Prepare packages

CreateBuildRequest

SendProjectDescription

CreateBuildOperation

ComputeTargetDependencyGraph
note: Building targets in dependency order
note: Target dependency graph (129 targets)
    Target 'ASKHatters' in project 'ASKHatters'
        ➜ Implicit dependency on target 'Pods-ASKHatters' in project 'Pods' via file 'Pods_ASKHatters.framework' in build phase 'Link Binary'
        ➜ Implicit dependency on target 'BVLinearGradient' in project 'Pods' via options '-framework BVLinearGradient' in build setting 'OTHER_LDFLAGS'
        ➜ Implicit dependency on target 'React-CoreModules' in project 'Pods' via options '-framework CoreModules' in build setting 'OTHER_LDFLAGS'
        ➜ Implicit dependency on target 'DoubleConversion' in project 'Pods' via options '-framework DoubleConversion' in build setting 'OTHER_LDFLAGS'
        ➜ Implicit dependency on target 'PromisesObjC' in project 'Pods' via options '-framework FBLPromises' in build setting 'OTHER_LDFLAGS'
        ➜ Implicit dependency on target 'FirebaseAppCheckInterop' in project 'Pods' via options '-framework FirebaseAppCheckInterop' in build setting 'OTHER_LDFLAGS'
        ➜ Implicit dependency on target 'FirebaseCore' in project 'Pods' via options '-framework FirebaseCore' in build setting 'OTHER_LDFLAGS'
        ➜ Implicit dependency on target 'FirebaseCoreExtension' in project 'Pods' via options '-framework FirebaseCoreExtension' in build setting 'OTHER_LDFLAGS'
        ➜ Implicit dependency on target 'FirebaseCoreInternal' in project 'Pods' via options '-framework FirebaseCoreInternal' in build setting 'OTHER_LDFLAGS'
        ➜ Implicit dependency on target 'FirebaseFirestore' in project 'Pods' via options '-framework FirebaseFirestore' in build setting 'OTHER_LDFLAGS'
        ➜ Implicit dependency on target 'FirebaseFirestoreInternal' in project 'Pods' via options '-framework FirebaseFirestoreInternal' in build setting 'OTHER_LDFLAGS'
        ➜ Implicit dependency on target 'FirebaseSharedSwift' in project 'Pods' via options '-framework FirebaseSharedSwift' in build setting 'OTHER_LDFLAGS'
        ➜ Implicit dependency on target 'GoogleUtilities' in project 'Pods' via options '-framework GoogleUtilities' in build setting 'OTHER_LDFLAGS'
        ➜ Implicit dependency on target 'React-jsitooling' in project 'Pods' via options '-framework JSITooling' in build setting 'OTHER_LDFLAGS'
        ➜ Implicit dependency on target 'React-RCTAnimation' in project 'Pods' via options '-framework RCTAnimation' in build setting 'OTHER_LDFLAGS'
        ➜ Implicit dependency on target 'React-RCTBlob' in project 'Pods' via options '-framework RCTBlob' in build setting 'OTHER_LDFLAGS'
        ➜ Implicit dependency on target 'RCTDeprecation' in project 'Pods' via options '-framework RCTDeprecation' in build setting 'OTHER_LDFLAGS'
        ➜ Implicit dependency on target 'React-RCTFabric' in project 'Pods' via options '-framework RCTFabric' in build setting 'OTHER_LDFLAGS'
        ➜ Implicit dependency on target 'React-RCTImage' in project 'Pods' via options '-framework RCTImage' in build setting 'OTHER_LDFLAGS'
        ➜ Implicit dependency on target 'React-RCTLinking' in project 'Pods' via options '-framework RCTLinking' in build setting 'OTHER_LDFLAGS'
        ➜ Implicit dependency on target 'React-RCTNetwork' in project 'Pods' via options '-framework RCTNetwork' in build setting 'OTHER_LDFLAGS'
        ➜ Implicit dependency on target 'React-RCTRuntime' in project 'Pods' via options '-framework RCTRuntime' in build setting 'OTHER_LDFLAGS'
        ➜ Implicit dependency on target 'React-RCTSettings' in project 'Pods' via options '-framework RCTSettings' in build setting 'OTHER_LDFLAGS'
        ➜ Implicit dependency on target 'React-RCTText' in project 'Pods' via options '-framework RCTText' in build setting 'OTHER_LDFLAGS'
        ➜ Implicit dependency on target 'RCTTypeSafety' in project 'Pods' via options '-framework RCTTypeSafety' in build setting 'OTHER_LDFLAGS'
        ➜ Implicit dependency on target 'React-RCTVibration' in project 'Pods' via options '-framework RCTVibration' in build setting 'OTHER_LDFLAGS'
        ➜ Implicit dependency on target 'RNBootSplash' in project 'Pods' via options '-framework RNBootSplash' in build setting 'OTHER_LDFLAGS'
        ➜ Implicit dependency on target 'RNCAsyncStorage' in project 'Pods' via options '-framework RNCAsyncStorage' in build setting 'OTHER_LDFLAGS'
        ➜ Implicit dependency on target 'RNDateTimePicker' in project 'Pods' via options '-framework RNDateTimePicker' in build setting 'OTHER_LDFLAGS'
        ➜ Implicit dependency on target 'RNFBApp' in project 'Pods' via options '-framework RNFBApp' in build setting 'OTHER_LDFLAGS'
        ➜ Implicit dependency on target 'RNFBFirestore' in project 'Pods' via options '-framework RNFBFirestore' in build setting 'OTHER_LDFLAGS'
        ➜ Implicit dependency on target 'RNGestureHandler' in project 'Pods' via options '-framework RNGestureHandler' in build setting 'OTHER_LDFLAGS'
        ➜ Implicit dependency on target 'RNReanimated' in project 'Pods' via options '-framework RNReanimated' in build setting 'OTHER_LDFLAGS'
        ➜ Implicit dependency on target 'RNSVG' in project 'Pods' via options '-framework RNSVG' in build setting 'OTHER_LDFLAGS'
        ➜ Implicit dependency on target 'RNScreens' in project 'Pods' via options '-framework RNScreens' in build setting 'OTHER_LDFLAGS'
        ➜ Implicit dependency on target 'RNSentry' in project 'Pods' via options '-framework RNSentry' in build setting 'OTHER_LDFLAGS'
        ➜ Implicit dependency on target 'RNVectorIcons' in project 'Pods' via options '-framework RNVectorIcons' in build setting 'OTHER_LDFLAGS'
        ➜ Implicit dependency on target 'RNWorklets' in project 'Pods' via options '-framework RNWorklets' in build setting 'OTHER_LDFLAGS'
        ➜ Implicit dependency on target 'React-Core' in project 'Pods' via options '-framework React' in build setting 'OTHER_LDFLAGS'
        ➜ Implicit dependency on target 'ReactAppDependencyProvider' in project 'Pods' via options '-framework ReactAppDependencyProvider' in build setting 'OTHER_LDFLAGS'
        ➜ Implicit dependency on target 'ReactCodegen' in project 'Pods' via options '-framework ReactCodegen' in build setting 'OTHER_LDFLAGS'
        ➜ Implicit dependency on target 'ReactCommon' in project 'Pods' via options '-framework ReactCommon' in build setting 'OTHER_LDFLAGS'
        ➜ Implicit dependency on target 'React-Fabric' in project 'Pods' via options '-framework React_Fabric' in build setting 'OTHER_LDFLAGS'
        ➜ Implicit dependency on target 'React-FabricComponents' in project 'Pods' via options '-framework React_FabricComponents' in build setting 'OTHER_LDFLAGS'
        ➜ Implicit dependency on target 'React-FabricImage' in project 'Pods' via options '-framework React_FabricImage' in build setting 'OTHER_LDFLAGS'
        ➜ Implicit dependency on target 'React-ImageManager' in project 'Pods' via options '-framework React_ImageManager' in build setting 'OTHER_LDFLAGS'
        ➜ Implicit dependency on target 'React-Mapbuffer' in project 'Pods' via options '-framework React_Mapbuffer' in build setting 'OTHER_LDFLAGS'
        ➜ Implicit dependency on target 'React-NativeModulesApple' in project 'Pods' via options '-framework React_NativeModulesApple' in build setting 'OTHER_LDFLAGS'
        ➜ Implicit dependency on target 'React-RCTAppDelegate' in project 'Pods' via options '-framework React_RCTAppDelegate' in build setting 'OTHER_LDFLAGS'
        ➜ Implicit dependency on target 'React-RCTFBReactNativeSpec' in project 'Pods' via options '-framework React_RCTFBReactNativeSpec' in build setting 'OTHER_LDFLAGS'
        ➜ Implicit dependency on target 'React-RuntimeApple' in project 'Pods' via options '-framework React_RuntimeApple' in build setting 'OTHER_LDFLAGS'
        ➜ Implicit dependency on target 'React-RuntimeCore' in project 'Pods' via options '-framework React_RuntimeCore' in build setting 'OTHER_LDFLAGS'
        ➜ Implicit dependency on target 'React-RuntimeHermes' in project 'Pods' via options '-framework React_RuntimeHermes' in build setting 'OTHER_LDFLAGS'
        ➜ Implicit dependency on target 'React-debug' in project 'Pods' via options '-framework React_debug' in build setting 'OTHER_LDFLAGS'
        ➜ Implicit dependency on target 'React-defaultsnativemodule' in project 'Pods' via options '-framework React_defaultsnativemodule' in build setting 'OTHER_LDFLAGS'
        ➜ Implicit dependency on target 'React-domnativemodule' in project 'Pods' via options '-framework React_domnativemodule' in build setting 'OTHER_LDFLAGS'
        ➜ Implicit dependency on target 'React-featureflags' in project 'Pods' via options '-framework React_featureflags' in build setting 'OTHER_LDFLAGS'
        ➜ Implicit dependency on target 'React-featureflagsnativemodule' in project 'Pods' via options '-framework React_featureflagsnativemodule' in build setting 'OTHER_LDFLAGS'
        ➜ Implicit dependency on target 'React-graphics' in project 'Pods' via options '-framework React_graphics' in build setting 'OTHER_LDFLAGS'
        ➜ Implicit dependency on target 'React-jserrorhandler' in project 'Pods' via options '-framework React_jserrorhandler' in build setting 'OTHER_LDFLAGS'
        ➜ Implicit dependency on target 'React-microtasksnativemodule' in project 'Pods' via options '-framework React_microtasksnativemodule' in build setting 'OTHER_LDFLAGS'
        ➜ Implicit dependency on target 'React-performancecdpmetrics' in project 'Pods' via options '-framework React_performancecdpmetrics' in build setting 'OTHER_LDFLAGS'
        ➜ Implicit dependency on target 'React-performancetimeline' in project 'Pods' via options '-framework React_performancetimeline' in build setting 'OTHER_LDFLAGS'
        ➜ Implicit dependency on target 'React-rendererconsistency' in project 'Pods' via options '-framework React_rendererconsistency' in build setting 'OTHER_LDFLAGS'
        ➜ Implicit dependency on target 'React-renderercss' in project 'Pods' via options '-framework React_renderercss' in build setting 'OTHER_LDFLAGS'
        ➜ Implicit dependency on target 'React-rendererdebug' in project 'Pods' via options '-framework React_rendererdebug' in build setting 'OTHER_LDFLAGS'
        ➜ Implicit dependency on target 'React-runtimeexecutor' in project 'Pods' via options '-framework React_runtimeexecutor' in build setting 'OTHER_LDFLAGS'
        ➜ Implicit dependency on target 'React-runtimescheduler' in project 'Pods' via options '-framework React_runtimescheduler' in build setting 'OTHER_LDFLAGS'
        ➜ Implicit dependency on target 'React-utils' in project 'Pods' via options '-framework React_utils' in build setting 'OTHER_LDFLAGS'
        ➜ Implicit dependency on target 'Sentry' in project 'Pods' via options '-framework Sentry' in build setting 'OTHER_LDFLAGS'
        ➜ Implicit dependency on target 'SocketRocket' in project 'Pods' via options '-framework SocketRocket' in build setting 'OTHER_LDFLAGS'
        ➜ Implicit dependency on target 'abseil' in project 'Pods' via options '-framework absl' in build setting 'OTHER_LDFLAGS'
        ➜ Implicit dependency on target 'React-cxxreact' in project 'Pods' via options '-framework cxxreact' in build setting 'OTHER_LDFLAGS'
        ➜ Implicit dependency on target 'fmt' in project 'Pods' via options '-framework fmt' in build setting 'OTHER_LDFLAGS'
        ➜ Implicit dependency on target 'RCT-Folly' in project 'Pods' via options '-framework folly' in build setting 'OTHER_LDFLAGS'
        ➜ Implicit dependency on target 'glog' in project 'Pods' via options '-framework glog' in build setting 'OTHER_LDFLAGS'
        ➜ Implicit dependency on target 'gRPC-Core' in project 'Pods' via options '-framework grpc' in build setting 'OTHER_LDFLAGS'
        ➜ Implicit dependency on target 'gRPC-C++' in project 'Pods' via options '-framework grpcpp' in build setting 'OTHER_LDFLAGS'
        ➜ Implicit dependency on target 'React-idlecallbacksnativemodule' in project 'Pods' via options '-framework idlecallbacksnativemodule' in build setting 'OTHER_LDFLAGS'
        ➜ Implicit dependency on target 'React-jsi' in project 'Pods' via options '-framework jsi' in build setting 'OTHER_LDFLAGS'
        ➜ Implicit dependency on target 'React-jsinspector' in project 'Pods' via options '-framework jsinspector_modern' in build setting 'OTHER_LDFLAGS'
        ➜ Implicit dependency on target 'React-jsinspectorcdp' in project 'Pods' via options '-framework jsinspector_moderncdp' in build setting 'OTHER_LDFLAGS'
        ➜ Implicit dependency on target 'React-jsinspectornetwork' in project 'Pods' via options '-framework jsinspector_modernnetwork' in build setting 'OTHER_LDFLAGS'
        ➜ Implicit dependency on target 'React-jsinspectortracing' in project 'Pods' via options '-framework jsinspector_moderntracing' in build setting 'OTHER_LDFLAGS'
        ➜ Implicit dependency on target 'React-jsiexecutor' in project 'Pods' via options '-framework jsireact' in build setting 'OTHER_LDFLAGS'
        ➜ Implicit dependency on target 'leveldb-library' in project 'Pods' via options '-framework leveldb' in build setting 'OTHER_LDFLAGS'
        ➜ Implicit dependency on target 'React-logger' in project 'Pods' via options '-framework logger' in build setting 'OTHER_LDFLAGS'
        ➜ Implicit dependency on target 'nanopb' in project 'Pods' via options '-framework nanopb' in build setting 'OTHER_LDFLAGS'
        ➜ Implicit dependency on target 'BoringSSL-GRPC' in project 'Pods' via options '-framework openssl_grpc' in build setting 'OTHER_LDFLAGS'
        ➜ Implicit dependency on target 'React-oscompat' in project 'Pods' via options '-framework oscompat' in build setting 'OTHER_LDFLAGS'
        ➜ Implicit dependency on target 'react-native-netinfo' in project 'Pods' via options '-framework react_native_netinfo' in build setting 'OTHER_LDFLAGS'
        ➜ Implicit dependency on target 'react-native-safe-area-context' in project 'Pods' via options '-framework react_native_safe_area_context' in build setting 'OTHER_LDFLAGS'
        ➜ Implicit dependency on target 'React-hermes' in project 'Pods' via options '-framework reacthermes' in build setting 'OTHER_LDFLAGS'
        ➜ Implicit dependency on target 'React-perflogger' in project 'Pods' via options '-framework reactperflogger' in build setting 'OTHER_LDFLAGS'
        ➜ Implicit dependency on target 'React-webperformancenativemodule' in project 'Pods' via options '-framework webperformancenativemodule' in build setting 'OTHER_LDFLAGS'
        ➜ Implicit dependency on target 'Yoga' in project 'Pods' via options '-framework yoga' in build setting 'OTHER_LDFLAGS'
    Target 'Pods-ASKHatters' in project 'Pods'
        ➜ Explicit dependency on target 'BVLinearGradient' in project 'Pods'
        ➜ Explicit dependency on target 'BoringSSL-GRPC' in project 'Pods'
        ➜ Explicit dependency on target 'DoubleConversion' in project 'Pods'
        ➜ Explicit dependency on target 'FBLazyVector' in project 'Pods'
        ➜ Explicit dependency on target 'Firebase' in project 'Pods'
        ➜ Explicit dependency on target 'FirebaseAppCheckInterop' in project 'Pods'
        ➜ Explicit dependency on target 'FirebaseCore' in project 'Pods'
        ➜ Explicit dependency on target 'FirebaseCoreExtension' in project 'Pods'
        ➜ Explicit dependency on target 'FirebaseCoreInternal' in project 'Pods'
        ➜ Explicit dependency on target 'FirebaseFirestore' in project 'Pods'
        ➜ Explicit dependency on target 'FirebaseFirestoreInternal' in project 'Pods'
        ➜ Explicit dependency on target 'FirebaseSharedSwift' in project 'Pods'
        ➜ Explicit dependency on target 'GoogleUtilities' in project 'Pods'
        ➜ Explicit dependency on target 'PromisesObjC' in project 'Pods'
        ➜ Explicit dependency on target 'RCT-Folly' in project 'Pods'
        ➜ Explicit dependency on target 'RCTDeprecation' in project 'Pods'
        ➜ Explicit dependency on target 'RCTRequired' in project 'Pods'
        ➜ Explicit dependency on target 'RCTTypeSafety' in project 'Pods'
        ➜ Explicit dependency on target 'RNBootSplash' in project 'Pods'
        ➜ Explicit dependency on target 'RNCAsyncStorage' in project 'Pods'
        ➜ Explicit dependency on target 'RNDateTimePicker' in project 'Pods'
        ➜ Explicit dependency on target 'RNFBApp' in project 'Pods'
        ➜ Explicit dependency on target 'RNFBFirestore' in project 'Pods'
        ➜ Explicit dependency on target 'RNGestureHandler' in project 'Pods'
        ➜ Explicit dependency on target 'RNReanimated' in project 'Pods'
        ➜ Explicit dependency on target 'RNSVG' in project 'Pods'
        ➜ Explicit dependency on target 'RNScreens' in project 'Pods'
        ➜ Explicit dependency on target 'RNSentry' in project 'Pods'
        ➜ Explicit dependency on target 'RNVectorIcons' in project 'Pods'
        ➜ Explicit dependency on target 'RNWorklets' in project 'Pods'
        ➜ Explicit dependency on target 'React' in project 'Pods'
        ➜ Explicit dependency on target 'React-Core' in project 'Pods'
        ➜ Explicit dependency on target 'React-CoreModules' in project 'Pods'
        ➜ Explicit dependency on target 'React-Fabric' in project 'Pods'
        ➜ Explicit dependency on target 'React-FabricComponents' in project 'Pods'
        ➜ Explicit dependency on target 'React-FabricImage' in project 'Pods'
        ➜ Explicit dependency on target 'React-ImageManager' in project 'Pods'
        ➜ Explicit dependency on target 'React-Mapbuffer' in project 'Pods'
        ➜ Explicit dependency on target 'React-NativeModulesApple' in project 'Pods'
        ➜ Explicit dependency on target 'React-RCTActionSheet' in project 'Pods'
        ➜ Explicit dependency on target 'React-RCTAnimation' in project 'Pods'
        ➜ Explicit dependency on target 'React-RCTAppDelegate' in project 'Pods'
        ➜ Explicit dependency on target 'React-RCTBlob' in project 'Pods'
        ➜ Explicit dependency on target 'React-RCTFBReactNativeSpec' in project 'Pods'
        ➜ Explicit dependency on target 'React-RCTFabric' in project 'Pods'
        ➜ Explicit dependency on target 'React-RCTImage' in project 'Pods'
        ➜ Explicit dependency on target 'React-RCTLinking' in project 'Pods'
        ➜ Explicit dependency on target 'React-RCTNetwork' in project 'Pods'
        ➜ Explicit dependency on target 'React-RCTRuntime' in project 'Pods'
        ➜ Explicit dependency on target 'React-RCTSettings' in project 'Pods'
        ➜ Explicit dependency on target 'React-RCTText' in project 'Pods'
        ➜ Explicit dependency on target 'React-RCTVibration' in project 'Pods'
        ➜ Explicit dependency on target 'React-RuntimeApple' in project 'Pods'
        ➜ Explicit dependency on target 'React-RuntimeCore' in project 'Pods'
        ➜ Explicit dependency on target 'React-RuntimeHermes' in project 'Pods'
        ➜ Explicit dependency on target 'React-callinvoker' in project 'Pods'
        ➜ Explicit dependency on target 'React-cxxreact' in project 'Pods'
        ➜ Explicit dependency on target 'React-debug' in project 'Pods'
        ➜ Explicit dependency on target 'React-defaultsnativemodule' in project 'Pods'
        ➜ Explicit dependency on target 'React-domnativemodule' in project 'Pods'
        ➜ Explicit dependency on target 'React-featureflags' in project 'Pods'
        ➜ Explicit dependency on target 'React-featureflagsnativemodule' in project 'Pods'
        ➜ Explicit dependency on target 'React-graphics' in project 'Pods'
        ➜ Explicit dependency on target 'React-hermes' in project 'Pods'
        ➜ Explicit dependency on target 'React-idlecallbacksnativemodule' in project 'Pods'
        ➜ Explicit dependency on target 'React-jserrorhandler' in project 'Pods'
        ➜ Explicit dependency on target 'React-jsi' in project 'Pods'
        ➜ Explicit dependency on target 'React-jsiexecutor' in project 'Pods'
        ➜ Explicit dependency on target 'React-jsinspector' in project 'Pods'
        ➜ Explicit dependency on target 'React-jsinspectorcdp' in project 'Pods'
        ➜ Explicit dependency on target 'React-jsinspectornetwork' in project 'Pods'
        ➜ Explicit dependency on target 'React-jsinspectortracing' in project 'Pods'
        ➜ Explicit dependency on target 'React-jsitooling' in project 'Pods'
        ➜ Explicit dependency on target 'React-jsitracing' in project 'Pods'
        ➜ Explicit dependency on target 'React-logger' in project 'Pods'
        ➜ Explicit dependency on target 'React-microtasksnativemodule' in project 'Pods'
        ➜ Explicit dependency on target 'React-oscompat' in project 'Pods'
        ➜ Explicit dependency on target 'React-perflogger' in project 'Pods'
        ➜ Explicit dependency on target 'React-performancecdpmetrics' in project 'Pods'
        ➜ Explicit dependency on target 'React-performancetimeline' in project 'Pods'
        ➜ Explicit dependency on target 'React-rendererconsistency' in project 'Pods'
        ➜ Explicit dependency on target 'React-renderercss' in project 'Pods'
        ➜ Explicit dependency on target 'React-rendererdebug' in project 'Pods'
        ➜ Explicit dependency on target 'React-runtimeexecutor' in project 'Pods'
        ➜ Explicit dependency on target 'React-runtimescheduler' in project 'Pods'
        ➜ Explicit dependency on target 'React-timing' in project 'Pods'
        ➜ Explicit dependency on target 'React-utils' in project 'Pods'
        ➜ Explicit dependency on target 'React-webperformancenativemodule' in project 'Pods'
        ➜ Explicit dependency on target 'ReactAppDependencyProvider' in project 'Pods'
        ➜ Explicit dependency on target 'ReactCodegen' in project 'Pods'
        ➜ Explicit dependency on target 'ReactCommon' in project 'Pods'
        ➜ Explicit dependency on target 'Sentry' in project 'Pods'
        ➜ Explicit dependency on target 'SocketRocket' in project 'Pods'
        ➜ Explicit dependency on target 'Yoga' in project 'Pods'
        ➜ Explicit dependency on target 'abseil' in project 'Pods'
        ➜ Explicit dependency on target 'boost' in project 'Pods'
        ➜ Explicit dependency on target 'fast_float' in project 'Pods'
        ➜ Explicit dependency on target 'fmt' in project 'Pods'
        ➜ Explicit dependency on target 'gRPC-C++' in project 'Pods'
        ➜ Explicit dependency on target 'gRPC-Core' in project 'Pods'
        ➜ Explicit dependency on target 'glog' in project 'Pods'
        ➜ Explicit dependency on target 'hermes-engine' in project 'Pods'
        ➜ Explicit dependency on target 'leveldb-library' in project 'Pods'
        ➜ Explicit dependency on target 'nanopb' in project 'Pods'
        ➜ Explicit dependency on target 'react-native-netinfo' in project 'Pods'
        ➜ Explicit dependency on target 'react-native-safe-area-context' in project 'Pods'
    Target 'react-native-safe-area-context' in project 'Pods'
        ➜ Explicit dependency on target 'DoubleConversion' in project 'Pods'
        ➜ Explicit dependency on target 'RCT-Folly' in project 'Pods'
        ➜ Explicit dependency on target 'RCTRequired' in project 'Pods'
        ➜ Explicit dependency on target 'RCTTypeSafety' in project 'Pods'
        ➜ Explicit dependency on target 'React-Core' in project 'Pods'
        ➜ Explicit dependency on target 'React-Fabric' in project 'Pods'
        ➜ Explicit dependency on target 'React-ImageManager' in project 'Pods'
        ➜ Explicit dependency on target 'React-NativeModulesApple' in project 'Pods'
        ➜ Explicit dependency on target 'React-RCTFabric' in project 'Pods'
        ➜ Explicit dependency on target 'React-debug' in project 'Pods'
        ➜ Explicit dependency on target 'React-featureflags' in project 'Pods'
        ➜ Explicit dependency on target 'React-graphics' in project 'Pods'
        ➜ Explicit dependency on target 'React-jsi' in project 'Pods'
        ➜ Explicit dependency on target 'React-renderercss' in project 'Pods'
        ➜ Explicit dependency on target 'React-rendererdebug' in project 'Pods'
        ➜ Explicit dependency on target 'React-utils' in project 'Pods'
        ➜ Explicit dependency on target 'ReactCodegen' in project 'Pods'
        ➜ Explicit dependency on target 'ReactCommon' in project 'Pods'
        ➜ Explicit dependency on target 'SocketRocket' in project 'Pods'
        ➜ Explicit dependency on target 'Yoga' in project 'Pods'
        ➜ Explicit dependency on target 'boost' in project 'Pods'
        ➜ Explicit dependency on target 'fast_float' in project 'Pods'
        ➜ Explicit dependency on target 'fmt' in project 'Pods'
        ➜ Explicit dependency on target 'glog' in project 'Pods'
        ➜ Explicit dependency on target 'hermes-engine' in project 'Pods'
    Target 'react-native-netinfo' in project 'Pods'
        ➜ Explicit dependency on target 'React-Core' in project 'Pods'
    Target 'ReactAppDependencyProvider' in project 'Pods'
        ➜ Explicit dependency on target 'ReactCodegen' in project 'Pods'
    Target 'React' in project 'Pods'
        ➜ Explicit dependency on target 'React-Core' in project 'Pods'
        ➜ Explicit dependency on target 'React-RCTActionSheet' in project 'Pods'
        ➜ Explicit dependency on target 'React-RCTAnimation' in project 'Pods'
        ➜ Explicit dependency on target 'React-RCTBlob' in project 'Pods'
        ➜ Explicit dependency on target 'React-RCTImage' in project 'Pods'
        ➜ Explicit dependency on target 'React-RCTLinking' in project 'Pods'
        ➜ Explicit dependency on target 'React-RCTNetwork' in project 'Pods'
        ➜ Explicit dependency on target 'React-RCTSettings' in project 'Pods'
        ➜ Explicit dependency on target 'React-RCTText' in project 'Pods'
        ➜ Explicit dependency on target 'React-RCTVibration' in project 'Pods'
    Target 'React-RCTVibration' in project 'Pods'
        ➜ Explicit dependency on target 'DoubleConversion' in project 'Pods'
        ➜ Explicit dependency on target 'RCT-Folly' in project 'Pods'
        ➜ Explicit dependency on target 'React-Core' in project 'Pods'
        ➜ Explicit dependency on target 'React-NativeModulesApple' in project 'Pods'
        ➜ Explicit dependency on target 'React-RCTFBReactNativeSpec' in project 'Pods'
        ➜ Explicit dependency on target 'React-jsi' in project 'Pods'
        ➜ Explicit dependency on target 'ReactCommon' in project 'Pods'
        ➜ Explicit dependency on target 'SocketRocket' in project 'Pods'
        ➜ Explicit dependency on target 'boost' in project 'Pods'
        ➜ Explicit dependency on target 'fast_float' in project 'Pods'
        ➜ Explicit dependency on target 'fmt' in project 'Pods'
        ➜ Explicit dependency on target 'glog' in project 'Pods'
    Target 'React-RCTSettings' in project 'Pods'
        ➜ Explicit dependency on target 'DoubleConversion' in project 'Pods'
        ➜ Explicit dependency on target 'RCT-Folly' in project 'Pods'
        ➜ Explicit dependency on target 'RCTTypeSafety' in project 'Pods'
        ➜ Explicit dependency on target 'React-Core' in project 'Pods'
        ➜ Explicit dependency on target 'React-NativeModulesApple' in project 'Pods'
        ➜ Explicit dependency on target 'React-RCTFBReactNativeSpec' in project 'Pods'
        ➜ Explicit dependency on target 'React-jsi' in project 'Pods'
        ➜ Explicit dependency on target 'ReactCommon' in project 'Pods'
        ➜ Explicit dependency on target 'SocketRocket' in project 'Pods'
        ➜ Explicit dependency on target 'boost' in project 'Pods'
        ➜ Explicit dependency on target 'fast_float' in project 'Pods'
        ➜ Explicit dependency on target 'fmt' in project 'Pods'
        ➜ Explicit dependency on target 'glog' in project 'Pods'
    Target 'React-RCTLinking' in project 'Pods'
        ➜ Explicit dependency on target 'React-Core' in project 'Pods'
        ➜ Explicit dependency on target 'React-NativeModulesApple' in project 'Pods'
        ➜ Explicit dependency on target 'React-RCTFBReactNativeSpec' in project 'Pods'
        ➜ Explicit dependency on target 'React-jsi' in project 'Pods'
        ➜ Explicit dependency on target 'ReactCommon' in project 'Pods'
    Target 'React-RCTActionSheet' in project 'Pods'
        ➜ Explicit dependency on target 'React-Core' in project 'Pods'
    Target 'RNVectorIcons' in project 'Pods'
        ➜ Explicit dependency on target 'DoubleConversion' in project 'Pods'
        ➜ Explicit dependency on target 'RCT-Folly' in project 'Pods'
        ➜ Explicit dependency on target 'RCTRequired' in project 'Pods'
        ➜ Explicit dependency on target 'RCTTypeSafety' in project 'Pods'
        ➜ Explicit dependency on target 'React-Core' in project 'Pods'
        ➜ Explicit dependency on target 'React-Fabric' in project 'Pods'
        ➜ Explicit dependency on target 'React-ImageManager' in project 'Pods'
        ➜ Explicit dependency on target 'React-NativeModulesApple' in project 'Pods'
        ➜ Explicit dependency on target 'React-RCTFabric' in project 'Pods'
        ➜ Explicit dependency on target 'React-debug' in project 'Pods'
        ➜ Explicit dependency on target 'React-featureflags' in project 'Pods'
        ➜ Explicit dependency on target 'React-graphics' in project 'Pods'
        ➜ Explicit dependency on target 'React-jsi' in project 'Pods'
        ➜ Explicit dependency on target 'React-renderercss' in project 'Pods'
        ➜ Explicit dependency on target 'React-rendererdebug' in project 'Pods'
        ➜ Explicit dependency on target 'React-utils' in project 'Pods'
        ➜ Explicit dependency on target 'ReactCodegen' in project 'Pods'
        ➜ Explicit dependency on target 'ReactCommon' in project 'Pods'
        ➜ Explicit dependency on target 'SocketRocket' in project 'Pods'
        ➜ Explicit dependency on target 'Yoga' in project 'Pods'
        ➜ Explicit dependency on target 'boost' in project 'Pods'
        ➜ Explicit dependency on target 'fast_float' in project 'Pods'
        ➜ Explicit dependency on target 'fmt' in project 'Pods'
        ➜ Explicit dependency on target 'glog' in project 'Pods'
        ➜ Explicit dependency on target 'hermes-engine' in project 'Pods'
    Target 'RNSentry' in project 'Pods'
        ➜ Explicit dependency on target 'DoubleConversion' in project 'Pods'
        ➜ Explicit dependency on target 'RCT-Folly' in project 'Pods'
        ➜ Explicit dependency on target 'RCTRequired' in project 'Pods'
        ➜ Explicit dependency on target 'RCTTypeSafety' in project 'Pods'
        ➜ Explicit dependency on target 'React-Core' in project 'Pods'
        ➜ Explicit dependency on target 'React-Fabric' in project 'Pods'
        ➜ Explicit dependency on target 'React-ImageManager' in project 'Pods'
        ➜ Explicit dependency on target 'React-NativeModulesApple' in project 'Pods'
        ➜ Explicit dependency on target 'React-RCTFabric' in project 'Pods'
        ➜ Explicit dependency on target 'React-debug' in project 'Pods'
        ➜ Explicit dependency on target 'React-featureflags' in project 'Pods'
        ➜ Explicit dependency on target 'React-graphics' in project 'Pods'
        ➜ Explicit dependency on target 'React-hermes' in project 'Pods'
        ➜ Explicit dependency on target 'React-jsi' in project 'Pods'
        ➜ Explicit dependency on target 'React-renderercss' in project 'Pods'
        ➜ Explicit dependency on target 'React-rendererdebug' in project 'Pods'
        ➜ Explicit dependency on target 'React-utils' in project 'Pods'
        ➜ Explicit dependency on target 'ReactCodegen' in project 'Pods'
        ➜ Explicit dependency on target 'ReactCommon' in project 'Pods'
        ➜ Explicit dependency on target 'Sentry' in project 'Pods'
        ➜ Explicit dependency on target 'SocketRocket' in project 'Pods'
        ➜ Explicit dependency on target 'Yoga' in project 'Pods'
        ➜ Explicit dependency on target 'boost' in project 'Pods'
        ➜ Explicit dependency on target 'fast_float' in project 'Pods'
        ➜ Explicit dependency on target 'fmt' in project 'Pods'
        ➜ Explicit dependency on target 'glog' in project 'Pods'
        ➜ Explicit dependency on target 'hermes-engine' in project 'Pods'
    Target 'Sentry' in project 'Pods'
        ➜ Explicit dependency on target 'Sentry-Sentry' in project 'Pods'
    Target 'Sentry-Sentry' in project 'Pods' (no dependencies)
    Target 'RNScreens' in project 'Pods'
        ➜ Explicit dependency on target 'DoubleConversion' in project 'Pods'
        ➜ Explicit dependency on target 'RCT-Folly' in project 'Pods'
        ➜ Explicit dependency on target 'RCTRequired' in project 'Pods'
        ➜ Explicit dependency on target 'RCTTypeSafety' in project 'Pods'
        ➜ Explicit dependency on target 'React-Core' in project 'Pods'
        ➜ Explicit dependency on target 'React-Fabric' in project 'Pods'
        ➜ Explicit dependency on target 'React-ImageManager' in project 'Pods'
        ➜ Explicit dependency on target 'React-NativeModulesApple' in project 'Pods'
        ➜ Explicit dependency on target 'React-RCTFabric' in project 'Pods'
        ➜ Explicit dependency on target 'React-RCTImage' in project 'Pods'
        ➜ Explicit dependency on target 'React-debug' in project 'Pods'
        ➜ Explicit dependency on target 'React-featureflags' in project 'Pods'
        ➜ Explicit dependency on target 'React-graphics' in project 'Pods'
        ➜ Explicit dependency on target 'React-jsi' in project 'Pods'
        ➜ Explicit dependency on target 'React-renderercss' in project 'Pods'
        ➜ Explicit dependency on target 'React-rendererdebug' in project 'Pods'
        ➜ Explicit dependency on target 'React-utils' in project 'Pods'
        ➜ Explicit dependency on target 'ReactCodegen' in project 'Pods'
        ➜ Explicit dependency on target 'ReactCommon' in project 'Pods'
        ➜ Explicit dependency on target 'SocketRocket' in project 'Pods'
        ➜ Explicit dependency on target 'Yoga' in project 'Pods'
        ➜ Explicit dependency on target 'boost' in project 'Pods'
        ➜ Explicit dependency on target 'fast_float' in project 'Pods'
        ➜ Explicit dependency on target 'fmt' in project 'Pods'
        ➜ Explicit dependency on target 'glog' in project 'Pods'
        ➜ Explicit dependency on target 'hermes-engine' in project 'Pods'
    Target 'RNSVG' in project 'Pods'
        ➜ Explicit dependency on target 'DoubleConversion' in project 'Pods'
        ➜ Explicit dependency on target 'RCT-Folly' in project 'Pods'
        ➜ Explicit dependency on target 'RCTRequired' in project 'Pods'
        ➜ Explicit dependency on target 'RCTTypeSafety' in project 'Pods'
        ➜ Explicit dependency on target 'RNSVG-RNSVGFilters' in project 'Pods'
        ➜ Explicit dependency on target 'React-Core' in project 'Pods'
        ➜ Explicit dependency on target 'React-Fabric' in project 'Pods'
        ➜ Explicit dependency on target 'React-ImageManager' in project 'Pods'
        ➜ Explicit dependency on target 'React-NativeModulesApple' in project 'Pods'
        ➜ Explicit dependency on target 'React-RCTFabric' in project 'Pods'
        ➜ Explicit dependency on target 'React-debug' in project 'Pods'
        ➜ Explicit dependency on target 'React-featureflags' in project 'Pods'
        ➜ Explicit dependency on target 'React-graphics' in project 'Pods'
        ➜ Explicit dependency on target 'React-jsi' in project 'Pods'
        ➜ Explicit dependency on target 'React-renderercss' in project 'Pods'
        ➜ Explicit dependency on target 'React-rendererdebug' in project 'Pods'
        ➜ Explicit dependency on target 'React-utils' in project 'Pods'
        ➜ Explicit dependency on target 'ReactCodegen' in project 'Pods'
        ➜ Explicit dependency on target 'ReactCommon' in project 'Pods'
        ➜ Explicit dependency on target 'SocketRocket' in project 'Pods'
        ➜ Explicit dependency on target 'Yoga' in project 'Pods'
        ➜ Explicit dependency on target 'boost' in project 'Pods'
        ➜ Explicit dependency on target 'fast_float' in project 'Pods'
        ➜ Explicit dependency on target 'fmt' in project 'Pods'
        ➜ Explicit dependency on target 'glog' in project 'Pods'
        ➜ Explicit dependency on target 'hermes-engine' in project 'Pods'
    Target 'RNSVG-RNSVGFilters' in project 'Pods' (no dependencies)
    Target 'RNReanimated' in project 'Pods'
        ➜ Explicit dependency on target 'DoubleConversion' in project 'Pods'
        ➜ Explicit dependency on target 'RCT-Folly' in project 'Pods'
        ➜ Explicit dependency on target 'RCTRequired' in project 'Pods'
        ➜ Explicit dependency on target 'RCTTypeSafety' in project 'Pods'
        ➜ Explicit dependency on target 'RNWorklets' in project 'Pods'
        ➜ Explicit dependency on target 'React-Core' in project 'Pods'
        ➜ Explicit dependency on target 'React-Fabric' in project 'Pods'
        ➜ Explicit dependency on target 'React-ImageManager' in project 'Pods'
        ➜ Explicit dependency on target 'React-NativeModulesApple' in project 'Pods'
        ➜ Explicit dependency on target 'React-RCTFabric' in project 'Pods'
        ➜ Explicit dependency on target 'React-debug' in project 'Pods'
        ➜ Explicit dependency on target 'React-featureflags' in project 'Pods'
        ➜ Explicit dependency on target 'React-graphics' in project 'Pods'
        ➜ Explicit dependency on target 'React-hermes' in project 'Pods'
        ➜ Explicit dependency on target 'React-jsi' in project 'Pods'
        ➜ Explicit dependency on target 'React-renderercss' in project 'Pods'
        ➜ Explicit dependency on target 'React-rendererdebug' in project 'Pods'
        ➜ Explicit dependency on target 'React-utils' in project 'Pods'
        ➜ Explicit dependency on target 'ReactCodegen' in project 'Pods'
        ➜ Explicit dependency on target 'ReactCommon' in project 'Pods'
        ➜ Explicit dependency on target 'SocketRocket' in project 'Pods'
        ➜ Explicit dependency on target 'Yoga' in project 'Pods'
        ➜ Explicit dependency on target 'boost' in project 'Pods'
        ➜ Explicit dependency on target 'fast_float' in project 'Pods'
        ➜ Explicit dependency on target 'fmt' in project 'Pods'
        ➜ Explicit dependency on target 'glog' in project 'Pods'
        ➜ Explicit dependency on target 'hermes-engine' in project 'Pods'
    Target 'RNWorklets' in project 'Pods'
        ➜ Explicit dependency on target 'DoubleConversion' in project 'Pods'
        ➜ Explicit dependency on target 'RCT-Folly' in project 'Pods'
        ➜ Explicit dependency on target 'RCTRequired' in project 'Pods'
        ➜ Explicit dependency on target 'RCTTypeSafety' in project 'Pods'
        ➜ Explicit dependency on target 'React-Core' in project 'Pods'
        ➜ Explicit dependency on target 'React-Fabric' in project 'Pods'
        ➜ Explicit dependency on target 'React-ImageManager' in project 'Pods'
        ➜ Explicit dependency on target 'React-NativeModulesApple' in project 'Pods'
        ➜ Explicit dependency on target 'React-RCTFabric' in project 'Pods'
        ➜ Explicit dependency on target 'React-debug' in project 'Pods'
        ➜ Explicit dependency on target 'React-featureflags' in project 'Pods'
        ➜ Explicit dependency on target 'React-graphics' in project 'Pods'
        ➜ Explicit dependency on target 'React-hermes' in project 'Pods'
        ➜ Explicit dependency on target 'React-jsi' in project 'Pods'
        ➜ Explicit dependency on target 'React-renderercss' in project 'Pods'
        ➜ Explicit dependency on target 'React-rendererdebug' in project 'Pods'
        ➜ Explicit dependency on target 'React-utils' in project 'Pods'
        ➜ Explicit dependency on target 'ReactCodegen' in project 'Pods'
        ➜ Explicit dependency on target 'ReactCommon' in project 'Pods'
        ➜ Explicit dependency on target 'SocketRocket' in project 'Pods'
        ➜ Explicit dependency on target 'Yoga' in project 'Pods'
        ➜ Explicit dependency on target 'boost' in project 'Pods'
        ➜ Explicit dependency on target 'fast_float' in project 'Pods'
        ➜ Explicit dependency on target 'fmt' in project 'Pods'
        ➜ Explicit dependency on target 'glog' in project 'Pods'
        ➜ Explicit dependency on target 'hermes-engine' in project 'Pods'
    Target 'RNGestureHandler' in project 'Pods'
        ➜ Explicit dependency on target 'DoubleConversion' in project 'Pods'
        ➜ Explicit dependency on target 'RCT-Folly' in project 'Pods'
        ➜ Explicit dependency on target 'RCTRequired' in project 'Pods'
        ➜ Explicit dependency on target 'RCTTypeSafety' in project 'Pods'
        ➜ Explicit dependency on target 'React-Core' in project 'Pods'
        ➜ Explicit dependency on target 'React-Fabric' in project 'Pods'
        ➜ Explicit dependency on target 'React-FabricComponents' in project 'Pods'
        ➜ Explicit dependency on target 'React-ImageManager' in project 'Pods'
        ➜ Explicit dependency on target 'React-NativeModulesApple' in project 'Pods'
        ➜ Explicit dependency on target 'React-RCTFabric' in project 'Pods'
        ➜ Explicit dependency on target 'React-debug' in project 'Pods'
        ➜ Explicit dependency on target 'React-featureflags' in project 'Pods'
        ➜ Explicit dependency on target 'React-graphics' in project 'Pods'
        ➜ Explicit dependency on target 'React-jsi' in project 'Pods'
        ➜ Explicit dependency on target 'React-renderercss' in project 'Pods'
        ➜ Explicit dependency on target 'React-rendererdebug' in project 'Pods'
        ➜ Explicit dependency on target 'React-utils' in project 'Pods'
        ➜ Explicit dependency on target 'ReactCodegen' in project 'Pods'
        ➜ Explicit dependency on target 'ReactCommon' in project 'Pods'
        ➜ Explicit dependency on target 'SocketRocket' in project 'Pods'
        ➜ Explicit dependency on target 'Yoga' in project 'Pods'
        ➜ Explicit dependency on target 'boost' in project 'Pods'
        ➜ Explicit dependency on target 'fast_float' in project 'Pods'
        ➜ Explicit dependency on target 'fmt' in project 'Pods'
        ➜ Explicit dependency on target 'glog' in project 'Pods'
        ➜ Explicit dependency on target 'hermes-engine' in project 'Pods'
    Target 'RNFBFirestore' in project 'Pods'
        ➜ Explicit dependency on target 'Firebase' in project 'Pods'
        ➜ Explicit dependency on target 'RNFBApp' in project 'Pods'
        ➜ Explicit dependency on target 'React-Core' in project 'Pods'
        ➜ Explicit dependency on target 'nanopb' in project 'Pods'
    Target 'RNFBApp' in project 'Pods'
        ➜ Explicit dependency on target 'Firebase' in project 'Pods'
        ➜ Explicit dependency on target 'React-Core' in project 'Pods'
    Target 'RNDateTimePicker' in project 'Pods'
        ➜ Explicit dependency on target 'DoubleConversion' in project 'Pods'
        ➜ Explicit dependency on target 'RCT-Folly' in project 'Pods'
        ➜ Explicit dependency on target 'RCTRequired' in project 'Pods'
        ➜ Explicit dependency on target 'RCTTypeSafety' in project 'Pods'
        ➜ Explicit dependency on target 'React-Core' in project 'Pods'
        ➜ Explicit dependency on target 'React-Fabric' in project 'Pods'
        ➜ Explicit dependency on target 'React-ImageManager' in project 'Pods'
        ➜ Explicit dependency on target 'React-NativeModulesApple' in project 'Pods'
        ➜ Explicit dependency on target 'React-RCTFabric' in project 'Pods'
        ➜ Explicit dependency on target 'React-debug' in project 'Pods'
        ➜ Explicit dependency on target 'React-featureflags' in project 'Pods'
        ➜ Explicit dependency on target 'React-graphics' in project 'Pods'
        ➜ Explicit dependency on target 'React-jsi' in project 'Pods'
        ➜ Explicit dependency on target 'React-renderercss' in project 'Pods'
        ➜ Explicit dependency on target 'React-rendererdebug' in project 'Pods'
        ➜ Explicit dependency on target 'React-utils' in project 'Pods'
        ➜ Explicit dependency on target 'ReactCodegen' in project 'Pods'
        ➜ Explicit dependency on target 'ReactCommon' in project 'Pods'
        ➜ Explicit dependency on target 'SocketRocket' in project 'Pods'
        ➜ Explicit dependency on target 'Yoga' in project 'Pods'
        ➜ Explicit dependency on target 'boost' in project 'Pods'
        ➜ Explicit dependency on target 'fast_float' in project 'Pods'
        ➜ Explicit dependency on target 'fmt' in project 'Pods'
        ➜ Explicit dependency on target 'glog' in project 'Pods'
        ➜ Explicit dependency on target 'hermes-engine' in project 'Pods'
    Target 'RNCAsyncStorage' in project 'Pods'
        ➜ Explicit dependency on target 'DoubleConversion' in project 'Pods'
        ➜ Explicit dependency on target 'RCT-Folly' in project 'Pods'
        ➜ Explicit dependency on target 'RCTRequired' in project 'Pods'
        ➜ Explicit dependency on target 'RCTTypeSafety' in project 'Pods'
        ➜ Explicit dependency on target 'RNCAsyncStorage-RNCAsyncStorage_resources' in project 'Pods'
        ➜ Explicit dependency on target 'React-Core' in project 'Pods'
        ➜ Explicit dependency on target 'React-Fabric' in project 'Pods'
        ➜ Explicit dependency on target 'React-ImageManager' in project 'Pods'
        ➜ Explicit dependency on target 'React-NativeModulesApple' in project 'Pods'
        ➜ Explicit dependency on target 'React-RCTFabric' in project 'Pods'
        ➜ Explicit dependency on target 'React-debug' in project 'Pods'
        ➜ Explicit dependency on target 'React-featureflags' in project 'Pods'
        ➜ Explicit dependency on target 'React-graphics' in project 'Pods'
        ➜ Explicit dependency on target 'React-jsi' in project 'Pods'
        ➜ Explicit dependency on target 'React-renderercss' in project 'Pods'
        ➜ Explicit dependency on target 'React-rendererdebug' in project 'Pods'
        ➜ Explicit dependency on target 'React-utils' in project 'Pods'
        ➜ Explicit dependency on target 'ReactCodegen' in project 'Pods'
        ➜ Explicit dependency on target 'ReactCommon' in project 'Pods'
        ➜ Explicit dependency on target 'SocketRocket' in project 'Pods'
        ➜ Explicit dependency on target 'Yoga' in project 'Pods'
        ➜ Explicit dependency on target 'boost' in project 'Pods'
        ➜ Explicit dependency on target 'fast_float' in project 'Pods'
        ➜ Explicit dependency on target 'fmt' in project 'Pods'
        ➜ Explicit dependency on target 'glog' in project 'Pods'
        ➜ Explicit dependency on target 'hermes-engine' in project 'Pods'
    Target 'RNCAsyncStorage-RNCAsyncStorage_resources' in project 'Pods' (no dependencies)
    Target 'RNBootSplash' in project 'Pods'
        ➜ Explicit dependency on target 'DoubleConversion' in project 'Pods'
        ➜ Explicit dependency on target 'RCT-Folly' in project 'Pods'
        ➜ Explicit dependency on target 'RCTRequired' in project 'Pods'
        ➜ Explicit dependency on target 'RCTTypeSafety' in project 'Pods'
        ➜ Explicit dependency on target 'React-Core' in project 'Pods'
        ➜ Explicit dependency on target 'React-Fabric' in project 'Pods'
        ➜ Explicit dependency on target 'React-ImageManager' in project 'Pods'
        ➜ Explicit dependency on target 'React-NativeModulesApple' in project 'Pods'
        ➜ Explicit dependency on target 'React-RCTFabric' in project 'Pods'
        ➜ Explicit dependency on target 'React-debug' in project 'Pods'
        ➜ Explicit dependency on target 'React-featureflags' in project 'Pods'
        ➜ Explicit dependency on target 'React-graphics' in project 'Pods'
        ➜ Explicit dependency on target 'React-jsi' in project 'Pods'
        ➜ Explicit dependency on target 'React-renderercss' in project 'Pods'
        ➜ Explicit dependency on target 'React-rendererdebug' in project 'Pods'
        ➜ Explicit dependency on target 'React-utils' in project 'Pods'
        ➜ Explicit dependency on target 'ReactCodegen' in project 'Pods'
        ➜ Explicit dependency on target 'ReactCommon' in project 'Pods'
        ➜ Explicit dependency on target 'SocketRocket' in project 'Pods'
        ➜ Explicit dependency on target 'Yoga' in project 'Pods'
        ➜ Explicit dependency on target 'boost' in project 'Pods'
        ➜ Explicit dependency on target 'fast_float' in project 'Pods'
        ➜ Explicit dependency on target 'fmt' in project 'Pods'
        ➜ Explicit dependency on target 'glog' in project 'Pods'
        ➜ Explicit dependency on target 'hermes-engine' in project 'Pods'
    Target 'ReactCodegen' in project 'Pods'
        ➜ Explicit dependency on target 'DoubleConversion' in project 'Pods'
        ➜ Explicit dependency on target 'RCT-Folly' in project 'Pods'
        ➜ Explicit dependency on target 'RCTRequired' in project 'Pods'
        ➜ Explicit dependency on target 'RCTTypeSafety' in project 'Pods'
        ➜ Explicit dependency on target 'React-Core' in project 'Pods'
        ➜ Explicit dependency on target 'React-Fabric' in project 'Pods'
        ➜ Explicit dependency on target 'React-FabricImage' in project 'Pods'
        ➜ Explicit dependency on target 'React-NativeModulesApple' in project 'Pods'
        ➜ Explicit dependency on target 'React-RCTAppDelegate' in project 'Pods'
        ➜ Explicit dependency on target 'React-debug' in project 'Pods'
        ➜ Explicit dependency on target 'React-featureflags' in project 'Pods'
        ➜ Explicit dependency on target 'React-graphics' in project 'Pods'
        ➜ Explicit dependency on target 'React-jsi' in project 'Pods'
        ➜ Explicit dependency on target 'React-jsiexecutor' in project 'Pods'
        ➜ Explicit dependency on target 'React-rendererdebug' in project 'Pods'
        ➜ Explicit dependency on target 'React-utils' in project 'Pods'
        ➜ Explicit dependency on target 'ReactCommon' in project 'Pods'
        ➜ Explicit dependency on target 'SocketRocket' in project 'Pods'
        ➜ Explicit dependency on target 'boost' in project 'Pods'
        ➜ Explicit dependency on target 'fast_float' in project 'Pods'
        ➜ Explicit dependency on target 'fmt' in project 'Pods'
        ➜ Explicit dependency on target 'glog' in project 'Pods'
        ➜ Explicit dependency on target 'hermes-engine' in project 'Pods'
    Target 'React-RCTAppDelegate' in project 'Pods'
        ➜ Explicit dependency on target 'DoubleConversion' in project 'Pods'
        ➜ Explicit dependency on target 'RCT-Folly' in project 'Pods'
        ➜ Explicit dependency on target 'RCTRequired' in project 'Pods'
        ➜ Explicit dependency on target 'RCTTypeSafety' in project 'Pods'
        ➜ Explicit dependency on target 'React-Core' in project 'Pods'
        ➜ Explicit dependency on target 'React-CoreModules' in project 'Pods'
        ➜ Explicit dependency on target 'React-Fabric' in project 'Pods'
        ➜ Explicit dependency on target 'React-NativeModulesApple' in project 'Pods'
        ➜ Explicit dependency on target 'React-RCTFBReactNativeSpec' in project 'Pods'
        ➜ Explicit dependency on target 'React-RCTFabric' in project 'Pods'
        ➜ Explicit dependency on target 'React-RCTImage' in project 'Pods'
        ➜ Explicit dependency on target 'React-RCTNetwork' in project 'Pods'
        ➜ Explicit dependency on target 'React-RCTRuntime' in project 'Pods'
        ➜ Explicit dependency on target 'React-RuntimeApple' in project 'Pods'
        ➜ Explicit dependency on target 'React-RuntimeCore' in project 'Pods'
        ➜ Explicit dependency on target 'React-debug' in project 'Pods'
        ➜ Explicit dependency on target 'React-defaultsnativemodule' in project 'Pods'
        ➜ Explicit dependency on target 'React-featureflags' in project 'Pods'
        ➜ Explicit dependency on target 'React-graphics' in project 'Pods'
        ➜ Explicit dependency on target 'React-hermes' in project 'Pods'
        ➜ Explicit dependency on target 'React-jsitooling' in project 'Pods'
        ➜ Explicit dependency on target 'React-rendererdebug' in project 'Pods'
        ➜ Explicit dependency on target 'React-runtimeexecutor' in project 'Pods'
        ➜ Explicit dependency on target 'React-runtimescheduler' in project 'Pods'
        ➜ Explicit dependency on target 'React-utils' in project 'Pods'
        ➜ Explicit dependency on target 'ReactCommon' in project 'Pods'
        ➜ Explicit dependency on target 'SocketRocket' in project 'Pods'
        ➜ Explicit dependency on target 'boost' in project 'Pods'
        ➜ Explicit dependency on target 'fast_float' in project 'Pods'
        ➜ Explicit dependency on target 'fmt' in project 'Pods'
        ➜ Explicit dependency on target 'glog' in project 'Pods'
        ➜ Explicit dependency on target 'hermes-engine' in project 'Pods'
    Target 'React-defaultsnativemodule' in project 'Pods'
        ➜ Explicit dependency on target 'DoubleConversion' in project 'Pods'
        ➜ Explicit dependency on target 'RCT-Folly' in project 'Pods'
        ➜ Explicit dependency on target 'React-RCTFBReactNativeSpec' in project 'Pods'
        ➜ Explicit dependency on target 'React-domnativemodule' in project 'Pods'
        ➜ Explicit dependency on target 'React-featureflagsnativemodule' in project 'Pods'
        ➜ Explicit dependency on target 'React-idlecallbacksnativemodule' in project 'Pods'
        ➜ Explicit dependency on target 'React-jsi' in project 'Pods'
        ➜ Explicit dependency on target 'React-jsiexecutor' in project 'Pods'
        ➜ Explicit dependency on target 'React-microtasksnativemodule' in project 'Pods'
        ➜ Explicit dependency on target 'React-webperformancenativemodule' in project 'Pods'
        ➜ Explicit dependency on target 'SocketRocket' in project 'Pods'
        ➜ Explicit dependency on target 'boost' in project 'Pods'
        ➜ Explicit dependency on target 'fast_float' in project 'Pods'
        ➜ Explicit dependency on target 'fmt' in project 'Pods'
        ➜ Explicit dependency on target 'glog' in project 'Pods'
        ➜ Explicit dependency on target 'hermes-engine' in project 'Pods'
    Target 'React-webperformancenativemodule' in project 'Pods'
        ➜ Explicit dependency on target 'DoubleConversion' in project 'Pods'
        ➜ Explicit dependency on target 'RCT-Folly' in project 'Pods'
        ➜ Explicit dependency on target 'React-RCTFBReactNativeSpec' in project 'Pods'
        ➜ Explicit dependency on target 'React-jsi' in project 'Pods'
        ➜ Explicit dependency on target 'React-jsiexecutor' in project 'Pods'
        ➜ Explicit dependency on target 'React-performancetimeline' in project 'Pods'
        ➜ Explicit dependency on target 'React-runtimeexecutor' in project 'Pods'
        ➜ Explicit dependency on target 'ReactCommon' in project 'Pods'
        ➜ Explicit dependency on target 'SocketRocket' in project 'Pods'
        ➜ Explicit dependency on target 'boost' in project 'Pods'
        ➜ Explicit dependency on target 'fast_float' in project 'Pods'
        ➜ Explicit dependency on target 'fmt' in project 'Pods'
        ➜ Explicit dependency on target 'glog' in project 'Pods'
        ➜ Explicit dependency on target 'hermes-engine' in project 'Pods'
    Target 'React-microtasksnativemodule' in project 'Pods'
        ➜ Explicit dependency on target 'DoubleConversion' in project 'Pods'
        ➜ Explicit dependency on target 'RCT-Folly' in project 'Pods'
        ➜ Explicit dependency on target 'React-RCTFBReactNativeSpec' in project 'Pods'
        ➜ Explicit dependency on target 'React-jsi' in project 'Pods'
        ➜ Explicit dependency on target 'React-jsiexecutor' in project 'Pods'
        ➜ Explicit dependency on target 'ReactCommon' in project 'Pods'
        ➜ Explicit dependency on target 'SocketRocket' in project 'Pods'
        ➜ Explicit dependency on target 'boost' in project 'Pods'
        ➜ Explicit dependency on target 'fast_float' in project 'Pods'
        ➜ Explicit dependency on target 'fmt' in project 'Pods'
        ➜ Explicit dependency on target 'glog' in project 'Pods'
        ➜ Explicit dependency on target 'hermes-engine' in project 'Pods'
    Target 'React-idlecallbacksnativemodule' in project 'Pods'
        ➜ Explicit dependency on target 'DoubleConversion' in project 'Pods'
        ➜ Explicit dependency on target 'RCT-Folly' in project 'Pods'
        ➜ Explicit dependency on target 'React-RCTFBReactNativeSpec' in project 'Pods'
        ➜ Explicit dependency on target 'React-jsi' in project 'Pods'
        ➜ Explicit dependency on target 'React-jsiexecutor' in project 'Pods'
        ➜ Explicit dependency on target 'React-runtimeexecutor' in project 'Pods'
        ➜ Explicit dependency on target 'React-runtimescheduler' in project 'Pods'
        ➜ Explicit dependency on target 'ReactCommon' in project 'Pods'
        ➜ Explicit dependency on target 'SocketRocket' in project 'Pods'
        ➜ Explicit dependency on target 'boost' in project 'Pods'
        ➜ Explicit dependency on target 'fast_float' in project 'Pods'
        ➜ Explicit dependency on target 'fmt' in project 'Pods'
        ➜ Explicit dependency on target 'glog' in project 'Pods'
        ➜ Explicit dependency on target 'hermes-engine' in project 'Pods'
    Target 'React-featureflagsnativemodule' in project 'Pods'
        ➜ Explicit dependency on target 'DoubleConversion' in project 'Pods'
        ➜ Explicit dependency on target 'RCT-Folly' in project 'Pods'
        ➜ Explicit dependency on target 'React-RCTFBReactNativeSpec' in project 'Pods'
        ➜ Explicit dependency on target 'React-featureflags' in project 'Pods'
        ➜ Explicit dependency on target 'React-jsi' in project 'Pods'
        ➜ Explicit dependency on target 'React-jsiexecutor' in project 'Pods'
        ➜ Explicit dependency on target 'ReactCommon' in project 'Pods'
        ➜ Explicit dependency on target 'SocketRocket' in project 'Pods'
        ➜ Explicit dependency on target 'boost' in project 'Pods'
        ➜ Explicit dependency on target 'fast_float' in project 'Pods'
        ➜ Explicit dependency on target 'fmt' in project 'Pods'
        ➜ Explicit dependency on target 'glog' in project 'Pods'
        ➜ Explicit dependency on target 'hermes-engine' in project 'Pods'
    Target 'React-domnativemodule' in project 'Pods'
        ➜ Explicit dependency on target 'DoubleConversion' in project 'Pods'
        ➜ Explicit dependency on target 'RCT-Folly' in project 'Pods'
        ➜ Explicit dependency on target 'React-Fabric' in project 'Pods'
        ➜ Explicit dependency on target 'React-FabricComponents' in project 'Pods'
        ➜ Explicit dependency on target 'React-RCTFBReactNativeSpec' in project 'Pods'
        ➜ Explicit dependency on target 'React-graphics' in project 'Pods'
        ➜ Explicit dependency on target 'React-jsi' in project 'Pods'
        ➜ Explicit dependency on target 'React-jsiexecutor' in project 'Pods'
        ➜ Explicit dependency on target 'React-runtimeexecutor' in project 'Pods'
        ➜ Explicit dependency on target 'ReactCommon' in project 'Pods'
        ➜ Explicit dependency on target 'SocketRocket' in project 'Pods'
        ➜ Explicit dependency on target 'Yoga' in project 'Pods'
        ➜ Explicit dependency on target 'boost' in project 'Pods'
        ➜ Explicit dependency on target 'fast_float' in project 'Pods'
        ➜ Explicit dependency on target 'fmt' in project 'Pods'
        ➜ Explicit dependency on target 'glog' in project 'Pods'
        ➜ Explicit dependency on target 'hermes-engine' in project 'Pods'
    Target 'React-RCTRuntime' in project 'Pods'
        ➜ Explicit dependency on target 'DoubleConversion' in project 'Pods'
        ➜ Explicit dependency on target 'RCT-Folly' in project 'Pods'
        ➜ Explicit dependency on target 'React-Core' in project 'Pods'
        ➜ Explicit dependency on target 'React-RuntimeApple' in project 'Pods'
        ➜ Explicit dependency on target 'React-RuntimeCore' in project 'Pods'
        ➜ Explicit dependency on target 'React-RuntimeHermes' in project 'Pods'
        ➜ Explicit dependency on target 'React-debug' in project 'Pods'
        ➜ Explicit dependency on target 'React-jsi' in project 'Pods'
        ➜ Explicit dependency on target 'React-jsinspector' in project 'Pods'
        ➜ Explicit dependency on target 'React-jsinspectorcdp' in project 'Pods'
        ➜ Explicit dependency on target 'React-jsinspectortracing' in project 'Pods'
        ➜ Explicit dependency on target 'React-jsitooling' in project 'Pods'
        ➜ Explicit dependency on target 'React-runtimeexecutor' in project 'Pods'
        ➜ Explicit dependency on target 'SocketRocket' in project 'Pods'
        ➜ Explicit dependency on target 'boost' in project 'Pods'
        ➜ Explicit dependency on target 'fast_float' in project 'Pods'
        ➜ Explicit dependency on target 'fmt' in project 'Pods'
        ➜ Explicit dependency on target 'glog' in project 'Pods'
        ➜ Explicit dependency on target 'hermes-engine' in project 'Pods'
    Target 'React-RuntimeApple' in project 'Pods'
        ➜ Explicit dependency on target 'DoubleConversion' in project 'Pods'
        ➜ Explicit dependency on target 'RCT-Folly' in project 'Pods'
        ➜ Explicit dependency on target 'React-Core' in project 'Pods'
        ➜ Explicit dependency on target 'React-CoreModules' in project 'Pods'
        ➜ Explicit dependency on target 'React-Mapbuffer' in project 'Pods'
        ➜ Explicit dependency on target 'React-NativeModulesApple' in project 'Pods'
        ➜ Explicit dependency on target 'React-RCTFBReactNativeSpec' in project 'Pods'
        ➜ Explicit dependency on target 'React-RCTFabric' in project 'Pods'
        ➜ Explicit dependency on target 'React-RuntimeCore' in project 'Pods'
        ➜ Explicit dependency on target 'React-RuntimeHermes' in project 'Pods'
        ➜ Explicit dependency on target 'React-callinvoker' in project 'Pods'
        ➜ Explicit dependency on target 'React-cxxreact' in project 'Pods'
        ➜ Explicit dependency on target 'React-featureflags' in project 'Pods'
        ➜ Explicit dependency on target 'React-jserrorhandler' in project 'Pods'
        ➜ Explicit dependency on target 'React-jsi' in project 'Pods'
        ➜ Explicit dependency on target 'React-jsiexecutor' in project 'Pods'
        ➜ Explicit dependency on target 'React-jsinspector' in project 'Pods'
        ➜ Explicit dependency on target 'React-jsitooling' in project 'Pods'
        ➜ Explicit dependency on target 'React-runtimeexecutor' in project 'Pods'
        ➜ Explicit dependency on target 'React-runtimescheduler' in project 'Pods'
        ➜ Explicit dependency on target 'React-utils' in project 'Pods'
        ➜ Explicit dependency on target 'SocketRocket' in project 'Pods'
        ➜ Explicit dependency on target 'boost' in project 'Pods'
        ➜ Explicit dependency on target 'fast_float' in project 'Pods'
        ➜ Explicit dependency on target 'fmt' in project 'Pods'
        ➜ Explicit dependency on target 'glog' in project 'Pods'
        ➜ Explicit dependency on target 'hermes-engine' in project 'Pods'
    Target 'React-RuntimeHermes' in project 'Pods'
        ➜ Explicit dependency on target 'DoubleConversion' in project 'Pods'
        ➜ Explicit dependency on target 'RCT-Folly' in project 'Pods'
        ➜ Explicit dependency on target 'React-RuntimeCore' in project 'Pods'
        ➜ Explicit dependency on target 'React-featureflags' in project 'Pods'
        ➜ Explicit dependency on target 'React-hermes' in project 'Pods'
        ➜ Explicit dependency on target 'React-jsi' in project 'Pods'
        ➜ Explicit dependency on target 'React-jsinspector' in project 'Pods'
        ➜ Explicit dependency on target 'React-jsinspectorcdp' in project 'Pods'
        ➜ Explicit dependency on target 'React-jsinspectortracing' in project 'Pods'
        ➜ Explicit dependency on target 'React-jsitooling' in project 'Pods'
        ➜ Explicit dependency on target 'React-jsitracing' in project 'Pods'
        ➜ Explicit dependency on target 'React-runtimeexecutor' in project 'Pods'
        ➜ Explicit dependency on target 'React-utils' in project 'Pods'
        ➜ Explicit dependency on target 'SocketRocket' in project 'Pods'
        ➜ Explicit dependency on target 'boost' in project 'Pods'
        ➜ Explicit dependency on target 'fast_float' in project 'Pods'
        ➜ Explicit dependency on target 'fmt' in project 'Pods'
        ➜ Explicit dependency on target 'glog' in project 'Pods'
        ➜ Explicit dependency on target 'hermes-engine' in project 'Pods'
    Target 'React-jsitracing' in project 'Pods'
        ➜ Explicit dependency on target 'React-jsi' in project 'Pods'
    Target 'React-RuntimeCore' in project 'Pods'
        ➜ Explicit dependency on target 'DoubleConversion' in project 'Pods'
        ➜ Explicit dependency on target 'RCT-Folly' in project 'Pods'
        ➜ Explicit dependency on target 'React-Fabric' in project 'Pods'
        ➜ Explicit dependency on target 'React-cxxreact' in project 'Pods'
        ➜ Explicit dependency on target 'React-featureflags' in project 'Pods'
        ➜ Explicit dependency on target 'React-jserrorhandler' in project 'Pods'
        ➜ Explicit dependency on target 'React-jsi' in project 'Pods'
        ➜ Explicit dependency on target 'React-jsiexecutor' in project 'Pods'
        ➜ Explicit dependency on target 'React-jsinspector' in project 'Pods'
        ➜ Explicit dependency on target 'React-jsitooling' in project 'Pods'
        ➜ Explicit dependency on target 'React-performancetimeline' in project 'Pods'
        ➜ Explicit dependency on target 'React-runtimeexecutor' in project 'Pods'
        ➜ Explicit dependency on target 'React-runtimescheduler' in project 'Pods'
        ➜ Explicit dependency on target 'React-utils' in project 'Pods'
        ➜ Explicit dependency on target 'SocketRocket' in project 'Pods'
        ➜ Explicit dependency on target 'boost' in project 'Pods'
        ➜ Explicit dependency on target 'fast_float' in project 'Pods'
        ➜ Explicit dependency on target 'fmt' in project 'Pods'
        ➜ Explicit dependency on target 'glog' in project 'Pods'
        ➜ Explicit dependency on target 'hermes-engine' in project 'Pods'
    Target 'React-jserrorhandler' in project 'Pods'
        ➜ Explicit dependency on target 'DoubleConversion' in project 'Pods'
        ➜ Explicit dependency on target 'RCT-Folly' in project 'Pods'
        ➜ Explicit dependency on target 'React-cxxreact' in project 'Pods'
        ➜ Explicit dependency on target 'React-debug' in project 'Pods'
        ➜ Explicit dependency on target 'React-featureflags' in project 'Pods'
        ➜ Explicit dependency on target 'React-jsi' in project 'Pods'
        ➜ Explicit dependency on target 'ReactCommon' in project 'Pods'
        ➜ Explicit dependency on target 'SocketRocket' in project 'Pods'
        ➜ Explicit dependency on target 'boost' in project 'Pods'
        ➜ Explicit dependency on target 'fast_float' in project 'Pods'
        ➜ Explicit dependency on target 'fmt' in project 'Pods'
        ➜ Explicit dependency on target 'glog' in project 'Pods'
        ➜ Explicit dependency on target 'hermes-engine' in project 'Pods'
    Target 'React-Mapbuffer' in project 'Pods'
        ➜ Explicit dependency on target 'DoubleConversion' in project 'Pods'
        ➜ Explicit dependency on target 'RCT-Folly' in project 'Pods'
        ➜ Explicit dependency on target 'React-debug' in project 'Pods'
        ➜ Explicit dependency on target 'SocketRocket' in project 'Pods'
        ➜ Explicit dependency on target 'boost' in project 'Pods'
        ➜ Explicit dependency on target 'fast_float' in project 'Pods'
        ➜ Explicit dependency on target 'fmt' in project 'Pods'
        ➜ Explicit dependency on target 'glog' in project 'Pods'
    Target 'React-CoreModules' in project 'Pods'
        ➜ Explicit dependency on target 'DoubleConversion' in project 'Pods'
        ➜ Explicit dependency on target 'RCT-Folly' in project 'Pods'
        ➜ Explicit dependency on target 'RCTTypeSafety' in project 'Pods'
        ➜ Explicit dependency on target 'React-Core' in project 'Pods'
        ➜ Explicit dependency on target 'React-NativeModulesApple' in project 'Pods'
        ➜ Explicit dependency on target 'React-RCTBlob' in project 'Pods'
        ➜ Explicit dependency on target 'React-RCTFBReactNativeSpec' in project 'Pods'
        ➜ Explicit dependency on target 'React-RCTImage' in project 'Pods'
        ➜ Explicit dependency on target 'React-debug' in project 'Pods'
        ➜ Explicit dependency on target 'React-jsi' in project 'Pods'
        ➜ Explicit dependency on target 'React-jsinspector' in project 'Pods'
        ➜ Explicit dependency on target 'React-jsinspectorcdp' in project 'Pods'
        ➜ Explicit dependency on target 'React-jsinspectortracing' in project 'Pods'
        ➜ Explicit dependency on target 'React-runtimeexecutor' in project 'Pods'
        ➜ Explicit dependency on target 'ReactCommon' in project 'Pods'
        ➜ Explicit dependency on target 'SocketRocket' in project 'Pods'
        ➜ Explicit dependency on target 'boost' in project 'Pods'
        ➜ Explicit dependency on target 'fast_float' in project 'Pods'
        ➜ Explicit dependency on target 'fmt' in project 'Pods'
        ➜ Explicit dependency on target 'glog' in project 'Pods'
    Target 'React-RCTBlob' in project 'Pods'
        ➜ Explicit dependency on target 'DoubleConversion' in project 'Pods'
        ➜ Explicit dependency on target 'RCT-Folly' in project 'Pods'
        ➜ Explicit dependency on target 'React-Core' in project 'Pods'
        ➜ Explicit dependency on target 'React-NativeModulesApple' in project 'Pods'
        ➜ Explicit dependency on target 'React-RCTFBReactNativeSpec' in project 'Pods'
        ➜ Explicit dependency on target 'React-RCTNetwork' in project 'Pods'
        ➜ Explicit dependency on target 'React-jsi' in project 'Pods'
        ➜ Explicit dependency on target 'React-jsinspector' in project 'Pods'
        ➜ Explicit dependency on target 'React-jsinspectorcdp' in project 'Pods'
        ➜ Explicit dependency on target 'ReactCommon' in project 'Pods'
        ➜ Explicit dependency on target 'SocketRocket' in project 'Pods'
        ➜ Explicit dependency on target 'boost' in project 'Pods'
        ➜ Explicit dependency on target 'fast_float' in project 'Pods'
        ➜ Explicit dependency on target 'fmt' in project 'Pods'
        ➜ Explicit dependency on target 'glog' in project 'Pods'
        ➜ Explicit dependency on target 'hermes-engine' in project 'Pods'
    Target 'React-RCTFabric' in project 'Pods'
        ➜ Explicit dependency on target 'DoubleConversion' in project 'Pods'
        ➜ Explicit dependency on target 'RCT-Folly' in project 'Pods'
        ➜ Explicit dependency on target 'React-Core' in project 'Pods'
        ➜ Explicit dependency on target 'React-Fabric' in project 'Pods'
        ➜ Explicit dependency on target 'React-FabricComponents' in project 'Pods'
        ➜ Explicit dependency on target 'React-FabricImage' in project 'Pods'
        ➜ Explicit dependency on target 'React-ImageManager' in project 'Pods'
        ➜ Explicit dependency on target 'React-RCTAnimation' in project 'Pods'
        ➜ Explicit dependency on target 'React-RCTFBReactNativeSpec' in project 'Pods'
        ➜ Explicit dependency on target 'React-RCTImage' in project 'Pods'
        ➜ Explicit dependency on target 'React-RCTText' in project 'Pods'
        ➜ Explicit dependency on target 'React-debug' in project 'Pods'
        ➜ Explicit dependency on target 'React-featureflags' in project 'Pods'
        ➜ Explicit dependency on target 'React-graphics' in project 'Pods'
        ➜ Explicit dependency on target 'React-jsi' in project 'Pods'
        ➜ Explicit dependency on target 'React-jsinspector' in project 'Pods'
        ➜ Explicit dependency on target 'React-jsinspectorcdp' in project 'Pods'
        ➜ Explicit dependency on target 'React-jsinspectornetwork' in project 'Pods'
        ➜ Explicit dependency on target 'React-jsinspectortracing' in project 'Pods'
        ➜ Explicit dependency on target 'React-performancecdpmetrics' in project 'Pods'
        ➜ Explicit dependency on target 'React-performancetimeline' in project 'Pods'
        ➜ Explicit dependency on target 'React-rendererconsistency' in project 'Pods'
        ➜ Explicit dependency on target 'React-renderercss' in project 'Pods'
        ➜ Explicit dependency on target 'React-rendererdebug' in project 'Pods'
        ➜ Explicit dependency on target 'React-runtimeexecutor' in project 'Pods'
        ➜ Explicit dependency on target 'React-runtimescheduler' in project 'Pods'
        ➜ Explicit dependency on target 'React-utils' in project 'Pods'
        ➜ Explicit dependency on target 'SocketRocket' in project 'Pods'
        ➜ Explicit dependency on target 'Yoga' in project 'Pods'
        ➜ Explicit dependency on target 'boost' in project 'Pods'
        ➜ Explicit dependency on target 'fast_float' in project 'Pods'
        ➜ Explicit dependency on target 'fmt' in project 'Pods'
        ➜ Explicit dependency on target 'glog' in project 'Pods'
        ➜ Explicit dependency on target 'hermes-engine' in project 'Pods'
    Target 'React-RCTText' in project 'Pods'
        ➜ Explicit dependency on target 'React-Core' in project 'Pods'
        ➜ Explicit dependency on target 'Yoga' in project 'Pods'
    Target 'React-RCTImage' in project 'Pods'
        ➜ Explicit dependency on target 'DoubleConversion' in project 'Pods'
        ➜ Explicit dependency on target 'RCT-Folly' in project 'Pods'
        ➜ Explicit dependency on target 'RCTTypeSafety' in project 'Pods'
        ➜ Explicit dependency on target 'React-Core' in project 'Pods'
        ➜ Explicit dependency on target 'React-NativeModulesApple' in project 'Pods'
        ➜ Explicit dependency on target 'React-RCTFBReactNativeSpec' in project 'Pods'
        ➜ Explicit dependency on target 'React-RCTNetwork' in project 'Pods'
        ➜ Explicit dependency on target 'React-jsi' in project 'Pods'
        ➜ Explicit dependency on target 'ReactCommon' in project 'Pods'
        ➜ Explicit dependency on target 'SocketRocket' in project 'Pods'
        ➜ Explicit dependency on target 'boost' in project 'Pods'
        ➜ Explicit dependency on target 'fast_float' in project 'Pods'
        ➜ Explicit dependency on target 'fmt' in project 'Pods'
        ➜ Explicit dependency on target 'glog' in project 'Pods'
    Target 'React-RCTNetwork' in project 'Pods'
        ➜ Explicit dependency on target 'DoubleConversion' in project 'Pods'
        ➜ Explicit dependency on target 'RCT-Folly' in project 'Pods'
        ➜ Explicit dependency on target 'RCTTypeSafety' in project 'Pods'
        ➜ Explicit dependency on target 'React-Core' in project 'Pods'
        ➜ Explicit dependency on target 'React-NativeModulesApple' in project 'Pods'
        ➜ Explicit dependency on target 'React-RCTFBReactNativeSpec' in project 'Pods'
        ➜ Explicit dependency on target 'React-debug' in project 'Pods'
        ➜ Explicit dependency on target 'React-featureflags' in project 'Pods'
        ➜ Explicit dependency on target 'React-jsi' in project 'Pods'
        ➜ Explicit dependency on target 'React-jsinspectorcdp' in project 'Pods'
        ➜ Explicit dependency on target 'React-jsinspectornetwork' in project 'Pods'
        ➜ Explicit dependency on target 'ReactCommon' in project 'Pods'
        ➜ Explicit dependency on target 'SocketRocket' in project 'Pods'
        ➜ Explicit dependency on target 'boost' in project 'Pods'
        ➜ Explicit dependency on target 'fast_float' in project 'Pods'
        ➜ Explicit dependency on target 'fmt' in project 'Pods'
        ➜ Explicit dependency on target 'glog' in project 'Pods'
    Target 'React-RCTAnimation' in project 'Pods'
        ➜ Explicit dependency on target 'DoubleConversion' in project 'Pods'
        ➜ Explicit dependency on target 'RCT-Folly' in project 'Pods'
        ➜ Explicit dependency on target 'RCTTypeSafety' in project 'Pods'
        ➜ Explicit dependency on target 'React-Core' in project 'Pods'
        ➜ Explicit dependency on target 'React-NativeModulesApple' in project 'Pods'
        ➜ Explicit dependency on target 'React-RCTFBReactNativeSpec' in project 'Pods'
        ➜ Explicit dependency on target 'React-featureflags' in project 'Pods'
        ➜ Explicit dependency on target 'React-jsi' in project 'Pods'
        ➜ Explicit dependency on target 'ReactCommon' in project 'Pods'
        ➜ Explicit dependency on target 'SocketRocket' in project 'Pods'
        ➜ Explicit dependency on target 'boost' in project 'Pods'
        ➜ Explicit dependency on target 'fast_float' in project 'Pods'
        ➜ Explicit dependency on target 'fmt' in project 'Pods'
        ➜ Explicit dependency on target 'glog' in project 'Pods'
    Target 'React-FabricImage' in project 'Pods'
        ➜ Explicit dependency on target 'DoubleConversion' in project 'Pods'
        ➜ Explicit dependency on target 'RCT-Folly' in project 'Pods'
        ➜ Explicit dependency on target 'RCTRequired' in project 'Pods'
        ➜ Explicit dependency on target 'RCTTypeSafety' in project 'Pods'
        ➜ Explicit dependency on target 'React-Fabric' in project 'Pods'
        ➜ Explicit dependency on target 'React-ImageManager' in project 'Pods'
        ➜ Explicit dependency on target 'React-featureflags' in project 'Pods'
        ➜ Explicit dependency on target 'React-graphics' in project 'Pods'
        ➜ Explicit dependency on target 'React-jsi' in project 'Pods'
        ➜ Explicit dependency on target 'React-jsiexecutor' in project 'Pods'
        ➜ Explicit dependency on target 'React-logger' in project 'Pods'
        ➜ Explicit dependency on target 'React-rendererdebug' in project 'Pods'
        ➜ Explicit dependency on target 'React-utils' in project 'Pods'
        ➜ Explicit dependency on target 'ReactCommon' in project 'Pods'
        ➜ Explicit dependency on target 'SocketRocket' in project 'Pods'
        ➜ Explicit dependency on target 'Yoga' in project 'Pods'
        ➜ Explicit dependency on target 'boost' in project 'Pods'
        ➜ Explicit dependency on target 'fast_float' in project 'Pods'
        ➜ Explicit dependency on target 'fmt' in project 'Pods'
        ➜ Explicit dependency on target 'glog' in project 'Pods'
        ➜ Explicit dependency on target 'hermes-engine' in project 'Pods'
    Target 'React-FabricComponents' in project 'Pods'
        ➜ Explicit dependency on target 'DoubleConversion' in project 'Pods'
        ➜ Explicit dependency on target 'RCT-Folly' in project 'Pods'
        ➜ Explicit dependency on target 'RCTRequired' in project 'Pods'
        ➜ Explicit dependency on target 'RCTTypeSafety' in project 'Pods'
        ➜ Explicit dependency on target 'React-Core' in project 'Pods'
        ➜ Explicit dependency on target 'React-Fabric' in project 'Pods'
        ➜ Explicit dependency on target 'React-RCTFBReactNativeSpec' in project 'Pods'
        ➜ Explicit dependency on target 'React-cxxreact' in project 'Pods'
        ➜ Explicit dependency on target 'React-debug' in project 'Pods'
        ➜ Explicit dependency on target 'React-featureflags' in project 'Pods'
        ➜ Explicit dependency on target 'React-graphics' in project 'Pods'
        ➜ Explicit dependency on target 'React-jsi' in project 'Pods'
        ➜ Explicit dependency on target 'React-jsiexecutor' in project 'Pods'
        ➜ Explicit dependency on target 'React-logger' in project 'Pods'
        ➜ Explicit dependency on target 'React-rendererdebug' in project 'Pods'
        ➜ Explicit dependency on target 'React-runtimescheduler' in project 'Pods'
        ➜ Explicit dependency on target 'React-utils' in project 'Pods'
        ➜ Explicit dependency on target 'ReactCommon' in project 'Pods'
        ➜ Explicit dependency on target 'SocketRocket' in project 'Pods'
        ➜ Explicit dependency on target 'Yoga' in project 'Pods'
        ➜ Explicit dependency on target 'boost' in project 'Pods'
        ➜ Explicit dependency on target 'fast_float' in project 'Pods'
        ➜ Explicit dependency on target 'fmt' in project 'Pods'
        ➜ Explicit dependency on target 'glog' in project 'Pods'
        ➜ Explicit dependency on target 'hermes-engine' in project 'Pods'
    Target 'React-RCTFBReactNativeSpec' in project 'Pods'
        ➜ Explicit dependency on target 'DoubleConversion' in project 'Pods'
        ➜ Explicit dependency on target 'RCT-Folly' in project 'Pods'
        ➜ Explicit dependency on target 'RCTRequired' in project 'Pods'
        ➜ Explicit dependency on target 'RCTTypeSafety' in project 'Pods'
        ➜ Explicit dependency on target 'React-Core' in project 'Pods'
        ➜ Explicit dependency on target 'React-Fabric' in project 'Pods'
        ➜ Explicit dependency on target 'React-NativeModulesApple' in project 'Pods'
        ➜ Explicit dependency on target 'React-debug' in project 'Pods'
        ➜ Explicit dependency on target 'React-featureflags' in project 'Pods'
        ➜ Explicit dependency on target 'React-graphics' in project 'Pods'
        ➜ Explicit dependency on target 'React-jsi' in project 'Pods'
        ➜ Explicit dependency on target 'React-rendererdebug' in project 'Pods'
        ➜ Explicit dependency on target 'React-utils' in project 'Pods'
        ➜ Explicit dependency on target 'ReactCommon' in project 'Pods'
        ➜ Explicit dependency on target 'SocketRocket' in project 'Pods'
        ➜ Explicit dependency on target 'Yoga' in project 'Pods'
        ➜ Explicit dependency on target 'boost' in project 'Pods'
        ➜ Explicit dependency on target 'fast_float' in project 'Pods'
        ➜ Explicit dependency on target 'fmt' in project 'Pods'
        ➜ Explicit dependency on target 'glog' in project 'Pods'
        ➜ Explicit dependency on target 'hermes-engine' in project 'Pods'
    Target 'React-NativeModulesApple' in project 'Pods'
        ➜ Explicit dependency on target 'DoubleConversion' in project 'Pods'
        ➜ Explicit dependency on target 'RCT-Folly' in project 'Pods'
        ➜ Explicit dependency on target 'React-Core' in project 'Pods'
        ➜ Explicit dependency on target 'React-callinvoker' in project 'Pods'
        ➜ Explicit dependency on target 'React-cxxreact' in project 'Pods'
        ➜ Explicit dependency on target 'React-debug' in project 'Pods'
        ➜ Explicit dependency on target 'React-featureflags' in project 'Pods'
        ➜ Explicit dependency on target 'React-jsi' in project 'Pods'
        ➜ Explicit dependency on target 'React-jsinspector' in project 'Pods'
        ➜ Explicit dependency on target 'React-jsinspectorcdp' in project 'Pods'
        ➜ Explicit dependency on target 'React-runtimeexecutor' in project 'Pods'
        ➜ Explicit dependency on target 'ReactCommon' in project 'Pods'
        ➜ Explicit dependency on target 'SocketRocket' in project 'Pods'
        ➜ Explicit dependency on target 'boost' in project 'Pods'
        ➜ Explicit dependency on target 'fast_float' in project 'Pods'
        ➜ Explicit dependency on target 'fmt' in project 'Pods'
        ➜ Explicit dependency on target 'glog' in project 'Pods'
        ➜ Explicit dependency on target 'hermes-engine' in project 'Pods'
    Target 'React-ImageManager' in project 'Pods'
        ➜ Explicit dependency on target 'DoubleConversion' in project 'Pods'
        ➜ Explicit dependency on target 'RCT-Folly' in project 'Pods'
        ➜ Explicit dependency on target 'React-Core' in project 'Pods'
        ➜ Explicit dependency on target 'React-Fabric' in project 'Pods'
        ➜ Explicit dependency on target 'React-debug' in project 'Pods'
        ➜ Explicit dependency on target 'React-graphics' in project 'Pods'
        ➜ Explicit dependency on target 'React-rendererdebug' in project 'Pods'
        ➜ Explicit dependency on target 'React-utils' in project 'Pods'
        ➜ Explicit dependency on target 'SocketRocket' in project 'Pods'
        ➜ Explicit dependency on target 'boost' in project 'Pods'
        ➜ Explicit dependency on target 'fast_float' in project 'Pods'
        ➜ Explicit dependency on target 'fmt' in project 'Pods'
        ➜ Explicit dependency on target 'glog' in project 'Pods'
    Target 'React-Fabric' in project 'Pods'
        ➜ Explicit dependency on target 'DoubleConversion' in project 'Pods'
        ➜ Explicit dependency on target 'RCT-Folly' in project 'Pods'
        ➜ Explicit dependency on target 'RCTRequired' in project 'Pods'
        ➜ Explicit dependency on target 'RCTTypeSafety' in project 'Pods'
        ➜ Explicit dependency on target 'React-Core' in project 'Pods'
        ➜ Explicit dependency on target 'React-cxxreact' in project 'Pods'
        ➜ Explicit dependency on target 'React-debug' in project 'Pods'
        ➜ Explicit dependency on target 'React-featureflags' in project 'Pods'
        ➜ Explicit dependency on target 'React-graphics' in project 'Pods'
        ➜ Explicit dependency on target 'React-jsi' in project 'Pods'
        ➜ Explicit dependency on target 'React-jsiexecutor' in project 'Pods'
        ➜ Explicit dependency on target 'React-logger' in project 'Pods'
        ➜ Explicit dependency on target 'React-performancecdpmetrics' in project 'Pods'
        ➜ Explicit dependency on target 'React-performancetimeline' in project 'Pods'
        ➜ Explicit dependency on target 'React-rendererconsistency' in project 'Pods'
        ➜ Explicit dependency on target 'React-renderercss' in project 'Pods'
        ➜ Explicit dependency on target 'React-rendererdebug' in project 'Pods'
        ➜ Explicit dependency on target 'React-runtimeexecutor' in project 'Pods'
        ➜ Explicit dependency on target 'React-runtimescheduler' in project 'Pods'
        ➜ Explicit dependency on target 'React-utils' in project 'Pods'
        ➜ Explicit dependency on target 'ReactCommon' in project 'Pods'
        ➜ Explicit dependency on target 'SocketRocket' in project 'Pods'
        ➜ Explicit dependency on target 'Yoga' in project 'Pods'
        ➜ Explicit dependency on target 'boost' in project 'Pods'
        ➜ Explicit dependency on target 'fast_float' in project 'Pods'
        ➜ Explicit dependency on target 'fmt' in project 'Pods'
        ➜ Explicit dependency on target 'glog' in project 'Pods'
        ➜ Explicit dependency on target 'hermes-engine' in project 'Pods'
    Target 'ReactCommon' in project 'Pods'
        ➜ Explicit dependency on target 'DoubleConversion' in project 'Pods'
        ➜ Explicit dependency on target 'RCT-Folly' in project 'Pods'
        ➜ Explicit dependency on target 'React-callinvoker' in project 'Pods'
        ➜ Explicit dependency on target 'React-cxxreact' in project 'Pods'
        ➜ Explicit dependency on target 'React-debug' in project 'Pods'
        ➜ Explicit dependency on target 'React-featureflags' in project 'Pods'
        ➜ Explicit dependency on target 'React-jsi' in project 'Pods'
        ➜ Explicit dependency on target 'React-logger' in project 'Pods'
        ➜ Explicit dependency on target 'React-perflogger' in project 'Pods'
        ➜ Explicit dependency on target 'React-utils' in project 'Pods'
        ➜ Explicit dependency on target 'SocketRocket' in project 'Pods'
        ➜ Explicit dependency on target 'boost' in project 'Pods'
        ➜ Explicit dependency on target 'fast_float' in project 'Pods'
        ➜ Explicit dependency on target 'fmt' in project 'Pods'
        ➜ Explicit dependency on target 'glog' in project 'Pods'
        ➜ Explicit dependency on target 'hermes-engine' in project 'Pods'
    Target 'React-renderercss' in project 'Pods'
        ➜ Explicit dependency on target 'React-debug' in project 'Pods'
        ➜ Explicit dependency on target 'React-utils' in project 'Pods'
    Target 'React-performancecdpmetrics' in project 'Pods'
        ➜ Explicit dependency on target 'DoubleConversion' in project 'Pods'
        ➜ Explicit dependency on target 'RCT-Folly' in project 'Pods'
        ➜ Explicit dependency on target 'React-jsi' in project 'Pods'
        ➜ Explicit dependency on target 'React-performancetimeline' in project 'Pods'
        ➜ Explicit dependency on target 'React-runtimeexecutor' in project 'Pods'
        ➜ Explicit dependency on target 'React-timing' in project 'Pods'
        ➜ Explicit dependency on target 'SocketRocket' in project 'Pods'
        ➜ Explicit dependency on target 'boost' in project 'Pods'
        ➜ Explicit dependency on target 'fast_float' in project 'Pods'
        ➜ Explicit dependency on target 'fmt' in project 'Pods'
        ➜ Explicit dependency on target 'glog' in project 'Pods'
        ➜ Explicit dependency on target 'hermes-engine' in project 'Pods'
    Target 'React-graphics' in project 'Pods'
        ➜ Explicit dependency on target 'DoubleConversion' in project 'Pods'
        ➜ Explicit dependency on target 'RCT-Folly' in project 'Pods'
        ➜ Explicit dependency on target 'React-jsi' in project 'Pods'
        ➜ Explicit dependency on target 'React-jsiexecutor' in project 'Pods'
        ➜ Explicit dependency on target 'React-utils' in project 'Pods'
        ➜ Explicit dependency on target 'SocketRocket' in project 'Pods'
        ➜ Explicit dependency on target 'boost' in project 'Pods'
        ➜ Explicit dependency on target 'fast_float' in project 'Pods'
        ➜ Explicit dependency on target 'fmt' in project 'Pods'
        ➜ Explicit dependency on target 'glog' in project 'Pods'
        ➜ Explicit dependency on target 'hermes-engine' in project 'Pods'
    Target 'RCTTypeSafety' in project 'Pods'
        ➜ Explicit dependency on target 'FBLazyVector' in project 'Pods'
        ➜ Explicit dependency on target 'RCTRequired' in project 'Pods'
        ➜ Explicit dependency on target 'React-Core' in project 'Pods'
    Target 'RCTRequired' in project 'Pods' (no dependencies)
    Target 'Firebase' in project 'Pods'
        ➜ Explicit dependency on target 'FirebaseCore' in project 'Pods'
        ➜ Explicit dependency on target 'FirebaseFirestore' in project 'Pods'
    Target 'FirebaseFirestore' in project 'Pods'
        ➜ Explicit dependency on target 'FirebaseCore' in project 'Pods'
        ➜ Explicit dependency on target 'FirebaseCoreExtension' in project 'Pods'
        ➜ Explicit dependency on target 'FirebaseFirestore-FirebaseFirestore_Privacy' in project 'Pods'
        ➜ Explicit dependency on target 'FirebaseFirestoreInternal' in project 'Pods'
        ➜ Explicit dependency on target 'FirebaseSharedSwift' in project 'Pods'
    Target 'FirebaseSharedSwift' in project 'Pods' (no dependencies)
    Target 'FirebaseFirestoreInternal' in project 'Pods'
        ➜ Explicit dependency on target 'FirebaseAppCheckInterop' in project 'Pods'
        ➜ Explicit dependency on target 'FirebaseCore' in project 'Pods'
        ➜ Explicit dependency on target 'FirebaseFirestoreInternal-FirebaseFirestoreInternal_Privacy' in project 'Pods'
        ➜ Explicit dependency on target 'abseil' in project 'Pods'
        ➜ Explicit dependency on target 'gRPC-C++' in project 'Pods'
        ➜ Explicit dependency on target 'gRPC-Core' in project 'Pods'
        ➜ Explicit dependency on target 'leveldb-library' in project 'Pods'
        ➜ Explicit dependency on target 'nanopb' in project 'Pods'
    Target 'nanopb' in project 'Pods' (no dependencies)
    Target 'leveldb-library' in project 'Pods'
        ➜ Explicit dependency on target 'leveldb-library-leveldb_Privacy' in project 'Pods'
    Target 'leveldb-library-leveldb_Privacy' in project 'Pods' (no dependencies)
    Target 'gRPC-C++' in project 'Pods'
        ➜ Explicit dependency on target 'abseil' in project 'Pods'
        ➜ Explicit dependency on target 'gRPC-C++-gRPCCertificates-Cpp' in project 'Pods'
        ➜ Explicit dependency on target 'gRPC-C++-grpcpp' in project 'Pods'
        ➜ Explicit dependency on target 'gRPC-Core' in project 'Pods'
    Target 'gRPC-Core' in project 'Pods'
        ➜ Explicit dependency on target 'BoringSSL-GRPC' in project 'Pods'
        ➜ Explicit dependency on target 'abseil' in project 'Pods'
        ➜ Explicit dependency on target 'gRPC-Core-grpc' in project 'Pods'
    Target 'gRPC-Core-grpc' in project 'Pods' (no dependencies)
    Target 'gRPC-C++-grpcpp' in project 'Pods' (no dependencies)
    Target 'gRPC-C++-gRPCCertificates-Cpp' in project 'Pods' (no dependencies)
    Target 'abseil' in project 'Pods'
        ➜ Explicit dependency on target 'abseil-xcprivacy' in project 'Pods'
    Target 'abseil-xcprivacy' in project 'Pods' (no dependencies)
    Target 'FirebaseFirestoreInternal-FirebaseFirestoreInternal_Privacy' in project 'Pods' (no dependencies)
    Target 'FirebaseAppCheckInterop' in project 'Pods' (no dependencies)
    Target 'FirebaseFirestore-FirebaseFirestore_Privacy' in project 'Pods' (no dependencies)
    Target 'FirebaseCoreExtension' in project 'Pods'
        ➜ Explicit dependency on target 'FirebaseCore' in project 'Pods'
        ➜ Explicit dependency on target 'FirebaseCoreExtension-FirebaseCoreExtension_Privacy' in project 'Pods'
    Target 'FirebaseCoreExtension-FirebaseCoreExtension_Privacy' in project 'Pods' (no dependencies)
    Target 'FirebaseCore' in project 'Pods'
        ➜ Explicit dependency on target 'FirebaseCore-FirebaseCore_Privacy' in project 'Pods'
        ➜ Explicit dependency on target 'FirebaseCoreInternal' in project 'Pods'
        ➜ Explicit dependency on target 'GoogleUtilities' in project 'Pods'
    Target 'FirebaseCoreInternal' in project 'Pods'
        ➜ Explicit dependency on target 'FirebaseCoreInternal-FirebaseCoreInternal_Privacy' in project 'Pods'
        ➜ Explicit dependency on target 'GoogleUtilities' in project 'Pods'
    Target 'GoogleUtilities' in project 'Pods'
        ➜ Explicit dependency on target 'GoogleUtilities-GoogleUtilities_Privacy' in project 'Pods'
        ➜ Explicit dependency on target 'PromisesObjC' in project 'Pods'
    Target 'PromisesObjC' in project 'Pods'
        ➜ Explicit dependency on target 'PromisesObjC-FBLPromises_Privacy' in project 'Pods'
    Target 'PromisesObjC-FBLPromises_Privacy' in project 'Pods' (no dependencies)
    Target 'GoogleUtilities-GoogleUtilities_Privacy' in project 'Pods' (no dependencies)
    Target 'FirebaseCoreInternal-FirebaseCoreInternal_Privacy' in project 'Pods' (no dependencies)
    Target 'FirebaseCore-FirebaseCore_Privacy' in project 'Pods' (no dependencies)
    Target 'FBLazyVector' in project 'Pods' (no dependencies)
    Target 'BoringSSL-GRPC' in project 'Pods'
        ➜ Explicit dependency on target 'BoringSSL-GRPC-openssl_grpc' in project 'Pods'
    Target 'BoringSSL-GRPC-openssl_grpc' in project 'Pods' (no dependencies)
    Target 'BVLinearGradient' in project 'Pods'
        ➜ Explicit dependency on target 'React-Core' in project 'Pods'
    Target 'React-Core' in project 'Pods'
        ➜ Explicit dependency on target 'DoubleConversion' in project 'Pods'
        ➜ Explicit dependency on target 'RCT-Folly' in project 'Pods'
        ➜ Explicit dependency on target 'RCTDeprecation' in project 'Pods'
        ➜ Explicit dependency on target 'React-Core-React-Core_privacy' in project 'Pods'
        ➜ Explicit dependency on target 'React-cxxreact' in project 'Pods'
        ➜ Explicit dependency on target 'React-featureflags' in project 'Pods'
        ➜ Explicit dependency on target 'React-hermes' in project 'Pods'
        ➜ Explicit dependency on target 'React-jsi' in project 'Pods'
        ➜ Explicit dependency on target 'React-jsiexecutor' in project 'Pods'
        ➜ Explicit dependency on target 'React-jsinspector' in project 'Pods'
        ➜ Explicit dependency on target 'React-jsinspectorcdp' in project 'Pods'
        ➜ Explicit dependency on target 'React-jsitooling' in project 'Pods'
        ➜ Explicit dependency on target 'React-perflogger' in project 'Pods'
        ➜ Explicit dependency on target 'React-runtimeexecutor' in project 'Pods'
        ➜ Explicit dependency on target 'React-runtimescheduler' in project 'Pods'
        ➜ Explicit dependency on target 'React-utils' in project 'Pods'
        ➜ Explicit dependency on target 'SocketRocket' in project 'Pods'
        ➜ Explicit dependency on target 'Yoga' in project 'Pods'
        ➜ Explicit dependency on target 'boost' in project 'Pods'
        ➜ Explicit dependency on target 'fast_float' in project 'Pods'
        ➜ Explicit dependency on target 'fmt' in project 'Pods'
        ➜ Explicit dependency on target 'glog' in project 'Pods'
        ➜ Explicit dependency on target 'hermes-engine' in project 'Pods'
    Target 'Yoga' in project 'Pods' (no dependencies)
    Target 'React-runtimescheduler' in project 'Pods'
        ➜ Explicit dependency on target 'DoubleConversion' in project 'Pods'
        ➜ Explicit dependency on target 'RCT-Folly' in project 'Pods'
        ➜ Explicit dependency on target 'React-callinvoker' in project 'Pods'
        ➜ Explicit dependency on target 'React-cxxreact' in project 'Pods'
        ➜ Explicit dependency on target 'React-debug' in project 'Pods'
        ➜ Explicit dependency on target 'React-featureflags' in project 'Pods'
        ➜ Explicit dependency on target 'React-jsi' in project 'Pods'
        ➜ Explicit dependency on target 'React-jsinspectortracing' in project 'Pods'
        ➜ Explicit dependency on target 'React-performancetimeline' in project 'Pods'
        ➜ Explicit dependency on target 'React-rendererconsistency' in project 'Pods'
        ➜ Explicit dependency on target 'React-rendererdebug' in project 'Pods'
        ➜ Explicit dependency on target 'React-runtimeexecutor' in project 'Pods'
        ➜ Explicit dependency on target 'React-timing' in project 'Pods'
        ➜ Explicit dependency on target 'React-utils' in project 'Pods'
        ➜ Explicit dependency on target 'SocketRocket' in project 'Pods'
        ➜ Explicit dependency on target 'boost' in project 'Pods'
        ➜ Explicit dependency on target 'fast_float' in project 'Pods'
        ➜ Explicit dependency on target 'fmt' in project 'Pods'
        ➜ Explicit dependency on target 'glog' in project 'Pods'
        ➜ Explicit dependency on target 'hermes-engine' in project 'Pods'
    Target 'React-rendererdebug' in project 'Pods'
        ➜ Explicit dependency on target 'DoubleConversion' in project 'Pods'
        ➜ Explicit dependency on target 'RCT-Folly' in project 'Pods'
        ➜ Explicit dependency on target 'React-debug' in project 'Pods'
        ➜ Explicit dependency on target 'SocketRocket' in project 'Pods'
        ➜ Explicit dependency on target 'boost' in project 'Pods'
        ➜ Explicit dependency on target 'fast_float' in project 'Pods'
        ➜ Explicit dependency on target 'fmt' in project 'Pods'
        ➜ Explicit dependency on target 'glog' in project 'Pods'
    Target 'React-rendererconsistency' in project 'Pods' (no dependencies)
    Target 'React-jsitooling' in project 'Pods'
        ➜ Explicit dependency on target 'DoubleConversion' in project 'Pods'
        ➜ Explicit dependency on target 'RCT-Folly' in project 'Pods'
        ➜ Explicit dependency on target 'React-cxxreact' in project 'Pods'
        ➜ Explicit dependency on target 'React-debug' in project 'Pods'
        ➜ Explicit dependency on target 'React-jsi' in project 'Pods'
        ➜ Explicit dependency on target 'React-jsinspector' in project 'Pods'
        ➜ Explicit dependency on target 'React-jsinspectorcdp' in project 'Pods'
        ➜ Explicit dependency on target 'React-jsinspectortracing' in project 'Pods'
        ➜ Explicit dependency on target 'React-runtimeexecutor' in project 'Pods'
        ➜ Explicit dependency on target 'SocketRocket' in project 'Pods'
        ➜ Explicit dependency on target 'boost' in project 'Pods'
        ➜ Explicit dependency on target 'fast_float' in project 'Pods'
        ➜ Explicit dependency on target 'fmt' in project 'Pods'
        ➜ Explicit dependency on target 'glog' in project 'Pods'
    Target 'React-hermes' in project 'Pods'
        ➜ Explicit dependency on target 'DoubleConversion' in project 'Pods'
        ➜ Explicit dependency on target 'RCT-Folly' in project 'Pods'
        ➜ Explicit dependency on target 'React-cxxreact' in project 'Pods'
        ➜ Explicit dependency on target 'React-jsi' in project 'Pods'
        ➜ Explicit dependency on target 'React-jsiexecutor' in project 'Pods'
        ➜ Explicit dependency on target 'React-jsinspector' in project 'Pods'
        ➜ Explicit dependency on target 'React-jsinspectorcdp' in project 'Pods'
        ➜ Explicit dependency on target 'React-jsinspectortracing' in project 'Pods'
        ➜ Explicit dependency on target 'React-oscompat' in project 'Pods'
        ➜ Explicit dependency on target 'React-perflogger' in project 'Pods'
        ➜ Explicit dependency on target 'React-runtimeexecutor' in project 'Pods'
        ➜ Explicit dependency on target 'SocketRocket' in project 'Pods'
        ➜ Explicit dependency on target 'boost' in project 'Pods'
        ➜ Explicit dependency on target 'fast_float' in project 'Pods'
        ➜ Explicit dependency on target 'fmt' in project 'Pods'
        ➜ Explicit dependency on target 'glog' in project 'Pods'
        ➜ Explicit dependency on target 'hermes-engine' in project 'Pods'
    Target 'React-jsiexecutor' in project 'Pods'
        ➜ Explicit dependency on target 'DoubleConversion' in project 'Pods'
        ➜ Explicit dependency on target 'RCT-Folly' in project 'Pods'
        ➜ Explicit dependency on target 'React-cxxreact' in project 'Pods'
        ➜ Explicit dependency on target 'React-debug' in project 'Pods'
        ➜ Explicit dependency on target 'React-jsi' in project 'Pods'
        ➜ Explicit dependency on target 'React-jsinspector' in project 'Pods'
        ➜ Explicit dependency on target 'React-jsinspectorcdp' in project 'Pods'
        ➜ Explicit dependency on target 'React-jsinspectortracing' in project 'Pods'
        ➜ Explicit dependency on target 'React-perflogger' in project 'Pods'
        ➜ Explicit dependency on target 'React-runtimeexecutor' in project 'Pods'
        ➜ Explicit dependency on target 'SocketRocket' in project 'Pods'
        ➜ Explicit dependency on target 'boost' in project 'Pods'
        ➜ Explicit dependency on target 'fast_float' in project 'Pods'
        ➜ Explicit dependency on target 'fmt' in project 'Pods'
        ➜ Explicit dependency on target 'glog' in project 'Pods'
        ➜ Explicit dependency on target 'hermes-engine' in project 'Pods'
    Target 'React-cxxreact' in project 'Pods'
        ➜ Explicit dependency on target 'DoubleConversion' in project 'Pods'
        ➜ Explicit dependency on target 'RCT-Folly' in project 'Pods'
        ➜ Explicit dependency on target 'React-callinvoker' in project 'Pods'
        ➜ Explicit dependency on target 'React-cxxreact-React-cxxreact_privacy' in project 'Pods'
        ➜ Explicit dependency on target 'React-debug' in project 'Pods'
        ➜ Explicit dependency on target 'React-jsi' in project 'Pods'
        ➜ Explicit dependency on target 'React-jsinspector' in project 'Pods'
        ➜ Explicit dependency on target 'React-jsinspectorcdp' in project 'Pods'
        ➜ Explicit dependency on target 'React-jsinspectortracing' in project 'Pods'
        ➜ Explicit dependency on target 'React-logger' in project 'Pods'
        ➜ Explicit dependency on target 'React-perflogger' in project 'Pods'
        ➜ Explicit dependency on target 'React-runtimeexecutor' in project 'Pods'
        ➜ Explicit dependency on target 'React-timing' in project 'Pods'
        ➜ Explicit dependency on target 'SocketRocket' in project 'Pods'
        ➜ Explicit dependency on target 'boost' in project 'Pods'
        ➜ Explicit dependency on target 'fast_float' in project 'Pods'
        ➜ Explicit dependency on target 'fmt' in project 'Pods'
        ➜ Explicit dependency on target 'glog' in project 'Pods'
        ➜ Explicit dependency on target 'hermes-engine' in project 'Pods'
    Target 'React-logger' in project 'Pods'
        ➜ Explicit dependency on target 'DoubleConversion' in project 'Pods'
        ➜ Explicit dependency on target 'RCT-Folly' in project 'Pods'
        ➜ Explicit dependency on target 'SocketRocket' in project 'Pods'
        ➜ Explicit dependency on target 'boost' in project 'Pods'
        ➜ Explicit dependency on target 'fast_float' in project 'Pods'
        ➜ Explicit dependency on target 'fmt' in project 'Pods'
        ➜ Explicit dependency on target 'glog' in project 'Pods'
    Target 'React-jsinspector' in project 'Pods'
        ➜ Explicit dependency on target 'DoubleConversion' in project 'Pods'
        ➜ Explicit dependency on target 'RCT-Folly' in project 'Pods'
        ➜ Explicit dependency on target 'React-featureflags' in project 'Pods'
        ➜ Explicit dependency on target 'React-jsi' in project 'Pods'
        ➜ Explicit dependency on target 'React-jsinspectorcdp' in project 'Pods'
        ➜ Explicit dependency on target 'React-jsinspectornetwork' in project 'Pods'
        ➜ Explicit dependency on target 'React-jsinspectortracing' in project 'Pods'
        ➜ Explicit dependency on target 'React-oscompat' in project 'Pods'
        ➜ Explicit dependency on target 'React-perflogger' in project 'Pods'
        ➜ Explicit dependency on target 'React-runtimeexecutor' in project 'Pods'
        ➜ Explicit dependency on target 'SocketRocket' in project 'Pods'
        ➜ Explicit dependency on target 'boost' in project 'Pods'
        ➜ Explicit dependency on target 'fast_float' in project 'Pods'
        ➜ Explicit dependency on target 'fmt' in project 'Pods'
        ➜ Explicit dependency on target 'glog' in project 'Pods'
        ➜ Explicit dependency on target 'hermes-engine' in project 'Pods'
    Target 'React-runtimeexecutor' in project 'Pods'
        ➜ Explicit dependency on target 'DoubleConversion' in project 'Pods'
        ➜ Explicit dependency on target 'RCT-Folly' in project 'Pods'
        ➜ Explicit dependency on target 'React-debug' in project 'Pods'
        ➜ Explicit dependency on target 'React-featureflags' in project 'Pods'
        ➜ Explicit dependency on target 'React-jsi' in project 'Pods'
        ➜ Explicit dependency on target 'React-utils' in project 'Pods'
        ➜ Explicit dependency on target 'SocketRocket' in project 'Pods'
        ➜ Explicit dependency on target 'boost' in project 'Pods'
        ➜ Explicit dependency on target 'fast_float' in project 'Pods'
        ➜ Explicit dependency on target 'fmt' in project 'Pods'
        ➜ Explicit dependency on target 'glog' in project 'Pods'
    Target 'React-utils' in project 'Pods'
        ➜ Explicit dependency on target 'DoubleConversion' in project 'Pods'
        ➜ Explicit dependency on target 'RCT-Folly' in project 'Pods'
        ➜ Explicit dependency on target 'React-debug' in project 'Pods'
        ➜ Explicit dependency on target 'React-jsi' in project 'Pods'
        ➜ Explicit dependency on target 'SocketRocket' in project 'Pods'
        ➜ Explicit dependency on target 'boost' in project 'Pods'
        ➜ Explicit dependency on target 'fast_float' in project 'Pods'
        ➜ Explicit dependency on target 'fmt' in project 'Pods'
        ➜ Explicit dependency on target 'glog' in project 'Pods'
        ➜ Explicit dependency on target 'hermes-engine' in project 'Pods'
    Target 'React-jsinspectornetwork' in project 'Pods'
        ➜ Explicit dependency on target 'DoubleConversion' in project 'Pods'
        ➜ Explicit dependency on target 'RCT-Folly' in project 'Pods'
        ➜ Explicit dependency on target 'React-featureflags' in project 'Pods'
        ➜ Explicit dependency on target 'React-jsinspectorcdp' in project 'Pods'
        ➜ Explicit dependency on target 'React-performancetimeline' in project 'Pods'
        ➜ Explicit dependency on target 'React-timing' in project 'Pods'
        ➜ Explicit dependency on target 'SocketRocket' in project 'Pods'
        ➜ Explicit dependency on target 'boost' in project 'Pods'
        ➜ Explicit dependency on target 'fast_float' in project 'Pods'
        ➜ Explicit dependency on target 'fmt' in project 'Pods'
        ➜ Explicit dependency on target 'glog' in project 'Pods'
    Target 'React-performancetimeline' in project 'Pods'
        ➜ Explicit dependency on target 'DoubleConversion' in project 'Pods'
        ➜ Explicit dependency on target 'RCT-Folly' in project 'Pods'
        ➜ Explicit dependency on target 'React-featureflags' in project 'Pods'
        ➜ Explicit dependency on target 'React-jsinspectortracing' in project 'Pods'
        ➜ Explicit dependency on target 'React-perflogger' in project 'Pods'
        ➜ Explicit dependency on target 'React-timing' in project 'Pods'
        ➜ Explicit dependency on target 'SocketRocket' in project 'Pods'
        ➜ Explicit dependency on target 'boost' in project 'Pods'
        ➜ Explicit dependency on target 'fast_float' in project 'Pods'
        ➜ Explicit dependency on target 'fmt' in project 'Pods'
        ➜ Explicit dependency on target 'glog' in project 'Pods'
    Target 'React-perflogger' in project 'Pods'
        ➜ Explicit dependency on target 'DoubleConversion' in project 'Pods'
        ➜ Explicit dependency on target 'RCT-Folly' in project 'Pods'
        ➜ Explicit dependency on target 'SocketRocket' in project 'Pods'
        ➜ Explicit dependency on target 'boost' in project 'Pods'
        ➜ Explicit dependency on target 'fast_float' in project 'Pods'
        ➜ Explicit dependency on target 'fmt' in project 'Pods'
        ➜ Explicit dependency on target 'glog' in project 'Pods'
    Target 'React-jsinspectortracing' in project 'Pods'
        ➜ Explicit dependency on target 'DoubleConversion' in project 'Pods'
        ➜ Explicit dependency on target 'RCT-Folly' in project 'Pods'
        ➜ Explicit dependency on target 'React-oscompat' in project 'Pods'
        ➜ Explicit dependency on target 'React-timing' in project 'Pods'
        ➜ Explicit dependency on target 'SocketRocket' in project 'Pods'
        ➜ Explicit dependency on target 'boost' in project 'Pods'
        ➜ Explicit dependency on target 'fast_float' in project 'Pods'
        ➜ Explicit dependency on target 'fmt' in project 'Pods'
        ➜ Explicit dependency on target 'glog' in project 'Pods'
    Target 'React-timing' in project 'Pods'
        ➜ Explicit dependency on target 'React-debug' in project 'Pods'
    Target 'React-oscompat' in project 'Pods' (no dependencies)
    Target 'React-jsinspectorcdp' in project 'Pods'
        ➜ Explicit dependency on target 'DoubleConversion' in project 'Pods'
        ➜ Explicit dependency on target 'RCT-Folly' in project 'Pods'
        ➜ Explicit dependency on target 'SocketRocket' in project 'Pods'
        ➜ Explicit dependency on target 'boost' in project 'Pods'
        ➜ Explicit dependency on target 'fast_float' in project 'Pods'
        ➜ Explicit dependency on target 'fmt' in project 'Pods'
        ➜ Explicit dependency on target 'glog' in project 'Pods'
    Target 'React-featureflags' in project 'Pods'
        ➜ Explicit dependency on target 'DoubleConversion' in project 'Pods'
        ➜ Explicit dependency on target 'RCT-Folly' in project 'Pods'
        ➜ Explicit dependency on target 'SocketRocket' in project 'Pods'
        ➜ Explicit dependency on target 'boost' in project 'Pods'
        ➜ Explicit dependency on target 'fast_float' in project 'Pods'
        ➜ Explicit dependency on target 'fmt' in project 'Pods'
        ➜ Explicit dependency on target 'glog' in project 'Pods'
    Target 'React-jsi' in project 'Pods'
        ➜ Explicit dependency on target 'DoubleConversion' in project 'Pods'
        ➜ Explicit dependency on target 'RCT-Folly' in project 'Pods'
        ➜ Explicit dependency on target 'SocketRocket' in project 'Pods'
        ➜ Explicit dependency on target 'boost' in project 'Pods'
        ➜ Explicit dependency on target 'fast_float' in project 'Pods'
        ➜ Explicit dependency on target 'fmt' in project 'Pods'
        ➜ Explicit dependency on target 'glog' in project 'Pods'
        ➜ Explicit dependency on target 'hermes-engine' in project 'Pods'
    Target 'hermes-engine' in project 'Pods' (no dependencies)
    Target 'SocketRocket' in project 'Pods' (no dependencies)
    Target 'React-debug' in project 'Pods' (no dependencies)
    Target 'React-cxxreact-React-cxxreact_privacy' in project 'Pods' (no dependencies)
    Target 'React-callinvoker' in project 'Pods' (no dependencies)
    Target 'React-Core-React-Core_privacy' in project 'Pods' (no dependencies)
    Target 'RCTDeprecation' in project 'Pods' (no dependencies)
    Target 'RCT-Folly' in project 'Pods'
        ➜ Explicit dependency on target 'DoubleConversion' in project 'Pods'
        ➜ Explicit dependency on target 'RCT-Folly-RCT-Folly_privacy' in project 'Pods'
        ➜ Explicit dependency on target 'boost' in project 'Pods'
        ➜ Explicit dependency on target 'fast_float' in project 'Pods'
        ➜ Explicit dependency on target 'fmt' in project 'Pods'
        ➜ Explicit dependency on target 'glog' in project 'Pods'
    Target 'glog' in project 'Pods'
        ➜ Explicit dependency on target 'glog-glog_privacy' in project 'Pods'
    Target 'glog-glog_privacy' in project 'Pods' (no dependencies)
    Target 'fmt' in project 'Pods' (no dependencies)
    Target 'fast_float' in project 'Pods' (no dependencies)
    Target 'boost' in project 'Pods'
        ➜ Explicit dependency on target 'boost-boost_privacy' in project 'Pods'
    Target 'boost-boost_privacy' in project 'Pods' (no dependencies)
    Target 'RCT-Folly-RCT-Folly_privacy' in project 'Pods' (no dependencies)
    Target 'DoubleConversion' in project 'Pods' (no dependencies)

GatherProvisioningInputs
2026-01-11 16:42:46.793 xcodebuild[68957:1061159]  DVTDeveloperAccountManager: Failed to load credentials for sasi@wbcsoftwarelab.com: Error Domain=DVTDeveloperAccountCredentialsError Code=0 "Invalid credentials in keychain for sasi@wbcsoftwarelab.com, missing Xcode-Token" UserInfo={NSLocalizedDescription=Invalid credentials in keychain for sasi@wbcsoftwarelab.com, missing Xcode-Token}

CreateBuildDescription

ExecuteExternalTool /Applications/Xcode.app/Contents/Developer/Toolchains/XcodeDefault.xctoolchain/usr/bin/clang -v -E -dM -arch arm64 -isysroot /Applications/Xcode.app/Contents/Developer/Platforms/iPhoneSimulator.platform/Developer/SDKs/iPhoneSimulator18.5.sdk -x c -c /dev/null

ExecuteExternalTool /Applications/Xcode.app/Contents/Developer/Toolchains/XcodeDefault.xctoolchain/usr/bin/clang -v -E -dM -isysroot /Applications/Xcode.app/Contents/Developer/Platforms/iPhoneSimulator.platform/Developer/SDKs/iPhoneSimulator18.5.sdk -x c -c /dev/null

ExecuteExternalTool /Applications/Xcode.app/Contents/Developer/Toolchains/XcodeDefault.xctoolchain/usr/bin/clang -v -E -dM -arch arm64 -isysroot /Applications/Xcode.app/Contents/Developer/Platforms/iPhoneSimulator.platform/Developer/SDKs/iPhoneSimulator18.5.sdk -x c++ -c /dev/null

ExecuteExternalTool /Applications/Xcode.app/Contents/Developer/Toolchains/XcodeDefault.xctoolchain/usr/bin/clang -v -E -dM -arch arm64 -isysroot /Applications/Xcode.app/Contents/Developer/Platforms/iPhoneSimulator.platform/Developer/SDKs/iPhoneSimulator18.5.sdk -x objective-c -c /dev/null

ExecuteExternalTool /Applications/Xcode.app/Contents/Developer/Toolchains/XcodeDefault.xctoolchain/usr/bin/clang -v -E -dM -arch arm64 -isysroot /Applications/Xcode.app/Contents/Developer/Platforms/iPhoneSimulator.platform/Developer/SDKs/iPhoneSimulator18.5.sdk -x objective-c++ -c /dev/null

ExecuteExternalTool /Applications/Xcode.app/Contents/Developer/usr/bin/actool --print-asset-tag-combinations --output-format xml1 /Users/rmpal/projects/askhatters/ASKHatters/ios/ASKHatters/Images.xcassets

ExecuteExternalTool /Applications/Xcode.app/Contents/Developer/usr/bin/ibtool --version --output-format xml1

ExecuteExternalTool /Applications/Xcode.app/Contents/Developer/Toolchains/XcodeDefault.xctoolchain/usr/bin/swiftc --version

ExecuteExternalTool /Applications/Xcode.app/Contents/Developer/Toolchains/XcodeDefault.xctoolchain/usr/bin/libtool -V

ExecuteExternalTool /Applications/Xcode.app/Contents/Developer/usr/bin/actool --version --output-format xml1

ExecuteExternalTool /Applications/Xcode.app/Contents/Developer/Toolchains/XcodeDefault.xctoolchain/usr/bin/ld -version_details

ExecuteExternalTool /Applications/Xcode.app/Contents/Developer/Toolchains/XcodeDefault.xctoolchain/usr/bin/clang -v -E -dM -arch arm64 -isysroot /Applications/Xcode.app/Contents/Developer/Platforms/iPhoneSimulator.platform/Developer/SDKs/iPhoneSimulator18.5.sdk -x assembler-with-cpp -c /dev/null

Build description signature: a324c6cb3b4e9bcacfe3f1ca1f9c6279
Build description path: /Users/rmpal/Library/Developer/Xcode/DerivedData/ASKHatters-grdgfmxzykdhuzgaxmwtwynupyng/Build/Intermediates.noindex/XCBuildData/a324c6cb3b4e9bcacfe3f1ca1f9c6279.xcbuilddata
ClangStatCache /Applications/Xcode.app/Contents/Developer/Toolchains/XcodeDefault.xctoolchain/usr/bin/clang-stat-cache /Applications/Xcode.app/Contents/Developer/Platforms/iPhoneSimulator.platform/Developer/SDKs/iPhoneSimulator18.5.sdk /Users/rmpal/Library/Developer/Xcode/DerivedData/SDKStatCaches.noindex/iphonesimulator18.5-22F76-d5fc8ad4295d2ef488fb7d0f804ce0c4.sdkstatcache
    cd /Users/rmpal/projects/askhatters/ASKHatters/ios
    /Applications/Xcode.app/Contents/Developer/Toolchains/XcodeDefault.xctoolchain/usr/bin/clang-stat-cache /Applications/Xcode.app/Contents/Developer/Platforms/iPhoneSimulator.platform/Developer/SDKs/iPhoneSimulator18.5.sdk -o /Users/rmpal/Library/Developer/Xcode/DerivedData/SDKStatCaches.noindex/iphonesimulator18.5-22F76-d5fc8ad4295d2ef488fb7d0f804ce0c4.sdkstatcache

ProcessInfoPlistFile /Users/rmpal/Library/Developer/Xcode/DerivedData/ASKHatters-grdgfmxzykdhuzgaxmwtwynupyng/Build/Products/Debug-iphonesimulator/DoubleConversion/DoubleConversion.framework/Info.plist /Users/rmpal/projects/askhatters/ASKHatters/ios/Pods/Target\ Support\ Files/DoubleConversion/DoubleConversion-Info.plist (in target 'DoubleConversion' from project 'Pods')
    cd /Users/rmpal/projects/askhatters/ASKHatters/ios/Pods
    builtin-infoPlistUtility /Users/rmpal/projects/askhatters/ASKHatters/ios/Pods/Target\ Support\ Files/DoubleConversion/DoubleConversion-Info.plist -producttype com.apple.product-type.framework -expandbuildsettings -format binary -platform iphonesimulator -o /Users/rmpal/Library/Developer/Xcode/DerivedData/ASKHatters-grdgfmxzykdhuzgaxmwtwynupyng/Build/Products/Debug-iphonesimulator/DoubleConversion/DoubleConversion.framework/Info.plist

warning: Run script build phase 'Create Symlinks to Header Folders' will be run during every build because it does not specify any outputs. To address this issue, either add output dependencies to the script phase, or configure it to run in every build by unchecking "Based on dependency analysis" in the script phase. (in target 'fmt' from project 'Pods')
PhaseScriptExecution Create\ Symlinks\ to\ Header\ Folders /Users/rmpal/Library/Developer/Xcode/DerivedData/ASKHatters-grdgfmxzykdhuzgaxmwtwynupyng/Build/Intermediates.noindex/Pods.build/Debug-iphonesimulator/fmt.build/Script-46EB2E0004DCA0.sh (in target 'fmt' from project 'Pods')
    cd /Users/rmpal/projects/askhatters/ASKHatters/ios/Pods
    export ACTION\=build
    export AD_HOC_CODE_SIGNING_ALLOWED\=YES
    export ALLOW_BUILD_REQUEST_OVERRIDES\=NO
    export ALLOW_TARGET_PLATFORM_SPECIALIZATION\=NO
    export ALTERNATE_GROUP\=staff
    export ALTERNATE_MODE\=u+w,go-w,a+rX
    export ALTERNATE_OWNER\=rmpal
    export ALTERNATIVE_DISTRIBUTION_WEB\=NO
    export ALWAYS_EMBED_SWIFT_STANDARD_LIBRARIES\=NO
    export ALWAYS_SEARCH_USER_PATHS\=NO
    export ALWAYS_USE_SEPARATE_HEADERMAPS\=NO
    export APPLICATION_EXTENSION_API_ONLY\=NO
    export APPLY_RULES_IN_COPY_FILES\=NO
    export APPLY_RULES_IN_COPY_HEADERS\=NO
    export APP_SHORTCUTS_ENABLE_FLEXIBLE_MATCHING\=YES
    export ARCHS\=arm64
    export ARCHS_STANDARD\=arm64\ x86_64
    export ARCHS_STANDARD_32_64_BIT\=arm64\ x86_64
    export ARCHS_STANDARD_64_BIT\=arm64\ x86_64
    export ARCHS_STANDARD_INCLUDING_64_BIT\=arm64\ x86_64
    export ARCHS_UNIVERSAL_IPHONE_OS\=arm64\ x86_64
    export ASSETCATALOG_FILTER_FOR_DEVICE_MODEL\=iPhone17,1
    export ASSETCATALOG_FILTER_FOR_DEVICE_OS_VERSION\=18.5
    export ASSETCATALOG_FILTER_FOR_THINNING_DEVICE_CONFIGURATION\=iPhone17,1
    export AUTOMATICALLY_MERGE_DEPENDENCIES\=NO
    export AVAILABLE_PLATFORMS\=android\ appletvos\ appletvsimulator\ driverkit\ iphoneos\ iphonesimulator\ macosx\ qnx\ watchos\ watchsimulator\ xros\ xrsimulator
    export AppIdentifierPrefix\=TN58L8Y3Z2.
    export BITCODE_GENERATION_MODE\=marker
    export BUILD_ACTIVE_RESOURCES_ONLY\=YES
    export BUILD_COMPONENTS\=headers\ build
    export BUILD_DIR\=/Users/rmpal/Library/Developer/Xcode/DerivedData/ASKHatters-grdgfmxzykdhuzgaxmwtwynupyng/Build/Products
    export BUILD_LIBRARY_FOR_DISTRIBUTION\=NO
    export BUILD_ROOT\=/Users/rmpal/Library/Developer/Xcode/DerivedData/ASKHatters-grdgfmxzykdhuzgaxmwtwynupyng/Build/Products
    export BUILD_STYLE\=
    export BUILD_VARIANTS\=normal
    export BUILT_PRODUCTS_DIR\=/Users/rmpal/Library/Developer/Xcode/DerivedData/ASKHatters-grdgfmxzykdhuzgaxmwtwynupyng/Build/Products/Debug-iphonesimulator/fmt
    export BUNDLE_CONTENTS_FOLDER_PATH_deep\=Contents/
    export BUNDLE_EXECUTABLE_FOLDER_NAME_deep\=MacOS
    export BUNDLE_EXTENSIONS_FOLDER_PATH\=Extensions
    export BUNDLE_FORMAT\=shallow
    export BUNDLE_FRAMEWORKS_FOLDER_PATH\=Frameworks
    export BUNDLE_PLUGINS_FOLDER_PATH\=PlugIns
    export BUNDLE_PRIVATE_HEADERS_FOLDER_PATH\=PrivateHeaders
    export BUNDLE_PUBLIC_HEADERS_FOLDER_PATH\=Headers
    export CACHE_ROOT\=/var/folders/80/krvrwbrj2pld84nbclzf6bd40000gn/C/com.apple.DeveloperTools/16.4-16F6/Xcode
    export CCHROOT\=/var/folders/80/krvrwbrj2pld84nbclzf6bd40000gn/C/com.apple.DeveloperTools/16.4-16F6/Xcode
    export CHMOD\=/bin/chmod
    export CHOWN\=/usr/sbin/chown
    export CLANG_ALLOW_NON_MODULAR_INCLUDES_IN_FRAMEWORK_MODULES\=YES
    export CLANG_ANALYZER_LOCALIZABILITY_NONLOCALIZED\=YES
    export CLANG_ANALYZER_NONNULL\=YES
    export CLANG_ANALYZER_NUMBER_OBJECT_CONVERSION\=YES_AGGRESSIVE
    export CLANG_CACHE_FINE_GRAINED_OUTPUTS\=YES
    export CLANG_CXX_LANGUAGE_STANDARD\=c++17
    export CLANG_CXX_LIBRARY\=libc++
    export CLANG_ENABLE_EXPLICIT_MODULES\=YES
    export CLANG_ENABLE_MODULES\=YES
    export CLANG_ENABLE_OBJC_ARC\=YES
    export CLANG_ENABLE_OBJC_WEAK\=NO
    export CLANG_MODULES_BUILD_SESSION_FILE\=/Users/rmpal/Library/Developer/Xcode/DerivedData/ModuleCache.noindex/Session.modulevalidation
    export CLANG_WARN_BLOCK_CAPTURE_AUTORELEASING\=YES
    export CLANG_WARN_BOOL_CONVERSION\=YES
    export CLANG_WARN_COMMA\=YES
    export CLANG_WARN_CONSTANT_CONVERSION\=YES
    export CLANG_WARN_DEPRECATED_OBJC_IMPLEMENTATIONS\=YES
    export CLANG_WARN_DIRECT_OBJC_ISA_USAGE\=YES_ERROR
    export CLANG_WARN_DOCUMENTATION_COMMENTS\=YES
    export CLANG_WARN_EMPTY_BODY\=YES
    export CLANG_WARN_ENUM_CONVERSION\=YES
    export CLANG_WARN_INFINITE_RECURSION\=YES
    export CLANG_WARN_INT_CONVERSION\=YES
    export CLANG_WARN_NON_LITERAL_NULL_CONVERSION\=YES
    export CLANG_WARN_OBJC_IMPLICIT_RETAIN_SELF\=YES
    export CLANG_WARN_OBJC_LITERAL_CONVERSION\=YES
    export CLANG_WARN_OBJC_ROOT_CLASS\=YES_ERROR
    export CLANG_WARN_QUOTED_INCLUDE_IN_FRAMEWORK_HEADER\=NO
    export CLANG_WARN_RANGE_LOOP_ANALYSIS\=YES
    export CLANG_WARN_STRICT_PROTOTYPES\=YES
    export CLANG_WARN_SUSPICIOUS_MOVE\=YES
    export CLANG_WARN_UNGUARDED_AVAILABILITY\=YES_AGGRESSIVE
    export CLANG_WARN_UNREACHABLE_CODE\=YES
    export CLANG_WARN__DUPLICATE_METHOD_MATCH\=YES
    export CLASS_FILE_DIR\=/Users/rmpal/Library/Developer/Xcode/DerivedData/ASKHatters-grdgfmxzykdhuzgaxmwtwynupyng/Build/Intermediates.noindex/Pods.build/Debug-iphonesimulator/fmt.build/JavaClasses
    export CLEAN_PRECOMPS\=YES
    export CLONE_HEADERS\=NO
    export CODESIGNING_FOLDER_PATH\=/Users/rmpal/Library/Developer/Xcode/DerivedData/ASKHatters-grdgfmxzykdhuzgaxmwtwynupyng/Build/Products/Debug-iphonesimulator/fmt/fmt.framework
    export CODE_SIGNING_ALLOWED\=YES
    export CODE_SIGNING_REQUIRED\=NO
    export CODE_SIGNING_REQUIRES_TEAM\=YES
    export CODE_SIGN_CONTEXT_CLASS\=XCiPhoneSimulatorCodeSignContext
    export CODE_SIGN_IDENTITY\=-
    export CODE_SIGN_INJECT_BASE_ENTITLEMENTS\=YES
    export COLOR_DIAGNOSTICS\=NO
    export COMBINE_HIDPI_IMAGES\=NO
    export COMPILATION_CACHE_CAS_PATH\=/Users/rmpal/Library/Developer/Xcode/DerivedData/CompilationCache.noindex
    export COMPILATION_CACHE_KEEP_CAS_DIRECTORY\=YES
    export COMPILER_INDEX_STORE_ENABLE\=Default
    export COMPOSITE_SDK_DIRS\=/Users/rmpal/Library/Developer/Xcode/DerivedData/ASKHatters-grdgfmxzykdhuzgaxmwtwynupyng/Build/Intermediates.noindex/CompositeSDKs
    export COMPRESS_PNG_FILES\=YES
    export CONFIGURATION\=Debug
    export CONFIGURATION_BUILD_DIR\=/Users/rmpal/Library/Developer/Xcode/DerivedData/ASKHatters-grdgfmxzykdhuzgaxmwtwynupyng/Build/Products/Debug-iphonesimulator/fmt
    export CONFIGURATION_TEMP_DIR\=/Users/rmpal/Library/Developer/Xcode/DerivedData/ASKHatters-grdgfmxzykdhuzgaxmwtwynupyng/Build/Intermediates.noindex/Pods.build/Debug-iphonesimulator
    export CONTENTS_FOLDER_PATH\=fmt.framework
    export CONTENTS_FOLDER_PATH_SHALLOW_BUNDLE_NO\=fmt.framework/A
    export CONTENTS_FOLDER_PATH_SHALLOW_BUNDLE_YES\=fmt.framework
    export COPYING_PRESERVES_HFS_DATA\=NO
    export COPY_HEADERS_RUN_UNIFDEF\=NO
    export COPY_PHASE_STRIP\=NO
    export CORRESPONDING_DEVICE_PLATFORM_DIR\=/Applications/Xcode.app/Contents/Developer/Platforms/iPhoneOS.platform
    export CORRESPONDING_DEVICE_PLATFORM_NAME\=iphoneos
    export CORRESPONDING_DEVICE_SDK_DIR\=/Applications/Xcode.app/Contents/Developer/Platforms/iPhoneOS.platform/Developer/SDKs/iPhoneOS18.5.sdk
    export CORRESPONDING_DEVICE_SDK_NAME\=iphoneos18.5
    export CP\=/bin/cp
    export CREATE_INFOPLIST_SECTION_IN_BINARY\=NO
    export CURRENT_ARCH\=undefined_arch
    export CURRENT_PROJECT_VERSION\=1
    export CURRENT_VARIANT\=normal
    export CURRENT_VERSION\=Current
    export DEAD_CODE_STRIPPING\=YES
    export DEBUGGING_SYMBOLS\=YES
    export DEBUG_INFORMATION_FORMAT\=dwarf
    export DEBUG_INFORMATION_VERSION\=compiler-default
    export DEFAULT_COMPILER\=com.apple.compilers.llvm.clang.1_0
    export DEFAULT_DEXT_INSTALL_PATH\=/System/Library/DriverExtensions
    export DEFAULT_KEXT_INSTALL_PATH\=/System/Library/Extensions
    export DEFINES_MODULE\=YES
    export DEPLOYMENT_LOCATION\=NO
    export DEPLOYMENT_POSTPROCESSING\=NO
    export DEPLOYMENT_TARGET_SETTING_NAME\=IPHONEOS_DEPLOYMENT_TARGET
    export DEPLOYMENT_TARGET_SUGGESTED_VALUES\=12.0\ 12.1\ 12.2\ 12.3\ 12.4\ 13.0\ 13.1\ 13.2\ 13.3\ 13.4\ 13.5\ 13.6\ 14.0\ 14.1\ 14.2\ 14.3\ 14.4\ 14.5\ 14.6\ 14.7\ 15.0\ 15.1\ 15.2\ 15.3\ 15.4\ 15.5\ 15.6\ 16.0\ 16.1\ 16.2\ 16.3\ 16.4\ 16.5\ 16.6\ 17.0\ 17.1\ 17.2\ 17.3\ 17.4\ 17.5\ 17.6\ 18.0\ 18.1\ 18.2\ 18.3\ 18.4\ 18.5
    export DERIVED_FILES_DIR\=/Users/rmpal/Library/Developer/Xcode/DerivedData/ASKHatters-grdgfmxzykdhuzgaxmwtwynupyng/Build/Intermediates.noindex/Pods.build/Debug-iphonesimulator/fmt.build/DerivedSources
    export DERIVED_FILE_DIR\=/Users/rmpal/Library/Developer/Xcode/DerivedData/ASKHatters-grdgfmxzykdhuzgaxmwtwynupyng/Build/Intermediates.noindex/Pods.build/Debug-iphonesimulator/fmt.build/DerivedSources
    export DERIVED_SOURCES_DIR\=/Users/rmpal/Library/Developer/Xcode/DerivedData/ASKHatters-grdgfmxzykdhuzgaxmwtwynupyng/Build/Intermediates.noindex/Pods.build/Debug-iphonesimulator/fmt.build/DerivedSources
    export DEVELOPER_APPLICATIONS_DIR\=/Applications/Xcode.app/Contents/Developer/Applications
    export DEVELOPER_BIN_DIR\=/Applications/Xcode.app/Contents/Developer/usr/bin
    export DEVELOPER_DIR\=/Applications/Xcode.app/Contents/Developer
    export DEVELOPER_FRAMEWORKS_DIR\=/Applications/Xcode.app/Contents/Developer/Library/Frameworks
    export DEVELOPER_FRAMEWORKS_DIR_QUOTED\=/Applications/Xcode.app/Contents/Developer/Library/Frameworks
    export DEVELOPER_LIBRARY_DIR\=/Applications/Xcode.app/Contents/Developer/Library
    export DEVELOPER_SDK_DIR\=/Applications/Xcode.app/Contents/Developer/Platforms/MacOSX.platform/Developer/SDKs
    export DEVELOPER_TOOLS_DIR\=/Applications/Xcode.app/Contents/Developer/Tools
    export DEVELOPER_USR_DIR\=/Applications/Xcode.app/Contents/Developer/usr
    export DEVELOPMENT_LANGUAGE\=en
    export DIAGNOSE_MISSING_TARGET_DEPENDENCIES\=YES
    export DIFF\=/usr/bin/diff
    export DOCUMENTATION_FOLDER_PATH\=fmt.framework/en.lproj/Documentation
    export DONT_GENERATE_INFOPLIST_FILE\=NO
    export DSTROOT\=/tmp/Pods.dst
    export DT_TOOLCHAIN_DIR\=/Applications/Xcode.app/Contents/Developer/Toolchains/XcodeDefault.xctoolchain
    export DWARF_DSYM_FILE_NAME\=fmt.framework.dSYM
    export DWARF_DSYM_FILE_SHOULD_ACCOMPANY_PRODUCT\=NO
    export DWARF_DSYM_FOLDER_PATH\=/Users/rmpal/Library/Developer/Xcode/DerivedData/ASKHatters-grdgfmxzykdhuzgaxmwtwynupyng/Build/Products/Debug-iphonesimulator/fmt
    export DYLIB_COMPATIBILITY_VERSION\=1
    export DYLIB_CURRENT_VERSION\=1
    export DYLIB_INSTALL_NAME_BASE\=@rpath
    export DYNAMIC_LIBRARY_EXTENSION\=dylib
    export EAGER_COMPILATION_ALLOW_SCRIPTS\=NO
    export EAGER_LINKING\=NO
    export EFFECTIVE_PLATFORM_NAME\=-iphonesimulator
    export EMBEDDED_CONTENT_CONTAINS_SWIFT\=NO
    export EMBED_ASSET_PACKS_IN_PRODUCT_BUNDLE\=NO
    export ENABLE_APP_SANDBOX\=NO
    export ENABLE_BITCODE\=NO
    export ENABLE_CODE_COVERAGE\=YES
    export ENABLE_DEFAULT_HEADER_SEARCH_PATHS\=YES
    export ENABLE_DEFAULT_SEARCH_PATHS\=YES
    export ENABLE_HARDENED_RUNTIME\=NO
    export ENABLE_HEADER_DEPENDENCIES\=YES
    export ENABLE_INCOMING_NETWORK_CONNECTIONS\=NO
    export ENABLE_MODULE_VERIFIER\=NO
    export ENABLE_ON_DEMAND_RESOURCES\=NO
    export ENABLE_OUTGOING_NETWORK_CONNECTIONS\=NO
    export ENABLE_PREVIEWS\=NO
    export ENABLE_RESOURCE_ACCESS_AUDIO_INPUT\=NO
    export ENABLE_RESOURCE_ACCESS_BLUETOOTH\=NO
    export ENABLE_RESOURCE_ACCESS_CALENDARS\=NO
    export ENABLE_RESOURCE_ACCESS_CAMERA\=NO
    export ENABLE_RESOURCE_ACCESS_CONTACTS\=NO
    export ENABLE_RESOURCE_ACCESS_LOCATION\=NO
    export ENABLE_RESOURCE_ACCESS_PRINTING\=NO
    export ENABLE_RESOURCE_ACCESS_USB\=NO
    export ENABLE_SDK_IMPORTS\=NO
    export ENABLE_STRICT_OBJC_MSGSEND\=YES
    export ENABLE_TESTABILITY\=YES
    export ENABLE_TESTING_SEARCH_PATHS\=NO
    export ENABLE_USER_SCRIPT_SANDBOXING\=NO
    export ENABLE_XOJIT_PREVIEWS\=YES
    export ENFORCE_VALID_ARCHS\=YES
    export ENTITLEMENTS_DESTINATION\=__entitlements
    export ENTITLEMENTS_REQUIRED\=NO
    export EXCLUDED_INSTALLSRC_SUBDIRECTORY_PATTERNS\=.DS_Store\ .svn\ .git\ .hg\ CVS
    export EXCLUDED_RECURSIVE_SEARCH_PATH_SUBDIRECTORIES\=\*.nib\ \*.lproj\ \*.framework\ \*.gch\ \*.xcode\*\ \*.xcassets\ \(\*\)\ .DS_Store\ CVS\ .svn\ .git\ .hg\ \*.pbproj\ \*.pbxproj
    export EXECUTABLES_FOLDER_PATH\=fmt.framework/en.lproj
    export EXECUTABLE_FOLDER_PATH\=fmt.framework
    export EXECUTABLE_FOLDER_PATH_SHALLOW_BUNDLE_NO\=fmt.framework
    export EXECUTABLE_FOLDER_PATH_SHALLOW_BUNDLE_YES\=fmt.framework
    export EXECUTABLE_NAME\=fmt
    export EXECUTABLE_PATH\=fmt.framework/fmt
    export EXPANDED_CODE_SIGN_IDENTITY\=-
    export EXPANDED_CODE_SIGN_IDENTITY_NAME\=Sign\ to\ Run\ Locally
    export EXTENSIONS_FOLDER_PATH\=fmt.framework/Extensions
    export FILE_LIST\=/Users/rmpal/Library/Developer/Xcode/DerivedData/ASKHatters-grdgfmxzykdhuzgaxmwtwynupyng/Build/Intermediates.noindex/Pods.build/Debug-iphonesimulator/fmt.build/Objects/LinkFileList
    export FIXED_FILES_DIR\=/Users/rmpal/Library/Developer/Xcode/DerivedData/ASKHatters-grdgfmxzykdhuzgaxmwtwynupyng/Build/Intermediates.noindex/Pods.build/Debug-iphonesimulator/fmt.build/FixedFiles
    export FRAMEWORKS_FOLDER_PATH\=fmt.framework/Frameworks
    export FRAMEWORK_FLAG_PREFIX\=-framework
    export FRAMEWORK_SEARCH_PATHS\=/Users/rmpal/Library/Developer/Xcode/DerivedData/ASKHatters-grdgfmxzykdhuzgaxmwtwynupyng/Build/Products/Debug-iphonesimulator/fmt\ 
    export FRAMEWORK_VERSION\=A
    export FULL_PRODUCT_NAME\=fmt.framework
    export FUSE_BUILD_PHASES\=YES
    export FUSE_BUILD_SCRIPT_PHASES\=NO
    export GCC3_VERSION\=3.3
    export GCC_C_LANGUAGE_STANDARD\=gnu11
    export GCC_DYNAMIC_NO_PIC\=NO
    export GCC_INLINES_ARE_PRIVATE_EXTERN\=YES
    export GCC_NO_COMMON_BLOCKS\=YES
    export GCC_OBJC_LEGACY_DISPATCH\=YES
    export GCC_OPTIMIZATION_LEVEL\=0
    export GCC_PFE_FILE_C_DIALECTS\=c\ objective-c\ c++\ objective-c++
    export GCC_PREFIX_HEADER\=Target\ Support\ Files/fmt/fmt-prefix.pch
    export GCC_PREPROCESSOR_DEFINITIONS\=POD_CONFIGURATION_DEBUG\=1\ DEBUG\=1\ \ COCOAPODS\=1
    export GCC_TREAT_WARNINGS_AS_ERRORS\=NO
    export GCC_VERSION\=com.apple.compilers.llvm.clang.1_0
    export GCC_VERSION_IDENTIFIER\=com_apple_compilers_llvm_clang_1_0
    export GCC_WARN_64_TO_32_BIT_CONVERSION\=YES
    export GCC_WARN_ABOUT_RETURN_TYPE\=YES_ERROR
    export GCC_WARN_INHIBIT_ALL_WARNINGS\=NO
    export GCC_WARN_UNDECLARED_SELECTOR\=YES
    export GCC_WARN_UNINITIALIZED_AUTOS\=YES_AGGRESSIVE
    export GCC_WARN_UNUSED_FUNCTION\=YES
    export GCC_WARN_UNUSED_VARIABLE\=YES
    export GENERATED_MODULEMAP_DIR\=/Users/rmpal/Library/Developer/Xcode/DerivedData/ASKHatters-grdgfmxzykdhuzgaxmwtwynupyng/Build/Intermediates.noindex/GeneratedModuleMaps-iphonesimulator
    export GENERATE_INFOPLIST_FILE\=NO
    export GENERATE_INTERMEDIATE_TEXT_BASED_STUBS\=YES
    export GENERATE_MASTER_OBJECT_FILE\=NO
    export GENERATE_PKGINFO_FILE\=NO
    export GENERATE_PROFILING_CODE\=NO
    export GENERATE_TEXT_BASED_STUBS\=NO
    export GID\=20
    export GROUP\=staff
    export HEADERMAP_INCLUDES_FLAT_ENTRIES_FOR_TARGET_BEING_BUILT\=YES
    export HEADERMAP_INCLUDES_FRAMEWORK_ENTRIES_FOR_ALL_PRODUCT_TYPES\=YES
    export HEADERMAP_INCLUDES_FRAMEWORK_ENTRIES_FOR_TARGETS_NOT_BEING_BUILT\=YES
    export HEADERMAP_INCLUDES_NONPUBLIC_NONPRIVATE_HEADERS\=YES
    export HEADERMAP_INCLUDES_PROJECT_HEADERS\=YES
    export HEADERMAP_USES_FRAMEWORK_PREFIX_ENTRIES\=YES
    export HEADERMAP_USES_VFS\=YES
    export HEADER_SEARCH_PATHS\=/Users/rmpal/Library/Developer/Xcode/DerivedData/ASKHatters-grdgfmxzykdhuzgaxmwtwynupyng/Build/Products/Debug-iphonesimulator/fmt/include\ \ /Users/rmpal/Library/Developer/Xcode/DerivedData/ASKHatters-grdgfmxzykdhuzgaxmwtwynupyng/Build/Products/Debug-iphonesimulator/ReactCommon/ReactCommon.framework/Headers\ /Users/rmpal/Library/Developer/Xcode/DerivedData/ASKHatters-grdgfmxzykdhuzgaxmwtwynupyng/Build/Products/Debug-iphonesimulator/ReactCommon/ReactCommon.framework/Headers/react/nativemodule/core\ /Users/rmpal/Library/Developer/Xcode/DerivedData/ASKHatters-grdgfmxzykdhuzgaxmwtwynupyng/Build/Products/Debug-iphonesimulator/React-runtimeexecutor/React_runtimeexecutor.framework/Headers\ /Users/rmpal/Library/Developer/Xcode/DerivedData/ASKHatters-grdgfmxzykdhuzgaxmwtwynupyng/Build/Products/Debug-iphonesimulator/React-runtimeexecutor/React_runtimeexecutor.framework/Headers/platform/ios\ /Users/rmpal/Library/Developer/Xcode/DerivedData/ASKHatters-grdgfmxzykdhuzgaxmwtwynupyng/Build/Products/Debug-iphonesimulator/ReactCommon-Samples/ReactCommon_Samples.framework/Headers\ /Users/rmpal/Library/Developer/Xcode/DerivedData/ASKHatters-grdgfmxzykdhuzgaxmwtwynupyng/Build/Products/Debug-iphonesimulator/ReactCommon-Samples/ReactCommon_Samples.framework/Headers/platform/ios\ /Users/rmpal/Library/Developer/Xcode/DerivedData/ASKHatters-grdgfmxzykdhuzgaxmwtwynupyng/Build/Products/Debug-iphonesimulator/React-Fabric/React_Fabric.framework/Headers/react/renderer/components/view/platform/cxx\ /Users/rmpal/Library/Developer/Xcode/DerivedData/ASKHatters-grdgfmxzykdhuzgaxmwtwynupyng/Build/Products/Debug-iphonesimulator/React-NativeModulesApple/React_NativeModulesApple.framework/Headers\ /Users/rmpal/Library/Developer/Xcode/DerivedData/ASKHatters-grdgfmxzykdhuzgaxmwtwynupyng/Build/Products/Debug-iphonesimulator/React-graphics/React_graphics.framework/Headers\ /Users/rmpal/Library/Developer/Xcode/DerivedData/ASKHatters-grdgfmxzykdhuzgaxmwtwynupyng/Build/Products/Debug-iphonesimulator/React-graphics/React_graphics.framework/Headers/react/renderer/graphics/platform/ios
    export HIDE_BITCODE_SYMBOLS\=YES
    export HOME\=/Users/rmpal
    export HOST_ARCH\=arm64
    export HOST_PLATFORM\=macosx
    export ICONV\=/usr/bin/iconv
    export IMPLICIT_DEPENDENCY_DOMAIN\=default
    export INFOPLIST_ENABLE_CFBUNDLEICONS_MERGE\=YES
    export INFOPLIST_EXPAND_BUILD_SETTINGS\=YES
    export INFOPLIST_FILE\=Target\ Support\ Files/fmt/fmt-Info.plist
    export INFOPLIST_OUTPUT_FORMAT\=binary
    export INFOPLIST_PATH\=fmt.framework/Info.plist
    export INFOPLIST_PREPROCESS\=NO
    export INFOSTRINGS_PATH\=fmt.framework/en.lproj/InfoPlist.strings
    export INLINE_PRIVATE_FRAMEWORKS\=NO
    export INSTALLAPI_IGNORE_SKIP_INSTALL\=YES
    export INSTALLHDRS_COPY_PHASE\=NO
    export INSTALLHDRS_SCRIPT_PHASE\=NO
    export INSTALL_DIR\=/tmp/Pods.dst/Library/Frameworks
    export INSTALL_GROUP\=staff
    export INSTALL_MODE_FLAG\=u+w,go-w,a+rX
    export INSTALL_OWNER\=rmpal
    export INSTALL_PATH\=/Library/Frameworks
    export INSTALL_ROOT\=/tmp/Pods.dst
    export IPHONEOS_DEPLOYMENT_TARGET\=13.0
    export IS_UNOPTIMIZED_BUILD\=YES
    export JAVAC_DEFAULT_FLAGS\=-J-Xms64m\ -J-XX:NewSize\=4M\ -J-Dfile.encoding\=UTF8
    export JAVA_APP_STUB\=/System/Library/Frameworks/JavaVM.framework/Resources/MacOS/JavaApplicationStub
    export JAVA_ARCHIVE_CLASSES\=YES
    export JAVA_ARCHIVE_TYPE\=JAR
    export JAVA_COMPILER\=/usr/bin/javac
    export JAVA_FOLDER_PATH\=fmt.framework/Java
    export JAVA_FRAMEWORK_RESOURCES_DIRS\=Resources
    export JAVA_JAR_FLAGS\=cv
    export JAVA_SOURCE_SUBDIR\=.
    export JAVA_USE_DEPENDENCIES\=YES
    export JAVA_ZIP_FLAGS\=-urg
    export JIKES_DEFAULT_FLAGS\=+E\ +OLDCSO
    export KEEP_PRIVATE_EXTERNS\=NO
    export LD_DEPENDENCY_INFO_FILE\=/Users/rmpal/Library/Developer/Xcode/DerivedData/ASKHatters-grdgfmxzykdhuzgaxmwtwynupyng/Build/Intermediates.noindex/Pods.build/Debug-iphonesimulator/fmt.build/Objects-normal/undefined_arch/fmt_dependency_info.dat
    export LD_DYLIB_INSTALL_NAME\=@rpath/fmt.framework/fmt
    export LD_EXPORT_SYMBOLS\=YES
    export LD_GENERATE_MAP_FILE\=NO
    export LD_MAP_FILE_PATH\=/Users/rmpal/Library/Developer/Xcode/DerivedData/ASKHatters-grdgfmxzykdhuzgaxmwtwynupyng/Build/Intermediates.noindex/Pods.build/Debug-iphonesimulator/fmt.build/fmt-LinkMap-normal-undefined_arch.txt
    export LD_NO_PIE\=NO
    export LD_QUOTE_LINKER_ARGUMENTS_FOR_COMPILER_DRIVER\=YES
    export LD_RUNPATH_SEARCH_PATHS\=\ @executable_path/Frameworks\ @loader_path/Frameworks
    export LD_SHARED_CACHE_ELIGIBLE\=Automatic
    export LD_WARN_DUPLICATE_LIBRARIES\=NO
    export LD_WARN_UNUSED_DYLIBS\=NO
    export LEGACY_DEVELOPER_DIR\=/Applications/Xcode.app/Contents/PlugIns/Xcode3Core.ideplugin/Contents/SharedSupport/Developer
    export LEX\=lex
    export LIBRARY_DEXT_INSTALL_PATH\=/Library/DriverExtensions
    export LIBRARY_FLAG_NOSPACE\=YES
    export LIBRARY_FLAG_PREFIX\=-l
    export LIBRARY_KEXT_INSTALL_PATH\=/Library/Extensions
    export LIBRARY_SEARCH_PATHS\=/Users/rmpal/Library/Developer/Xcode/DerivedData/ASKHatters-grdgfmxzykdhuzgaxmwtwynupyng/Build/Products/Debug-iphonesimulator/fmt\ 
    export LINKER_DISPLAYS_MANGLED_NAMES\=NO
    export LINK_FILE_LIST_normal_arm64\=/Users/rmpal/Library/Developer/Xcode/DerivedData/ASKHatters-grdgfmxzykdhuzgaxmwtwynupyng/Build/Intermediates.noindex/Pods.build/Debug-iphonesimulator/fmt.build/Objects-normal/arm64/fmt.LinkFileList
    export LINK_OBJC_RUNTIME\=YES
    export LINK_WITH_STANDARD_LIBRARIES\=YES
    export LLVM_TARGET_TRIPLE_OS_VERSION\=ios13.0
    export LLVM_TARGET_TRIPLE_SUFFIX\=-simulator
    export LLVM_TARGET_TRIPLE_VENDOR\=apple
    export LM_AUX_CONST_METADATA_LIST_PATH_normal_arm64\=/Users/rmpal/Library/Developer/Xcode/DerivedData/ASKHatters-grdgfmxzykdhuzgaxmwtwynupyng/Build/Intermediates.noindex/Pods.build/Debug-iphonesimulator/fmt.build/Objects-normal/arm64/fmt.SwiftConstValuesFileList
    export LOCALIZATION_EXPORT_SUPPORTED\=YES
    export LOCALIZATION_PREFERS_STRING_CATALOGS\=NO
    export LOCALIZED_RESOURCES_FOLDER_PATH\=fmt.framework/en.lproj
    export LOCALIZED_STRING_MACRO_NAMES\=NSLocalizedString\ CFCopyLocalizedString
    export LOCALIZED_STRING_SWIFTUI_SUPPORT\=YES
    export LOCAL_ADMIN_APPS_DIR\=/Applications/Utilities
    export LOCAL_APPS_DIR\=/Applications
    export LOCAL_DEVELOPER_DIR\=/Library/Developer
    export LOCAL_LIBRARY_DIR\=/Library
    export LOCROOT\=/Users/rmpal/projects/askhatters/ASKHatters/ios/Pods
    export LOCSYMROOT\=/Users/rmpal/projects/askhatters/ASKHatters/ios/Pods
    export MACH_O_TYPE\=staticlib
    export MAC_OS_X_PRODUCT_BUILD_VERSION\=24F74
    export MAC_OS_X_VERSION_ACTUAL\=150500
    export MAC_OS_X_VERSION_MAJOR\=150000
    export MAC_OS_X_VERSION_MINOR\=150500
    export MAKE_MERGEABLE\=NO
    export MERGEABLE_LIBRARY\=NO
    export MERGED_BINARY_TYPE\=none
    export MERGE_LINKED_LIBRARIES\=NO
    export METAL_LIBRARY_FILE_BASE\=default
    export METAL_LIBRARY_OUTPUT_DIR\=/Users/rmpal/Library/Developer/Xcode/DerivedData/ASKHatters-grdgfmxzykdhuzgaxmwtwynupyng/Build/Products/Debug-iphonesimulator/fmt/fmt.framework
    export MODULEMAP_FILE\=Target\ Support\ Files/fmt/fmt.modulemap
    export MODULES_FOLDER_PATH\=fmt.framework/Modules
    export MODULE_CACHE_DIR\=/Users/rmpal/Library/Developer/Xcode/DerivedData/ModuleCache.noindex
    export MTL_ENABLE_DEBUG_INFO\=INCLUDE_SOURCE
    export MTL_FAST_MATH\=YES
    export NATIVE_ARCH\=arm64
    export NATIVE_ARCH_32_BIT\=arm
    export NATIVE_ARCH_64_BIT\=arm64
    export NATIVE_ARCH_ACTUAL\=arm64
    export NO_COMMON\=YES
    export OBJC_ABI_VERSION\=2
    export OBJECT_FILE_DIR\=/Users/rmpal/Library/Developer/Xcode/DerivedData/ASKHatters-grdgfmxzykdhuzgaxmwtwynupyng/Build/Intermediates.noindex/Pods.build/Debug-iphonesimulator/fmt.build/Objects
    export OBJECT_FILE_DIR_normal\=/Users/rmpal/Library/Developer/Xcode/DerivedData/ASKHatters-grdgfmxzykdhuzgaxmwtwynupyng/Build/Intermediates.noindex/Pods.build/Debug-iphonesimulator/fmt.build/Objects-normal
    export OBJROOT\=/Users/rmpal/Library/Developer/Xcode/DerivedData/ASKHatters-grdgfmxzykdhuzgaxmwtwynupyng/Build/Intermediates.noindex
    export ONLY_ACTIVE_ARCH\=YES
    export OS\=MACOS
    export OSAC\=/usr/bin/osacompile
    export PACKAGE_TYPE\=com.apple.package-type.wrapper.framework
    export PASCAL_STRINGS\=YES
    export PATH\=/Applications/Xcode.app/Contents/SharedFrameworks/SwiftBuild.framework/Versions/A/PlugIns/SWBBuildService.bundle/Contents/PlugIns/SWBUniversalPlatformPlugin.bundle/Contents/Frameworks/SWBUniversalPlatform.framework/Resources:/Applications/Xcode.app/Contents/Developer/Toolchains/XcodeDefault.xctoolchain/usr/bin:/Applications/Xcode.app/Contents/Developer/Toolchains/XcodeDefault.xctoolchain/usr/local/bin:/Applications/Xcode.app/Contents/Developer/Toolchains/XcodeDefault.xctoolchain/usr/libexec:/Applications/Xcode.app/Contents/Developer/Platforms/iPhoneSimulator.platform/usr/bin:/Applications/Xcode.app/Contents/Developer/Platforms/iPhoneSimulator.platform/usr/local/bin:/Applications/Xcode.app/Contents/Developer/Platforms/iPhoneSimulator.platform/Developer/usr/bin:/Applications/Xcode.app/Contents/Developer/Platforms/iPhoneSimulator.platform/Developer/usr/local/bin:/Applications/Xcode.app/Contents/Developer/usr/bin:/Applications/Xcode.app/Contents/Developer/usr/local/bin:/Users/rmpal/.antigravity/antigravity/bin:/Users/rmpal/.codeium/windsurf/bin:/Users/rmpal/Library/Android/sdk/platform-tools:/Users/rmpal/Library/Android/sdk/emulator:/Users/rmpal/.nvm/versions/node/v22.21.1/bin:/usr/local/opt/node@18/bin:/Users/rmpal/.pyenv/shims:/Library/Frameworks/Python.framework/Versions/2.7/bin:/opt/homebrew/bin:/opt/homebrew/sbin:/usr/local/bin:/System/Cryptexes/App/usr/bin:/usr/bin:/bin:/usr/sbin:/sbin:/var/run/com.apple.security.cryptexd/codex.system/bootstrap/usr/local/bin:/var/run/com.apple.security.cryptexd/codex.system/bootstrap/usr/bin:/var/run/com.apple.security.cryptexd/codex.system/bootstrap/usr/appleinternal/bin:/Library/Apple/usr/bin:/usr/local/share/dotnet:/Library/Frameworks/Mono.framework/Versions/Current/Commands:/Users/rmpal/.antigravity/extensions/vscjava.vscode-java-debug-0.58.5-universal/bundled/scripts/noConfigScripts
    export PATH_PREFIXES_EXCLUDED_FROM_HEADER_DEPENDENCIES\=/usr/include\ /usr/local/include\ /System/Library/Frameworks\ /System/Library/PrivateFrameworks\ /Applications/Xcode.app/Contents/Developer/Headers\ /Applications/Xcode.app/Contents/Developer/SDKs\ /Applications/Xcode.app/Contents/Developer/Platforms
    export PBDEVELOPMENTPLIST_PATH\=fmt.framework/pbdevelopment.plist
    export PER_ARCH_MODULE_FILE_DIR\=/Users/rmpal/Library/Developer/Xcode/DerivedData/ASKHatters-grdgfmxzykdhuzgaxmwtwynupyng/Build/Intermediates.noindex/Pods.build/Debug-iphonesimulator/fmt.build/Objects-normal/undefined_arch
    export PER_ARCH_OBJECT_FILE_DIR\=/Users/rmpal/Library/Developer/Xcode/DerivedData/ASKHatters-grdgfmxzykdhuzgaxmwtwynupyng/Build/Intermediates.noindex/Pods.build/Debug-iphonesimulator/fmt.build/Objects-normal/undefined_arch
    export PER_VARIANT_OBJECT_FILE_DIR\=/Users/rmpal/Library/Developer/Xcode/DerivedData/ASKHatters-grdgfmxzykdhuzgaxmwtwynupyng/Build/Intermediates.noindex/Pods.build/Debug-iphonesimulator/fmt.build/Objects-normal
    export PKGINFO_FILE_PATH\=/Users/rmpal/Library/Developer/Xcode/DerivedData/ASKHatters-grdgfmxzykdhuzgaxmwtwynupyng/Build/Intermediates.noindex/Pods.build/Debug-iphonesimulator/fmt.build/PkgInfo
    export PKGINFO_PATH\=fmt.framework/PkgInfo
    export PLATFORM_DEVELOPER_APPLICATIONS_DIR\=/Applications/Xcode.app/Contents/Developer/Platforms/iPhoneSimulator.platform/Developer/Applications
    export PLATFORM_DEVELOPER_BIN_DIR\=/Applications/Xcode.app/Contents/Developer/Platforms/iPhoneSimulator.platform/Developer/usr/bin
    export PLATFORM_DEVELOPER_LIBRARY_DIR\=/Applications/Xcode.app/Contents/Developer/Platforms/iPhoneSimulator.platform/Developer/Library
    export PLATFORM_DEVELOPER_SDK_DIR\=/Applications/Xcode.app/Contents/Developer/Platforms/iPhoneSimulator.platform/Developer/SDKs
    export PLATFORM_DEVELOPER_TOOLS_DIR\=/Applications/Xcode.app/Contents/Developer/Platforms/iPhoneSimulator.platform/Developer/Tools
    export PLATFORM_DEVELOPER_USR_DIR\=/Applications/Xcode.app/Contents/Developer/Platforms/iPhoneSimulator.platform/Developer/usr
    export PLATFORM_DIR\=/Applications/Xcode.app/Contents/Developer/Platforms/iPhoneSimulator.platform
    export PLATFORM_DISPLAY_NAME\=iOS\ Simulator
    export PLATFORM_FAMILY_NAME\=iOS
    export PLATFORM_NAME\=iphonesimulator
    export PLATFORM_PREFERRED_ARCH\=x86_64
    export PLATFORM_PRODUCT_BUILD_VERSION\=22F76
    export PLATFORM_REQUIRES_SWIFT_AUTOLINK_EXTRACT\=NO
    export PLATFORM_REQUIRES_SWIFT_MODULEWRAP\=NO
    export PLIST_FILE_OUTPUT_FORMAT\=binary
    export PLUGINS_FOLDER_PATH\=fmt.framework/PlugIns
    export PODS_BUILD_DIR\=/Users/rmpal/Library/Developer/Xcode/DerivedData/ASKHatters-grdgfmxzykdhuzgaxmwtwynupyng/Build/Products
    export PODS_CONFIGURATION_BUILD_DIR\=/Users/rmpal/Library/Developer/Xcode/DerivedData/ASKHatters-grdgfmxzykdhuzgaxmwtwynupyng/Build/Products/Debug-iphonesimulator
    export PODS_DEVELOPMENT_LANGUAGE\=en
    export PODS_ROOT\=/Users/rmpal/projects/askhatters/ASKHatters/ios/Pods
    export PODS_TARGET_SRCROOT\=/Users/rmpal/projects/askhatters/ASKHatters/ios/Pods/fmt
    export PODS_XCFRAMEWORKS_BUILD_DIR\=/Users/rmpal/Library/Developer/Xcode/DerivedData/ASKHatters-grdgfmxzykdhuzgaxmwtwynupyng/Build/Products/Debug-iphonesimulator/XCFrameworkIntermediates
    export PRECOMPS_INCLUDE_HEADERS_FROM_BUILT_PRODUCTS_DIR\=YES
    export PRECOMP_DESTINATION_DIR\=/Users/rmpal/Library/Developer/Xcode/DerivedData/ASKHatters-grdgfmxzykdhuzgaxmwtwynupyng/Build/Intermediates.noindex/Pods.build/Debug-iphonesimulator/fmt.build/PrefixHeaders
    export PRIVATE_HEADERS_FOLDER_PATH\=fmt.framework/PrivateHeaders
    export PROCESSED_INFOPLIST_PATH\=/Users/rmpal/Library/Developer/Xcode/DerivedData/ASKHatters-grdgfmxzykdhuzgaxmwtwynupyng/Build/Intermediates.noindex/Pods.build/Debug-iphonesimulator/fmt.build/Objects-normal/undefined_arch/Processed-Info.plist
    export PRODUCT_BUNDLE_IDENTIFIER\=org.cocoapods.fmt
    export PRODUCT_BUNDLE_PACKAGE_TYPE\=FMWK
    export PRODUCT_MODULE_NAME\=fmt
    export PRODUCT_NAME\=fmt
    export PRODUCT_SETTINGS_PATH\=/Users/rmpal/projects/askhatters/ASKHatters/ios/Pods/Target\ Support\ Files/fmt/fmt-Info.plist
    export PRODUCT_TYPE\=com.apple.product-type.framework
    export PROFILING_CODE\=NO
    export PROJECT\=Pods
    export PROJECT_DERIVED_FILE_DIR\=/Users/rmpal/Library/Developer/Xcode/DerivedData/ASKHatters-grdgfmxzykdhuzgaxmwtwynupyng/Build/Intermediates.noindex/Pods.build/DerivedSources
    export PROJECT_DIR\=/Users/rmpal/projects/askhatters/ASKHatters/ios/Pods
    export PROJECT_FILE_PATH\=/Users/rmpal/projects/askhatters/ASKHatters/ios/Pods/Pods.xcodeproj
    export PROJECT_GUID\=8699adb1dd336b26511df848a716bd42
    export PROJECT_NAME\=Pods
    export PROJECT_TEMP_DIR\=/Users/rmpal/Library/Developer/Xcode/DerivedData/ASKHatters-grdgfmxzykdhuzgaxmwtwynupyng/Build/Intermediates.noindex/Pods.build
    export PROJECT_TEMP_ROOT\=/Users/rmpal/Library/Developer/Xcode/DerivedData/ASKHatters-grdgfmxzykdhuzgaxmwtwynupyng/Build/Intermediates.noindex
    export PUBLIC_HEADERS_FOLDER_PATH\=fmt.framework/Headers
    export REACT_NATIVE_PATH\=/Users/rmpal/projects/askhatters/ASKHatters/ios/Pods/../../node_modules/react-native
    export RECOMMENDED_IPHONEOS_DEPLOYMENT_TARGET\=15.0
    export RECURSIVE_SEARCH_PATHS_FOLLOW_SYMLINKS\=YES
    export REMOVE_CVS_FROM_RESOURCES\=YES
    export REMOVE_GIT_FROM_RESOURCES\=YES
    export REMOVE_HEADERS_FROM_EMBEDDED_BUNDLES\=YES
    export REMOVE_HG_FROM_RESOURCES\=YES
    export REMOVE_STATIC_EXECUTABLES_FROM_EMBEDDED_BUNDLES\=YES
    export REMOVE_SVN_FROM_RESOURCES\=YES
    export RESCHEDULE_INDEPENDENT_HEADERS_PHASES\=YES
    export REZ_COLLECTOR_DIR\=/Users/rmpal/Library/Developer/Xcode/DerivedData/ASKHatters-grdgfmxzykdhuzgaxmwtwynupyng/Build/Intermediates.noindex/Pods.build/Debug-iphonesimulator/fmt.build/ResourceManagerResources
    export REZ_OBJECTS_DIR\=/Users/rmpal/Library/Developer/Xcode/DerivedData/ASKHatters-grdgfmxzykdhuzgaxmwtwynupyng/Build/Intermediates.noindex/Pods.build/Debug-iphonesimulator/fmt.build/ResourceManagerResources/Objects
    export REZ_SEARCH_PATHS\=/Users/rmpal/Library/Developer/Xcode/DerivedData/ASKHatters-grdgfmxzykdhuzgaxmwtwynupyng/Build/Products/Debug-iphonesimulator/fmt\ 
    export SCAN_ALL_SOURCE_FILES_FOR_INCLUDES\=NO
    export SCRIPTS_FOLDER_PATH\=fmt.framework/Scripts
    export SCRIPT_INPUT_FILE_COUNT\=0
    export SCRIPT_INPUT_FILE_LIST_COUNT\=0
    export SCRIPT_OUTPUT_FILE_COUNT\=0
    export SCRIPT_OUTPUT_FILE_LIST_COUNT\=0
    export SDKROOT\=/Applications/Xcode.app/Contents/Developer/Platforms/iPhoneSimulator.platform/Developer/SDKs/iPhoneSimulator18.5.sdk
    export SDK_DIR\=/Applications/Xcode.app/Contents/Developer/Platforms/iPhoneSimulator.platform/Developer/SDKs/iPhoneSimulator18.5.sdk
    export SDK_DIR_iphonesimulator\=/Applications/Xcode.app/Contents/Developer/Platforms/iPhoneSimulator.platform/Developer/SDKs/iPhoneSimulator18.5.sdk
    export SDK_DIR_iphonesimulator18_5\=/Applications/Xcode.app/Contents/Developer/Platforms/iPhoneSimulator.platform/Developer/SDKs/iPhoneSimulator18.5.sdk
    export SDK_NAME\=iphonesimulator18.5
    export SDK_NAMES\=iphonesimulator18.5
    export SDK_PRODUCT_BUILD_VERSION\=22F76
    export SDK_STAT_CACHE_DIR\=/Users/rmpal/Library/Developer/Xcode/DerivedData
    export SDK_STAT_CACHE_ENABLE\=YES
    export SDK_STAT_CACHE_PATH\=/Users/rmpal/Library/Developer/Xcode/DerivedData/SDKStatCaches.noindex/iphonesimulator18.5-22F76-d5fc8ad4295d2ef488fb7d0f804ce0c4.sdkstatcache
    export SDK_VERSION\=18.5
    export SDK_VERSION_ACTUAL\=180500
    export SDK_VERSION_MAJOR\=180000
    export SDK_VERSION_MINOR\=180500
    export SED\=/usr/bin/sed
    export SEPARATE_STRIP\=NO
    export SEPARATE_SYMBOL_EDIT\=NO
    export SET_DIR_MODE_OWNER_GROUP\=YES
    export SET_FILE_MODE_OWNER_GROUP\=NO
    export SHALLOW_BUNDLE\=YES
    export SHALLOW_BUNDLE_TRIPLE\=ios-simulator
    export SHALLOW_BUNDLE_ios_macabi\=NO
    export SHALLOW_BUNDLE_macos\=NO
    export SHARED_DERIVED_FILE_DIR\=/Users/rmpal/Library/Developer/Xcode/DerivedData/ASKHatters-grdgfmxzykdhuzgaxmwtwynupyng/Build/Products/Debug-iphonesimulator/fmt/DerivedSources
    export SHARED_FRAMEWORKS_FOLDER_PATH\=fmt.framework/SharedFrameworks
    export SHARED_PRECOMPS_DIR\=/Users/rmpal/Library/Developer/Xcode/DerivedData/ASKHatters-grdgfmxzykdhuzgaxmwtwynupyng/Build/Intermediates.noindex/PrecompiledHeaders
    export SHARED_SUPPORT_FOLDER_PATH\=fmt.framework
    export SKIP_INSTALL\=YES
    export SOURCE_ROOT\=/Users/rmpal/projects/askhatters/ASKHatters/ios/Pods
    export SRCROOT\=/Users/rmpal/projects/askhatters/ASKHatters/ios/Pods
    export STRINGSDATA_DIR\=/Users/rmpal/Library/Developer/Xcode/DerivedData/ASKHatters-grdgfmxzykdhuzgaxmwtwynupyng/Build/Intermediates.noindex/Pods.build/Debug-iphonesimulator/fmt.build/Objects-normal/undefined_arch
    export STRINGSDATA_ROOT\=/Users/rmpal/Library/Developer/Xcode/DerivedData/ASKHatters-grdgfmxzykdhuzgaxmwtwynupyng/Build/Intermediates.noindex/Pods.build/Debug-iphonesimulator/fmt.build
    export STRINGS_FILE_INFOPLIST_RENAME\=YES
    export STRINGS_FILE_OUTPUT_ENCODING\=binary
    export STRIP_BITCODE_FROM_COPIED_FILES\=NO
    export STRIP_INSTALLED_PRODUCT\=NO
    export STRIP_STYLE\=debugging
    export STRIP_SWIFT_SYMBOLS\=YES
    export SUPPORTED_DEVICE_FAMILIES\=1,2
    export SUPPORTED_PLATFORMS\=iphoneos\ iphonesimulator
    export SUPPORTS_TEXT_BASED_API\=NO
    export SUPPRESS_WARNINGS\=NO
    export SWIFT_ACTIVE_COMPILATION_CONDITIONS\=\ DEBUG\ 
    export SWIFT_EMIT_LOC_STRINGS\=NO
    export SWIFT_INSTALL_MODULE_FOR_DEPLOYMENT\=YES
    export SWIFT_INSTALL_OBJC_HEADER\=YES
    export SWIFT_OPTIMIZATION_LEVEL\=-Onone
    export SWIFT_PLATFORM_TARGET_PREFIX\=ios
    export SWIFT_RESPONSE_FILE_PATH_normal_arm64\=/Users/rmpal/Library/Developer/Xcode/DerivedData/ASKHatters-grdgfmxzykdhuzgaxmwtwynupyng/Build/Intermediates.noindex/Pods.build/Debug-iphonesimulator/fmt.build/Objects-normal/arm64/fmt.SwiftFileList
    export SWIFT_VERSION\=5.0
    export SYMROOT\=/Users/rmpal/Library/Developer/Xcode/DerivedData/ASKHatters-grdgfmxzykdhuzgaxmwtwynupyng/Build/Products
    export SYSTEM_ADMIN_APPS_DIR\=/Applications/Utilities
    export SYSTEM_APPS_DIR\=/Applications
    export SYSTEM_CORE_SERVICES_DIR\=/System/Library/CoreServices
    export SYSTEM_DEMOS_DIR\=/Applications/Extras
    export SYSTEM_DEVELOPER_APPS_DIR\=/Applications/Xcode.app/Contents/Developer/Applications
    export SYSTEM_DEVELOPER_BIN_DIR\=/Applications/Xcode.app/Contents/Developer/usr/bin
    export SYSTEM_DEVELOPER_DEMOS_DIR\=/Applications/Xcode.app/Contents/Developer/Applications/Utilities/Built\ Examples
    export SYSTEM_DEVELOPER_DIR\=/Applications/Xcode.app/Contents/Developer
    export SYSTEM_DEVELOPER_DOC_DIR\=/Applications/Xcode.app/Contents/Developer/ADC\ Reference\ Library
    export SYSTEM_DEVELOPER_GRAPHICS_TOOLS_DIR\=/Applications/Xcode.app/Contents/Developer/Applications/Graphics\ Tools
    export SYSTEM_DEVELOPER_JAVA_TOOLS_DIR\=/Applications/Xcode.app/Contents/Developer/Applications/Java\ Tools
    export SYSTEM_DEVELOPER_PERFORMANCE_TOOLS_DIR\=/Applications/Xcode.app/Contents/Developer/Applications/Performance\ Tools
    export SYSTEM_DEVELOPER_RELEASENOTES_DIR\=/Applications/Xcode.app/Contents/Developer/ADC\ Reference\ Library/releasenotes
    export SYSTEM_DEVELOPER_TOOLS\=/Applications/Xcode.app/Contents/Developer/Tools
    export SYSTEM_DEVELOPER_TOOLS_DOC_DIR\=/Applications/Xcode.app/Contents/Developer/ADC\ Reference\ Library/documentation/DeveloperTools
    export SYSTEM_DEVELOPER_TOOLS_RELEASENOTES_DIR\=/Applications/Xcode.app/Contents/Developer/ADC\ Reference\ Library/releasenotes/DeveloperTools
    export SYSTEM_DEVELOPER_USR_DIR\=/Applications/Xcode.app/Contents/Developer/usr
    export SYSTEM_DEVELOPER_UTILITIES_DIR\=/Applications/Xcode.app/Contents/Developer/Applications/Utilities
    export SYSTEM_DEXT_INSTALL_PATH\=/System/Library/DriverExtensions
    export SYSTEM_DOCUMENTATION_DIR\=/Library/Documentation
    export SYSTEM_EXTENSIONS_FOLDER_PATH\=fmt.framework/SystemExtensions
    export SYSTEM_EXTENSIONS_FOLDER_PATH_SHALLOW_BUNDLE_NO\=fmt.framework/Library/SystemExtensions
    export SYSTEM_EXTENSIONS_FOLDER_PATH_SHALLOW_BUNDLE_YES\=fmt.framework/SystemExtensions
    export SYSTEM_KEXT_INSTALL_PATH\=/System/Library/Extensions
    export SYSTEM_LIBRARY_DIR\=/System/Library
    export TAPI_DEMANGLE\=YES
    export TAPI_ENABLE_PROJECT_HEADERS\=NO
    export TAPI_LANGUAGE\=objective-c
    export TAPI_LANGUAGE_STANDARD\=compiler-default
    export TAPI_USE_SRCROOT\=YES
    export TAPI_VERIFY_MODE\=Pedantic
    export TARGETED_DEVICE_FAMILY\=1,2
    export TARGETNAME\=fmt
    export TARGET_BUILD_DIR\=/Users/rmpal/Library/Developer/Xcode/DerivedData/ASKHatters-grdgfmxzykdhuzgaxmwtwynupyng/Build/Products/Debug-iphonesimulator/fmt
    export TARGET_DEVICE_IDENTIFIER\=557D5EA7-30FD-4CB1-BF6C-05C287ACC9B5
    export TARGET_DEVICE_MODEL\=iPhone17,1
    export TARGET_DEVICE_OS_VERSION\=18.5
    export TARGET_DEVICE_PLATFORM_NAME\=iphonesimulator
    export TARGET_NAME\=fmt
    export TARGET_TEMP_DIR\=/Users/rmpal/Library/Developer/Xcode/DerivedData/ASKHatters-grdgfmxzykdhuzgaxmwtwynupyng/Build/Intermediates.noindex/Pods.build/Debug-iphonesimulator/fmt.build
    export TEMP_DIR\=/Users/rmpal/Library/Developer/Xcode/DerivedData/ASKHatters-grdgfmxzykdhuzgaxmwtwynupyng/Build/Intermediates.noindex/Pods.build/Debug-iphonesimulator/fmt.build
    export TEMP_FILES_DIR\=/Users/rmpal/Library/Developer/Xcode/DerivedData/ASKHatters-grdgfmxzykdhuzgaxmwtwynupyng/Build/Intermediates.noindex/Pods.build/Debug-iphonesimulator/fmt.build
    export TEMP_FILE_DIR\=/Users/rmpal/Library/Developer/Xcode/DerivedData/ASKHatters-grdgfmxzykdhuzgaxmwtwynupyng/Build/Intermediates.noindex/Pods.build/Debug-iphonesimulator/fmt.build
    export TEMP_ROOT\=/Users/rmpal/Library/Developer/Xcode/DerivedData/ASKHatters-grdgfmxzykdhuzgaxmwtwynupyng/Build/Intermediates.noindex
    export TEMP_SANDBOX_DIR\=/Users/rmpal/Library/Developer/Xcode/DerivedData/ASKHatters-grdgfmxzykdhuzgaxmwtwynupyng/Build/Intermediates.noindex/TemporaryTaskSandboxes
    export TEST_FRAMEWORK_SEARCH_PATHS\=\ /Applications/Xcode.app/Contents/Developer/Platforms/iPhoneSimulator.platform/Developer/Library/Frameworks\ /Applications/Xcode.app/Contents/Developer/Platforms/iPhoneSimulator.platform/Developer/SDKs/iPhoneSimulator18.5.sdk/Developer/Library/Frameworks
    export TEST_LIBRARY_SEARCH_PATHS\=\ /Applications/Xcode.app/Contents/Developer/Platforms/iPhoneSimulator.platform/Developer/usr/lib
    export TOOLCHAINS\=com.apple.dt.toolchain.XcodeDefault
    export TOOLCHAIN_DIR\=/Applications/Xcode.app/Contents/Developer/Toolchains/XcodeDefault.xctoolchain
    export TREAT_MISSING_BASELINES_AS_TEST_FAILURES\=NO
    export TREAT_MISSING_SCRIPT_PHASE_OUTPUTS_AS_ERRORS\=NO
    export TeamIdentifierPrefix\=TN58L8Y3Z2.
    export UID\=501
    export UNINSTALLED_PRODUCTS_DIR\=/Users/rmpal/Library/Developer/Xcode/DerivedData/ASKHatters-grdgfmxzykdhuzgaxmwtwynupyng/Build/Intermediates.noindex/UninstalledProducts
    export UNLOCALIZED_RESOURCES_FOLDER_PATH\=fmt.framework
    export UNLOCALIZED_RESOURCES_FOLDER_PATH_SHALLOW_BUNDLE_NO\=fmt.framework/Resources
    export UNLOCALIZED_RESOURCES_FOLDER_PATH_SHALLOW_BUNDLE_YES\=fmt.framework
    export UNSTRIPPED_PRODUCT\=NO
    export USER\=rmpal
    export USER_APPS_DIR\=/Users/rmpal/Applications
    export USER_LIBRARY_DIR\=/Users/rmpal/Library
    export USE_DYNAMIC_NO_PIC\=YES
    export USE_HEADERMAP\=YES
    export USE_HEADER_SYMLINKS\=NO
    export USE_HERMES\=true
    export USE_RECURSIVE_SCRIPT_INPUTS_IN_SCRIPT_PHASES\=YES
    export VALIDATE_DEVELOPMENT_ASSET_PATHS\=YES_ERROR
    export VALIDATE_PRODUCT\=NO
    export VALID_ARCHS\=arm64\ arm64e\ x86_64
    export VERBOSE_PBXCP\=NO
    export VERSIONING_SYSTEM\=apple-generic
    export VERSIONPLIST_PATH\=fmt.framework/version.plist
    export VERSIONS_FOLDER_PATH\=fmt.framework
    export VERSIONS_FOLDER_PATH_SHALLOW_BUNDLE_NO\=fmt.framework/Versions
    export VERSIONS_FOLDER_PATH_SHALLOW_BUNDLE_YES\=fmt.framework
    export VERSION_INFO_BUILDER\=rmpal
    export VERSION_INFO_FILE\=fmt_vers.c
    export VERSION_INFO_STRING\=\"@\(\#\)PROGRAM:fmt\ \ PROJECT:Pods-1\"
    export WORKSPACE_DIR\=/Users/rmpal/projects/askhatters/ASKHatters/ios
    export WRAPPER_EXTENSION\=framework
    export WRAPPER_NAME\=fmt.framework
    export WRAPPER_SUFFIX\=.framework
    export WRAP_ASSET_PACKS_IN_SEPARATE_DIRECTORIES\=NO
    export XCODE_APP_SUPPORT_DIR\=/Applications/Xcode.app/Contents/Developer/Library/Xcode
    export XCODE_PRODUCT_BUILD_VERSION\=16F6
    export XCODE_VERSION_ACTUAL\=1640
    export XCODE_VERSION_MAJOR\=1600
    export XCODE_VERSION_MINOR\=1640
    export XPCSERVICES_FOLDER_PATH\=fmt.framework/XPCServices
    export YACC\=yacc
    export _DISCOVER_COMMAND_LINE_LINKER_INPUTS\=YES
    export _DISCOVER_COMMAND_LINE_LINKER_INPUTS_INCLUDE_WL\=YES
    export _WRAPPER_CONTENTS_DIR_SHALLOW_BUNDLE_NO\=/Contents
    export _WRAPPER_PARENT_PATH_SHALLOW_BUNDLE_NO\=/..
    export _WRAPPER_RESOURCES_DIR_SHALLOW_BUNDLE_NO\=/Resources
    export __DIAGNOSE_DEPRECATED_ARCHS\=YES
    export arch\=undefined_arch
    export variant\=normal
    /bin/sh -c /Users/rmpal/Library/Developer/Xcode/DerivedData/ASKHatters-grdgfmxzykdhuzgaxmwtwynupyng/Build/Intermediates.noindex/Pods.build/Debug-iphonesimulator/fmt.build/Script-46EB2E0004DCA0.sh

ProcessInfoPlistFile /Users/rmpal/Library/Developer/Xcode/DerivedData/ASKHatters-grdgfmxzykdhuzgaxmwtwynupyng/Build/Products/Debug-iphonesimulator/RCT-Folly/RCT-Folly_privacy.bundle/Info.plist /Users/rmpal/projects/askhatters/ASKHatters/ios/Pods/Target\ Support\ Files/RCT-Folly/ResourceBundle-RCT-Folly_privacy-RCT-Folly-Info.plist (in target 'RCT-Folly-RCT-Folly_privacy' from project 'Pods')
    cd /Users/rmpal/projects/askhatters/ASKHatters/ios/Pods
    builtin-infoPlistUtility /Users/rmpal/projects/askhatters/ASKHatters/ios/Pods/Target\ Support\ Files/RCT-Folly/ResourceBundle-RCT-Folly_privacy-RCT-Folly-Info.plist -producttype com.apple.product-type.bundle -expandbuildsettings -format binary -platform iphonesimulator -o /Users/rmpal/Library/Developer/Xcode/DerivedData/ASKHatters-grdgfmxzykdhuzgaxmwtwynupyng/Build/Products/Debug-iphonesimulator/RCT-Folly/RCT-Folly_privacy.bundle/Info.plist

ProcessInfoPlistFile /Users/rmpal/Library/Developer/Xcode/DerivedData/ASKHatters-grdgfmxzykdhuzgaxmwtwynupyng/Build/Products/Debug-iphonesimulator/boost/boost_privacy.bundle/Info.plist /Users/rmpal/projects/askhatters/ASKHatters/ios/Pods/Target\ Support\ Files/boost/ResourceBundle-boost_privacy-boost-Info.plist (in target 'boost-boost_privacy' from project 'Pods')
    cd /Users/rmpal/projects/askhatters/ASKHatters/ios/Pods
    builtin-infoPlistUtility /Users/rmpal/projects/askhatters/ASKHatters/ios/Pods/Target\ Support\ Files/boost/ResourceBundle-boost_privacy-boost-Info.plist -producttype com.apple.product-type.bundle -expandbuildsettings -format binary -platform iphonesimulator -o /Users/rmpal/Library/Developer/Xcode/DerivedData/ASKHatters-grdgfmxzykdhuzgaxmwtwynupyng/Build/Products/Debug-iphonesimulator/boost/boost_privacy.bundle/Info.plist

ProcessInfoPlistFile /Users/rmpal/Library/Developer/Xcode/DerivedData/ASKHatters-grdgfmxzykdhuzgaxmwtwynupyng/Build/Products/Debug-iphonesimulator/fmt/fmt.framework/Info.plist /Users/rmpal/projects/askhatters/ASKHatters/ios/Pods/Target\ Support\ Files/fmt/fmt-Info.plist (in target 'fmt' from project 'Pods')
    cd /Users/rmpal/projects/askhatters/ASKHatters/ios/Pods
    builtin-infoPlistUtility /Users/rmpal/projects/askhatters/ASKHatters/ios/Pods/Target\ Support\ Files/fmt/fmt-Info.plist -producttype com.apple.product-type.framework -expandbuildsettings -format binary -platform iphonesimulator -o /Users/rmpal/Library/Developer/Xcode/DerivedData/ASKHatters-grdgfmxzykdhuzgaxmwtwynupyng/Build/Products/Debug-iphonesimulator/fmt/fmt.framework/Info.plist

ProcessInfoPlistFile /Users/rmpal/Library/Developer/Xcode/DerivedData/ASKHatters-grdgfmxzykdhuzgaxmwtwynupyng/Build/Products/Debug-iphonesimulator/glog/glog_privacy.bundle/Info.plist /Users/rmpal/projects/askhatters/ASKHatters/ios/Pods/Target\ Support\ Files/glog/ResourceBundle-glog_privacy-glog-Info.plist (in target 'glog-glog_privacy' from project 'Pods')
    cd /Users/rmpal/projects/askhatters/ASKHatters/ios/Pods
    builtin-infoPlistUtility /Users/rmpal/projects/askhatters/ASKHatters/ios/Pods/Target\ Support\ Files/glog/ResourceBundle-glog_privacy-glog-Info.plist -producttype com.apple.product-type.bundle -expandbuildsettings -format binary -platform iphonesimulator -o /Users/rmpal/Library/Developer/Xcode/DerivedData/ASKHatters-grdgfmxzykdhuzgaxmwtwynupyng/Build/Products/Debug-iphonesimulator/glog/glog_privacy.bundle/Info.plist

ProcessInfoPlistFile /Users/rmpal/Library/Developer/Xcode/DerivedData/ASKHatters-grdgfmxzykdhuzgaxmwtwynupyng/Build/Products/Debug-iphonesimulator/glog/glog.framework/Info.plist /Users/rmpal/projects/askhatters/ASKHatters/ios/Pods/Target\ Support\ Files/glog/glog-Info.plist (in target 'glog' from project 'Pods')
    cd /Users/rmpal/projects/askhatters/ASKHatters/ios/Pods
    builtin-infoPlistUtility /Users/rmpal/projects/askhatters/ASKHatters/ios/Pods/Target\ Support\ Files/glog/glog-Info.plist -producttype com.apple.product-type.framework -expandbuildsettings -format binary -platform iphonesimulator -o /Users/rmpal/Library/Developer/Xcode/DerivedData/ASKHatters-grdgfmxzykdhuzgaxmwtwynupyng/Build/Products/Debug-iphonesimulator/glog/glog.framework/Info.plist

warning: Run script build phase 'Create Symlinks to Header Folders' will be run during every build because it does not specify any outputs. To address this issue, either add output dependencies to the script phase, or configure it to run in every build by unchecking "Based on dependency analysis" in the script phase. (in target 'RCT-Folly' from project 'Pods')
ProcessInfoPlistFile /Users/rmpal/Library/Developer/Xcode/DerivedData/ASKHatters-grdgfmxzykdhuzgaxmwtwynupyng/Build/Products/Debug-iphonesimulator/RCT-Folly/folly.framework/Info.plist /Users/rmpal/projects/askhatters/ASKHatters/ios/Pods/Target\ Support\ Files/RCT-Folly/RCT-Folly-Info.plist (in target 'RCT-Folly' from project 'Pods')
    cd /Users/rmpal/projects/askhatters/ASKHatters/ios/Pods
    builtin-infoPlistUtility /Users/rmpal/projects/askhatters/ASKHatters/ios/Pods/Target\ Support\ Files/RCT-Folly/RCT-Folly-Info.plist -producttype com.apple.product-type.framework -expandbuildsettings -format binary -platform iphonesimulator -o /Users/rmpal/Library/Developer/Xcode/DerivedData/ASKHatters-grdgfmxzykdhuzgaxmwtwynupyng/Build/Products/Debug-iphonesimulator/RCT-Folly/folly.framework/Info.plist

PhaseScriptExecution Create\ Symlinks\ to\ Header\ Folders /Users/rmpal/Library/Developer/Xcode/DerivedData/ASKHatters-grdgfmxzykdhuzgaxmwtwynupyng/Build/Intermediates.noindex/Pods.build/Debug-iphonesimulator/RCT-Folly.build/Script-46EB2E00033D70.sh (in target 'RCT-Folly' from project 'Pods')
    cd /Users/rmpal/projects/askhatters/ASKHatters/ios/Pods
    export ACTION\=build
    export AD_HOC_CODE_SIGNING_ALLOWED\=YES
    export ALLOW_BUILD_REQUEST_OVERRIDES\=NO
    export ALLOW_TARGET_PLATFORM_SPECIALIZATION\=NO
    export ALTERNATE_GROUP\=staff
    export ALTERNATE_MODE\=u+w,go-w,a+rX
    export ALTERNATE_OWNER\=rmpal
    export ALTERNATIVE_DISTRIBUTION_WEB\=NO
    export ALWAYS_EMBED_SWIFT_STANDARD_LIBRARIES\=NO
    export ALWAYS_SEARCH_USER_PATHS\=NO
    export ALWAYS_USE_SEPARATE_HEADERMAPS\=NO
    export APPLICATION_EXTENSION_API_ONLY\=NO
    export APPLY_RULES_IN_COPY_FILES\=NO
    export APPLY_RULES_IN_COPY_HEADERS\=NO
    export APP_SHORTCUTS_ENABLE_FLEXIBLE_MATCHING\=YES
    export ARCHS\=arm64
    export ARCHS_STANDARD\=arm64\ x86_64
    export ARCHS_STANDARD_32_64_BIT\=arm64\ x86_64
    export ARCHS_STANDARD_64_BIT\=arm64\ x86_64
    export ARCHS_STANDARD_INCLUDING_64_BIT\=arm64\ x86_64
    export ARCHS_UNIVERSAL_IPHONE_OS\=arm64\ x86_64
    export ASSETCATALOG_FILTER_FOR_DEVICE_MODEL\=iPhone17,1
    export ASSETCATALOG_FILTER_FOR_DEVICE_OS_VERSION\=18.5
    export ASSETCATALOG_FILTER_FOR_THINNING_DEVICE_CONFIGURATION\=iPhone17,1
    export AUTOMATICALLY_MERGE_DEPENDENCIES\=NO
    export AVAILABLE_PLATFORMS\=android\ appletvos\ appletvsimulator\ driverkit\ iphoneos\ iphonesimulator\ macosx\ qnx\ watchos\ watchsimulator\ xros\ xrsimulator
    export AppIdentifierPrefix\=TN58L8Y3Z2.
    export BITCODE_GENERATION_MODE\=marker
    export BUILD_ACTIVE_RESOURCES_ONLY\=YES
    export BUILD_COMPONENTS\=headers\ build
    export BUILD_DIR\=/Users/rmpal/Library/Developer/Xcode/DerivedData/ASKHatters-grdgfmxzykdhuzgaxmwtwynupyng/Build/Products
    export BUILD_LIBRARY_FOR_DISTRIBUTION\=NO
    export BUILD_ROOT\=/Users/rmpal/Library/Developer/Xcode/DerivedData/ASKHatters-grdgfmxzykdhuzgaxmwtwynupyng/Build/Products
    export BUILD_STYLE\=
    export BUILD_VARIANTS\=normal
    export BUILT_PRODUCTS_DIR\=/Users/rmpal/Library/Developer/Xcode/DerivedData/ASKHatters-grdgfmxzykdhuzgaxmwtwynupyng/Build/Products/Debug-iphonesimulator/RCT-Folly
    export BUNDLE_CONTENTS_FOLDER_PATH_deep\=Contents/
    export BUNDLE_EXECUTABLE_FOLDER_NAME_deep\=MacOS
    export BUNDLE_EXTENSIONS_FOLDER_PATH\=Extensions
    export BUNDLE_FORMAT\=shallow
    export BUNDLE_FRAMEWORKS_FOLDER_PATH\=Frameworks
    export BUNDLE_PLUGINS_FOLDER_PATH\=PlugIns
    export BUNDLE_PRIVATE_HEADERS_FOLDER_PATH\=PrivateHeaders
    export BUNDLE_PUBLIC_HEADERS_FOLDER_PATH\=Headers
    export CACHE_ROOT\=/var/folders/80/krvrwbrj2pld84nbclzf6bd40000gn/C/com.apple.DeveloperTools/16.4-16F6/Xcode
    export CCHROOT\=/var/folders/80/krvrwbrj2pld84nbclzf6bd40000gn/C/com.apple.DeveloperTools/16.4-16F6/Xcode
    export CHMOD\=/bin/chmod
    export CHOWN\=/usr/sbin/chown
    export CLANG_ALLOW_NON_MODULAR_INCLUDES_IN_FRAMEWORK_MODULES\=YES
    export CLANG_ANALYZER_LOCALIZABILITY_NONLOCALIZED\=YES
    export CLANG_ANALYZER_NONNULL\=YES
    export CLANG_ANALYZER_NUMBER_OBJECT_CONVERSION\=YES_AGGRESSIVE
    export CLANG_CACHE_FINE_GRAINED_OUTPUTS\=YES
    export CLANG_CXX_LANGUAGE_STANDARD\=c++17
    export CLANG_CXX_LIBRARY\=libc++
    export CLANG_ENABLE_EXPLICIT_MODULES\=YES
    export CLANG_ENABLE_MODULES\=YES
    export CLANG_ENABLE_OBJC_ARC\=YES
    export CLANG_ENABLE_OBJC_WEAK\=NO
    export CLANG_MODULES_BUILD_SESSION_FILE\=/Users/rmpal/Library/Developer/Xcode/DerivedData/ModuleCache.noindex/Session.modulevalidation
    export CLANG_WARN_BLOCK_CAPTURE_AUTORELEASING\=YES
    export CLANG_WARN_BOOL_CONVERSION\=YES
    export CLANG_WARN_COMMA\=YES
    export CLANG_WARN_CONSTANT_CONVERSION\=YES
    export CLANG_WARN_DEPRECATED_OBJC_IMPLEMENTATIONS\=YES
    export CLANG_WARN_DIRECT_OBJC_ISA_USAGE\=YES_ERROR
    export CLANG_WARN_DOCUMENTATION_COMMENTS\=YES
    export CLANG_WARN_EMPTY_BODY\=YES
    export CLANG_WARN_ENUM_CONVERSION\=YES
    export CLANG_WARN_INFINITE_RECURSION\=YES
    export CLANG_WARN_INT_CONVERSION\=YES
    export CLANG_WARN_NON_LITERAL_NULL_CONVERSION\=YES
    export CLANG_WARN_OBJC_IMPLICIT_RETAIN_SELF\=YES
    export CLANG_WARN_OBJC_LITERAL_CONVERSION\=YES
    export CLANG_WARN_OBJC_ROOT_CLASS\=YES_ERROR
    export CLANG_WARN_QUOTED_INCLUDE_IN_FRAMEWORK_HEADER\=NO
    export CLANG_WARN_RANGE_LOOP_ANALYSIS\=YES
    export CLANG_WARN_STRICT_PROTOTYPES\=YES
    export CLANG_WARN_SUSPICIOUS_MOVE\=YES
    export CLANG_WARN_UNGUARDED_AVAILABILITY\=YES_AGGRESSIVE
    export CLANG_WARN_UNREACHABLE_CODE\=YES
    export CLANG_WARN__DUPLICATE_METHOD_MATCH\=YES
    export CLASS_FILE_DIR\=/Users/rmpal/Library/Developer/Xcode/DerivedData/ASKHatters-grdgfmxzykdhuzgaxmwtwynupyng/Build/Intermediates.noindex/Pods.build/Debug-iphonesimulator/RCT-Folly.build/JavaClasses
    export CLEAN_PRECOMPS\=YES
    export CLONE_HEADERS\=NO
    export CODESIGNING_FOLDER_PATH\=/Users/rmpal/Library/Developer/Xcode/DerivedData/ASKHatters-grdgfmxzykdhuzgaxmwtwynupyng/Build/Products/Debug-iphonesimulator/RCT-Folly/folly.framework
    export CODE_SIGNING_ALLOWED\=YES
    export CODE_SIGNING_REQUIRED\=NO
    export CODE_SIGNING_REQUIRES_TEAM\=YES
    export CODE_SIGN_CONTEXT_CLASS\=XCiPhoneSimulatorCodeSignContext
    export CODE_SIGN_IDENTITY\=-
    export CODE_SIGN_INJECT_BASE_ENTITLEMENTS\=YES
    export COLOR_DIAGNOSTICS\=NO
    export COMBINE_HIDPI_IMAGES\=NO
    export COMPILATION_CACHE_CAS_PATH\=/Users/rmpal/Library/Developer/Xcode/DerivedData/CompilationCache.noindex
    export COMPILATION_CACHE_KEEP_CAS_DIRECTORY\=YES
    export COMPILER_INDEX_STORE_ENABLE\=Default
    export COMPOSITE_SDK_DIRS\=/Users/rmpal/Library/Developer/Xcode/DerivedData/ASKHatters-grdgfmxzykdhuzgaxmwtwynupyng/Build/Intermediates.noindex/CompositeSDKs
    export COMPRESS_PNG_FILES\=YES
    export CONFIGURATION\=Debug
    export CONFIGURATION_BUILD_DIR\=/Users/rmpal/Library/Developer/Xcode/DerivedData/ASKHatters-grdgfmxzykdhuzgaxmwtwynupyng/Build/Products/Debug-iphonesimulator/RCT-Folly
    export CONFIGURATION_TEMP_DIR\=/Users/rmpal/Library/Developer/Xcode/DerivedData/ASKHatters-grdgfmxzykdhuzgaxmwtwynupyng/Build/Intermediates.noindex/Pods.build/Debug-iphonesimulator
    export CONTENTS_FOLDER_PATH\=folly.framework
    export CONTENTS_FOLDER_PATH_SHALLOW_BUNDLE_NO\=folly.framework/A
    export CONTENTS_FOLDER_PATH_SHALLOW_BUNDLE_YES\=folly.framework
    export COPYING_PRESERVES_HFS_DATA\=NO
    export COPY_HEADERS_RUN_UNIFDEF\=NO
    export COPY_PHASE_STRIP\=NO
    export CORRESPONDING_DEVICE_PLATFORM_DIR\=/Applications/Xcode.app/Contents/Developer/Platforms/iPhoneOS.platform
    export CORRESPONDING_DEVICE_PLATFORM_NAME\=iphoneos
    export CORRESPONDING_DEVICE_SDK_DIR\=/Applications/Xcode.app/Contents/Developer/Platforms/iPhoneOS.platform/Developer/SDKs/iPhoneOS18.5.sdk
    export CORRESPONDING_DEVICE_SDK_NAME\=iphoneos18.5
    export CP\=/bin/cp
    export CREATE_INFOPLIST_SECTION_IN_BINARY\=NO
    export CURRENT_ARCH\=undefined_arch
    export CURRENT_PROJECT_VERSION\=1
    export CURRENT_VARIANT\=normal
    export CURRENT_VERSION\=Current
    export DEAD_CODE_STRIPPING\=YES
    export DEBUGGING_SYMBOLS\=YES
    export DEBUG_INFORMATION_FORMAT\=dwarf
    export DEBUG_INFORMATION_VERSION\=compiler-default
    export DEFAULT_COMPILER\=com.apple.compilers.llvm.clang.1_0
    export DEFAULT_DEXT_INSTALL_PATH\=/System/Library/DriverExtensions
    export DEFAULT_KEXT_INSTALL_PATH\=/System/Library/Extensions
    export DEFINES_MODULE\=YES
    export DEPLOYMENT_LOCATION\=NO
    export DEPLOYMENT_POSTPROCESSING\=NO
    export DEPLOYMENT_TARGET_SETTING_NAME\=IPHONEOS_DEPLOYMENT_TARGET
    export DEPLOYMENT_TARGET_SUGGESTED_VALUES\=12.0\ 12.1\ 12.2\ 12.3\ 12.4\ 13.0\ 13.1\ 13.2\ 13.3\ 13.4\ 13.5\ 13.6\ 14.0\ 14.1\ 14.2\ 14.3\ 14.4\ 14.5\ 14.6\ 14.7\ 15.0\ 15.1\ 15.2\ 15.3\ 15.4\ 15.5\ 15.6\ 16.0\ 16.1\ 16.2\ 16.3\ 16.4\ 16.5\ 16.6\ 17.0\ 17.1\ 17.2\ 17.3\ 17.4\ 17.5\ 17.6\ 18.0\ 18.1\ 18.2\ 18.3\ 18.4\ 18.5
    export DERIVED_FILES_DIR\=/Users/rmpal/Library/Developer/Xcode/DerivedData/ASKHatters-grdgfmxzykdhuzgaxmwtwynupyng/Build/Intermediates.noindex/Pods.build/Debug-iphonesimulator/RCT-Folly.build/DerivedSources
    export DERIVED_FILE_DIR\=/Users/rmpal/Library/Developer/Xcode/DerivedData/ASKHatters-grdgfmxzykdhuzgaxmwtwynupyng/Build/Intermediates.noindex/Pods.build/Debug-iphonesimulator/RCT-Folly.build/DerivedSources
    export DERIVED_SOURCES_DIR\=/Users/rmpal/Library/Developer/Xcode/DerivedData/ASKHatters-grdgfmxzykdhuzgaxmwtwynupyng/Build/Intermediates.noindex/Pods.build/Debug-iphonesimulator/RCT-Folly.build/DerivedSources
    export DEVELOPER_APPLICATIONS_DIR\=/Applications/Xcode.app/Contents/Developer/Applications
    export DEVELOPER_BIN_DIR\=/Applications/Xcode.app/Contents/Developer/usr/bin
    export DEVELOPER_DIR\=/Applications/Xcode.app/Contents/Developer
    export DEVELOPER_FRAMEWORKS_DIR\=/Applications/Xcode.app/Contents/Developer/Library/Frameworks
    export DEVELOPER_FRAMEWORKS_DIR_QUOTED\=/Applications/Xcode.app/Contents/Developer/Library/Frameworks
    export DEVELOPER_LIBRARY_DIR\=/Applications/Xcode.app/Contents/Developer/Library
    export DEVELOPER_SDK_DIR\=/Applications/Xcode.app/Contents/Developer/Platforms/MacOSX.platform/Developer/SDKs
    export DEVELOPER_TOOLS_DIR\=/Applications/Xcode.app/Contents/Developer/Tools
    export DEVELOPER_USR_DIR\=/Applications/Xcode.app/Contents/Developer/usr
    export DEVELOPMENT_LANGUAGE\=en
    export DIAGNOSE_MISSING_TARGET_DEPENDENCIES\=YES
    export DIFF\=/usr/bin/diff
    export DOCUMENTATION_FOLDER_PATH\=folly.framework/en.lproj/Documentation
    export DONT_GENERATE_INFOPLIST_FILE\=NO
    export DSTROOT\=/tmp/Pods.dst
    export DT_TOOLCHAIN_DIR\=/Applications/Xcode.app/Contents/Developer/Toolchains/XcodeDefault.xctoolchain
    export DWARF_DSYM_FILE_NAME\=folly.framework.dSYM
    export DWARF_DSYM_FILE_SHOULD_ACCOMPANY_PRODUCT\=NO
    export DWARF_DSYM_FOLDER_PATH\=/Users/rmpal/Library/Developer/Xcode/DerivedData/ASKHatters-grdgfmxzykdhuzgaxmwtwynupyng/Build/Products/Debug-iphonesimulator/RCT-Folly
    export DYLIB_COMPATIBILITY_VERSION\=1
    export DYLIB_CURRENT_VERSION\=1
    export DYLIB_INSTALL_NAME_BASE\=@rpath
    export DYNAMIC_LIBRARY_EXTENSION\=dylib
    export EAGER_COMPILATION_ALLOW_SCRIPTS\=NO
    export EAGER_LINKING\=NO
    export EFFECTIVE_PLATFORM_NAME\=-iphonesimulator
    export EMBEDDED_CONTENT_CONTAINS_SWIFT\=NO
    export EMBED_ASSET_PACKS_IN_PRODUCT_BUNDLE\=NO
    export ENABLE_APP_SANDBOX\=NO
    export ENABLE_BITCODE\=NO
    export ENABLE_CODE_COVERAGE\=YES
    export ENABLE_DEFAULT_HEADER_SEARCH_PATHS\=YES
    export ENABLE_DEFAULT_SEARCH_PATHS\=YES
    export ENABLE_HARDENED_RUNTIME\=NO
    export ENABLE_HEADER_DEPENDENCIES\=YES
    export ENABLE_INCOMING_NETWORK_CONNECTIONS\=NO
    export ENABLE_MODULE_VERIFIER\=NO
    export ENABLE_ON_DEMAND_RESOURCES\=NO
    export ENABLE_OUTGOING_NETWORK_CONNECTIONS\=NO
    export ENABLE_PREVIEWS\=NO
    export ENABLE_RESOURCE_ACCESS_AUDIO_INPUT\=NO
    export ENABLE_RESOURCE_ACCESS_BLUETOOTH\=NO
    export ENABLE_RESOURCE_ACCESS_CALENDARS\=NO
    export ENABLE_RESOURCE_ACCESS_CAMERA\=NO
    export ENABLE_RESOURCE_ACCESS_CONTACTS\=NO
    export ENABLE_RESOURCE_ACCESS_LOCATION\=NO
    export ENABLE_RESOURCE_ACCESS_PRINTING\=NO
    export ENABLE_RESOURCE_ACCESS_USB\=NO
    export ENABLE_SDK_IMPORTS\=NO
    export ENABLE_STRICT_OBJC_MSGSEND\=YES
    export ENABLE_TESTABILITY\=YES
    export ENABLE_TESTING_SEARCH_PATHS\=NO
    export ENABLE_USER_SCRIPT_SANDBOXING\=NO
    export ENABLE_XOJIT_PREVIEWS\=YES
    export ENFORCE_VALID_ARCHS\=YES
    export ENTITLEMENTS_DESTINATION\=__entitlements
    export ENTITLEMENTS_REQUIRED\=NO
    export EXCLUDED_INSTALLSRC_SUBDIRECTORY_PATTERNS\=.DS_Store\ .svn\ .git\ .hg\ CVS
    export EXCLUDED_RECURSIVE_SEARCH_PATH_SUBDIRECTORIES\=\*.nib\ \*.lproj\ \*.framework\ \*.gch\ \*.xcode\*\ \*.xcassets\ \(\*\)\ .DS_Store\ CVS\ .svn\ .git\ .hg\ \*.pbproj\ \*.pbxproj
    export EXECUTABLES_FOLDER_PATH\=folly.framework/en.lproj
    export EXECUTABLE_FOLDER_PATH\=folly.framework
    export EXECUTABLE_FOLDER_PATH_SHALLOW_BUNDLE_NO\=folly.framework
    export EXECUTABLE_FOLDER_PATH_SHALLOW_BUNDLE_YES\=folly.framework
    export EXECUTABLE_NAME\=folly
    export EXECUTABLE_PATH\=folly.framework/folly
    export EXPANDED_CODE_SIGN_IDENTITY\=-
    export EXPANDED_CODE_SIGN_IDENTITY_NAME\=Sign\ to\ Run\ Locally
    export EXTENSIONS_FOLDER_PATH\=folly.framework/Extensions
    export FILE_LIST\=/Users/rmpal/Library/Developer/Xcode/DerivedData/ASKHatters-grdgfmxzykdhuzgaxmwtwynupyng/Build/Intermediates.noindex/Pods.build/Debug-iphonesimulator/RCT-Folly.build/Objects/LinkFileList
    export FIXED_FILES_DIR\=/Users/rmpal/Library/Developer/Xcode/DerivedData/ASKHatters-grdgfmxzykdhuzgaxmwtwynupyng/Build/Intermediates.noindex/Pods.build/Debug-iphonesimulator/RCT-Folly.build/FixedFiles
    export FRAMEWORKS_FOLDER_PATH\=folly.framework/Frameworks
    export FRAMEWORK_FLAG_PREFIX\=-framework
    export FRAMEWORK_SEARCH_PATHS\=/Users/rmpal/Library/Developer/Xcode/DerivedData/ASKHatters-grdgfmxzykdhuzgaxmwtwynupyng/Build/Products/Debug-iphonesimulator/RCT-Folly\ \ \"/Users/rmpal/Library/Developer/Xcode/DerivedData/ASKHatters-grdgfmxzykdhuzgaxmwtwynupyng/Build/Products/Debug-iphonesimulator/DoubleConversion\"\ \"/Users/rmpal/Library/Developer/Xcode/DerivedData/ASKHatters-grdgfmxzykdhuzgaxmwtwynupyng/Build/Products/Debug-iphonesimulator/fmt\"\ \"/Users/rmpal/Library/Developer/Xcode/DerivedData/ASKHatters-grdgfmxzykdhuzgaxmwtwynupyng/Build/Products/Debug-iphonesimulator/glog\"
    export FRAMEWORK_VERSION\=A
    export FULL_PRODUCT_NAME\=folly.framework
    export FUSE_BUILD_PHASES\=YES
    export FUSE_BUILD_SCRIPT_PHASES\=NO
    export GCC3_VERSION\=3.3
    export GCC_C_LANGUAGE_STANDARD\=gnu11
    export GCC_DYNAMIC_NO_PIC\=NO
    export GCC_INLINES_ARE_PRIVATE_EXTERN\=YES
    export GCC_NO_COMMON_BLOCKS\=YES
    export GCC_OBJC_LEGACY_DISPATCH\=YES
    export GCC_OPTIMIZATION_LEVEL\=0
    export GCC_PFE_FILE_C_DIALECTS\=c\ objective-c\ c++\ objective-c++
    export GCC_PREFIX_HEADER\=Target\ Support\ Files/RCT-Folly/RCT-Folly-prefix.pch
    export GCC_PREPROCESSOR_DEFINITIONS\=POD_CONFIGURATION_DEBUG\=1\ DEBUG\=1\ \ COCOAPODS\=1
    export GCC_TREAT_WARNINGS_AS_ERRORS\=NO
    export GCC_VERSION\=com.apple.compilers.llvm.clang.1_0
    export GCC_VERSION_IDENTIFIER\=com_apple_compilers_llvm_clang_1_0
    export GCC_WARN_64_TO_32_BIT_CONVERSION\=YES
    export GCC_WARN_ABOUT_RETURN_TYPE\=YES_ERROR
    export GCC_WARN_INHIBIT_ALL_WARNINGS\=NO
    export GCC_WARN_UNDECLARED_SELECTOR\=YES
    export GCC_WARN_UNINITIALIZED_AUTOS\=YES_AGGRESSIVE
    export GCC_WARN_UNUSED_FUNCTION\=YES
    export GCC_WARN_UNUSED_VARIABLE\=YES
    export GENERATED_MODULEMAP_DIR\=/Users/rmpal/Library/Developer/Xcode/DerivedData/ASKHatters-grdgfmxzykdhuzgaxmwtwynupyng/Build/Intermediates.noindex/GeneratedModuleMaps-iphonesimulator
    export GENERATE_INFOPLIST_FILE\=NO
    export GENERATE_INTERMEDIATE_TEXT_BASED_STUBS\=YES
    export GENERATE_MASTER_OBJECT_FILE\=NO
    export GENERATE_PKGINFO_FILE\=NO
    export GENERATE_PROFILING_CODE\=NO
    export GENERATE_TEXT_BASED_STUBS\=NO
    export GID\=20
    export GROUP\=staff
    export HEADERMAP_INCLUDES_FLAT_ENTRIES_FOR_TARGET_BEING_BUILT\=YES
    export HEADERMAP_INCLUDES_FRAMEWORK_ENTRIES_FOR_ALL_PRODUCT_TYPES\=YES
    export HEADERMAP_INCLUDES_FRAMEWORK_ENTRIES_FOR_TARGETS_NOT_BEING_BUILT\=YES
    export HEADERMAP_INCLUDES_NONPUBLIC_NONPRIVATE_HEADERS\=YES
    export HEADERMAP_INCLUDES_PROJECT_HEADERS\=YES
    export HEADERMAP_USES_FRAMEWORK_PREFIX_ENTRIES\=YES
    export HEADERMAP_USES_VFS\=YES
    export HEADER_SEARCH_PATHS\=/Users/rmpal/Library/Developer/Xcode/DerivedData/ASKHatters-grdgfmxzykdhuzgaxmwtwynupyng/Build/Products/Debug-iphonesimulator/RCT-Folly/include\ \ /Users/rmpal/Library/Developer/Xcode/DerivedData/ASKHatters-grdgfmxzykdhuzgaxmwtwynupyng/Build/Products/Debug-iphonesimulator/ReactCommon/ReactCommon.framework/Headers\ /Users/rmpal/Library/Developer/Xcode/DerivedData/ASKHatters-grdgfmxzykdhuzgaxmwtwynupyng/Build/Products/Debug-iphonesimulator/ReactCommon/ReactCommon.framework/Headers/react/nativemodule/core\ /Users/rmpal/Library/Developer/Xcode/DerivedData/ASKHatters-grdgfmxzykdhuzgaxmwtwynupyng/Build/Products/Debug-iphonesimulator/React-runtimeexecutor/React_runtimeexecutor.framework/Headers\ /Users/rmpal/Library/Developer/Xcode/DerivedData/ASKHatters-grdgfmxzykdhuzgaxmwtwynupyng/Build/Products/Debug-iphonesimulator/React-runtimeexecutor/React_runtimeexecutor.framework/Headers/platform/ios\ /Users/rmpal/Library/Developer/Xcode/DerivedData/ASKHatters-grdgfmxzykdhuzgaxmwtwynupyng/Build/Products/Debug-iphonesimulator/ReactCommon-Samples/ReactCommon_Samples.framework/Headers\ /Users/rmpal/Library/Developer/Xcode/DerivedData/ASKHatters-grdgfmxzykdhuzgaxmwtwynupyng/Build/Products/Debug-iphonesimulator/ReactCommon-Samples/ReactCommon_Samples.framework/Headers/platform/ios\ /Users/rmpal/Library/Developer/Xcode/DerivedData/ASKHatters-grdgfmxzykdhuzgaxmwtwynupyng/Build/Products/Debug-iphonesimulator/React-Fabric/React_Fabric.framework/Headers/react/renderer/components/view/platform/cxx\ /Users/rmpal/Library/Developer/Xcode/DerivedData/ASKHatters-grdgfmxzykdhuzgaxmwtwynupyng/Build/Products/Debug-iphonesimulator/React-NativeModulesApple/React_NativeModulesApple.framework/Headers\ /Users/rmpal/Library/Developer/Xcode/DerivedData/ASKHatters-grdgfmxzykdhuzgaxmwtwynupyng/Build/Products/Debug-iphonesimulator/React-graphics/React_graphics.framework/Headers\ /Users/rmpal/Library/Developer/Xcode/DerivedData/ASKHatters-grdgfmxzykdhuzgaxmwtwynupyng/Build/Products/Debug-iphonesimulator/React-graphics/React_graphics.framework/Headers/react/renderer/graphics/platform/ios\ \"/Users/rmpal/projects/askhatters/ASKHatters/ios/Pods/Headers/Public\"\ \"/Users/rmpal/projects/askhatters/ASKHatters/ios/Pods/Headers/Public/boost\"\ \"/Users/rmpal/projects/askhatters/ASKHatters/ios/Pods/Headers/Public/fast_float\"\ \"/Users/rmpal/projects/askhatters/ASKHatters/ios/Pods/RCT-Folly\"\ \"/Users/rmpal/projects/askhatters/ASKHatters/ios/Pods/boost\"\ \"/Users/rmpal/projects/askhatters/ASKHatters/ios/Pods/DoubleConversion\"\ \"/Users/rmpal/projects/askhatters/ASKHatters/ios/Pods/fast_float/include\"\ \"/Users/rmpal/projects/askhatters/ASKHatters/ios/Pods/fmt/include\"
    export HIDE_BITCODE_SYMBOLS\=YES
    export HOME\=/Users/rmpal
    export HOST_ARCH\=arm64
    export HOST_PLATFORM\=macosx
    export ICONV\=/usr/bin/iconv
    export IMPLICIT_DEPENDENCY_DOMAIN\=default
    export INFOPLIST_ENABLE_CFBUNDLEICONS_MERGE\=YES
    export INFOPLIST_EXPAND_BUILD_SETTINGS\=YES
    export INFOPLIST_FILE\=Target\ Support\ Files/RCT-Folly/RCT-Folly-Info.plist
    export INFOPLIST_OUTPUT_FORMAT\=binary
    export INFOPLIST_PATH\=folly.framework/Info.plist
    export INFOPLIST_PREPROCESS\=NO
    export INFOSTRINGS_PATH\=folly.framework/en.lproj/InfoPlist.strings
    export INLINE_PRIVATE_FRAMEWORKS\=NO
    export INSTALLAPI_IGNORE_SKIP_INSTALL\=YES
    export INSTALLHDRS_COPY_PHASE\=NO
    export INSTALLHDRS_SCRIPT_PHASE\=NO
    export INSTALL_DIR\=/tmp/Pods.dst/Library/Frameworks
    export INSTALL_GROUP\=staff
    export INSTALL_MODE_FLAG\=u+w,go-w,a+rX
    export INSTALL_OWNER\=rmpal
    export INSTALL_PATH\=/Library/Frameworks
    export INSTALL_ROOT\=/tmp/Pods.dst
    export IPHONEOS_DEPLOYMENT_TARGET\=13.0
    export IS_UNOPTIMIZED_BUILD\=YES
    export JAVAC_DEFAULT_FLAGS\=-J-Xms64m\ -J-XX:NewSize\=4M\ -J-Dfile.encoding\=UTF8
    export JAVA_APP_STUB\=/System/Library/Frameworks/JavaVM.framework/Resources/MacOS/JavaApplicationStub
    export JAVA_ARCHIVE_CLASSES\=YES
    export JAVA_ARCHIVE_TYPE\=JAR
    export JAVA_COMPILER\=/usr/bin/javac
    export JAVA_FOLDER_PATH\=folly.framework/Java
    export JAVA_FRAMEWORK_RESOURCES_DIRS\=Resources
    export JAVA_JAR_FLAGS\=cv
    export JAVA_SOURCE_SUBDIR\=.
    export JAVA_USE_DEPENDENCIES\=YES
    export JAVA_ZIP_FLAGS\=-urg
    export JIKES_DEFAULT_FLAGS\=+E\ +OLDCSO
    export KEEP_PRIVATE_EXTERNS\=NO
    export LD_DEPENDENCY_INFO_FILE\=/Users/rmpal/Library/Developer/Xcode/DerivedData/ASKHatters-grdgfmxzykdhuzgaxmwtwynupyng/Build/Intermediates.noindex/Pods.build/Debug-iphonesimulator/RCT-Folly.build/Objects-normal/undefined_arch/folly_dependency_info.dat
    export LD_DYLIB_INSTALL_NAME\=@rpath/folly.framework/folly
    export LD_EXPORT_SYMBOLS\=YES
    export LD_GENERATE_MAP_FILE\=NO
    export LD_MAP_FILE_PATH\=/Users/rmpal/Library/Developer/Xcode/DerivedData/ASKHatters-grdgfmxzykdhuzgaxmwtwynupyng/Build/Intermediates.noindex/Pods.build/Debug-iphonesimulator/RCT-Folly.build/folly-LinkMap-normal-undefined_arch.txt
    export LD_NO_PIE\=NO
    export LD_QUOTE_LINKER_ARGUMENTS_FOR_COMPILER_DRIVER\=YES
    export LD_RUNPATH_SEARCH_PATHS\=\ @executable_path/Frameworks\ @loader_path/Frameworks
    export LD_SHARED_CACHE_ELIGIBLE\=Automatic
    export LD_WARN_DUPLICATE_LIBRARIES\=NO
    export LD_WARN_UNUSED_DYLIBS\=NO
    export LEGACY_DEVELOPER_DIR\=/Applications/Xcode.app/Contents/PlugIns/Xcode3Core.ideplugin/Contents/SharedSupport/Developer
    export LEX\=lex
    export LIBRARY_DEXT_INSTALL_PATH\=/Library/DriverExtensions
    export LIBRARY_FLAG_NOSPACE\=YES
    export LIBRARY_FLAG_PREFIX\=-l
    export LIBRARY_KEXT_INSTALL_PATH\=/Library/Extensions
    export LIBRARY_SEARCH_PATHS\=/Users/rmpal/Library/Developer/Xcode/DerivedData/ASKHatters-grdgfmxzykdhuzgaxmwtwynupyng/Build/Products/Debug-iphonesimulator/RCT-Folly\ 
    export LINKER_DISPLAYS_MANGLED_NAMES\=NO
    export LINK_FILE_LIST_normal_arm64\=/Users/rmpal/Library/Developer/Xcode/DerivedData/ASKHatters-grdgfmxzykdhuzgaxmwtwynupyng/Build/Intermediates.noindex/Pods.build/Debug-iphonesimulator/RCT-Folly.build/Objects-normal/arm64/folly.LinkFileList
    export LINK_OBJC_RUNTIME\=YES
    export LINK_WITH_STANDARD_LIBRARIES\=YES
    export LLVM_TARGET_TRIPLE_OS_VERSION\=ios13.0
    export LLVM_TARGET_TRIPLE_SUFFIX\=-simulator
    export LLVM_TARGET_TRIPLE_VENDOR\=apple
    export LM_AUX_CONST_METADATA_LIST_PATH_normal_arm64\=/Users/rmpal/Library/Developer/Xcode/DerivedData/ASKHatters-grdgfmxzykdhuzgaxmwtwynupyng/Build/Intermediates.noindex/Pods.build/Debug-iphonesimulator/RCT-Folly.build/Objects-normal/arm64/folly.SwiftConstValuesFileList
    export LOCALIZATION_EXPORT_SUPPORTED\=YES
    export LOCALIZATION_PREFERS_STRING_CATALOGS\=NO
    export LOCALIZED_RESOURCES_FOLDER_PATH\=folly.framework/en.lproj
    export LOCALIZED_STRING_MACRO_NAMES\=NSLocalizedString\ CFCopyLocalizedString
    export LOCALIZED_STRING_SWIFTUI_SUPPORT\=YES
    export LOCAL_ADMIN_APPS_DIR\=/Applications/Utilities
    export LOCAL_APPS_DIR\=/Applications
    export LOCAL_DEVELOPER_DIR\=/Library/Developer
    export LOCAL_LIBRARY_DIR\=/Library
    export LOCROOT\=/Users/rmpal/projects/askhatters/ASKHatters/ios/Pods
    export LOCSYMROOT\=/Users/rmpal/projects/askhatters/ASKHatters/ios/Pods
    export MACH_O_TYPE\=staticlib
    export MAC_OS_X_PRODUCT_BUILD_VERSION\=24F74
    export MAC_OS_X_VERSION_ACTUAL\=150500
    export MAC_OS_X_VERSION_MAJOR\=150000
    export MAC_OS_X_VERSION_MINOR\=150500
    export MAKE_MERGEABLE\=NO
    export MERGEABLE_LIBRARY\=NO
    export MERGED_BINARY_TYPE\=none
    export MERGE_LINKED_LIBRARIES\=NO
    export METAL_LIBRARY_FILE_BASE\=default
    export METAL_LIBRARY_OUTPUT_DIR\=/Users/rmpal/Library/Developer/Xcode/DerivedData/ASKHatters-grdgfmxzykdhuzgaxmwtwynupyng/Build/Products/Debug-iphonesimulator/RCT-Folly/folly.framework
    export MODULEMAP_FILE\=Target\ Support\ Files/RCT-Folly/RCT-Folly.modulemap
    export MODULES_FOLDER_PATH\=folly.framework/Modules
    export MODULE_CACHE_DIR\=/Users/rmpal/Library/Developer/Xcode/DerivedData/ModuleCache.noindex
    export MTL_ENABLE_DEBUG_INFO\=INCLUDE_SOURCE
    export MTL_FAST_MATH\=YES
    export NATIVE_ARCH\=arm64
    export NATIVE_ARCH_32_BIT\=arm
    export NATIVE_ARCH_64_BIT\=arm64
    export NATIVE_ARCH_ACTUAL\=arm64
    export NO_COMMON\=YES
    export OBJC_ABI_VERSION\=2
    export OBJECT_FILE_DIR\=/Users/rmpal/Library/Developer/Xcode/DerivedData/ASKHatters-grdgfmxzykdhuzgaxmwtwynupyng/Build/Intermediates.noindex/Pods.build/Debug-iphonesimulator/RCT-Folly.build/Objects
    export OBJECT_FILE_DIR_normal\=/Users/rmpal/Library/Developer/Xcode/DerivedData/ASKHatters-grdgfmxzykdhuzgaxmwtwynupyng/Build/Intermediates.noindex/Pods.build/Debug-iphonesimulator/RCT-Folly.build/Objects-normal
    export OBJROOT\=/Users/rmpal/Library/Developer/Xcode/DerivedData/ASKHatters-grdgfmxzykdhuzgaxmwtwynupyng/Build/Intermediates.noindex
    export ONLY_ACTIVE_ARCH\=YES
    export OS\=MACOS
    export OSAC\=/usr/bin/osacompile
    export OTHER_LDFLAGS\=\ -Wl,-U,_jump_fcontext\ -Wl,-U,_make_fcontext
    export PACKAGE_TYPE\=com.apple.package-type.wrapper.framework
    export PASCAL_STRINGS\=YES
    export PATH\=/Applications/Xcode.app/Contents/SharedFrameworks/SwiftBuild.framework/Versions/A/PlugIns/SWBBuildService.bundle/Contents/PlugIns/SWBUniversalPlatformPlugin.bundle/Contents/Frameworks/SWBUniversalPlatform.framework/Resources:/Applications/Xcode.app/Contents/Developer/Toolchains/XcodeDefault.xctoolchain/usr/bin:/Applications/Xcode.app/Contents/Developer/Toolchains/XcodeDefault.xctoolchain/usr/local/bin:/Applications/Xcode.app/Contents/Developer/Toolchains/XcodeDefault.xctoolchain/usr/libexec:/Applications/Xcode.app/Contents/Developer/Platforms/iPhoneSimulator.platform/usr/bin:/Applications/Xcode.app/Contents/Developer/Platforms/iPhoneSimulator.platform/usr/local/bin:/Applications/Xcode.app/Contents/Developer/Platforms/iPhoneSimulator.platform/Developer/usr/bin:/Applications/Xcode.app/Contents/Developer/Platforms/iPhoneSimulator.platform/Developer/usr/local/bin:/Applications/Xcode.app/Contents/Developer/usr/bin:/Applications/Xcode.app/Contents/Developer/usr/local/bin:/Users/rmpal/.antigravity/antigravity/bin:/Users/rmpal/.codeium/windsurf/bin:/Users/rmpal/Library/Android/sdk/platform-tools:/Users/rmpal/Library/Android/sdk/emulator:/Users/rmpal/.nvm/versions/node/v22.21.1/bin:/usr/local/opt/node@18/bin:/Users/rmpal/.pyenv/shims:/Library/Frameworks/Python.framework/Versions/2.7/bin:/opt/homebrew/bin:/opt/homebrew/sbin:/usr/local/bin:/System/Cryptexes/App/usr/bin:/usr/bin:/bin:/usr/sbin:/sbin:/var/run/com.apple.security.cryptexd/codex.system/bootstrap/usr/local/bin:/var/run/com.apple.security.cryptexd/codex.system/bootstrap/usr/bin:/var/run/com.apple.security.cryptexd/codex.system/bootstrap/usr/appleinternal/bin:/Library/Apple/usr/bin:/usr/local/share/dotnet:/Library/Frameworks/Mono.framework/Versions/Current/Commands:/Users/rmpal/.antigravity/extensions/vscjava.vscode-java-debug-0.58.5-universal/bundled/scripts/noConfigScripts
    export PATH_PREFIXES_EXCLUDED_FROM_HEADER_DEPENDENCIES\=/usr/include\ /usr/local/include\ /System/Library/Frameworks\ /System/Library/PrivateFrameworks\ /Applications/Xcode.app/Contents/Developer/Headers\ /Applications/Xcode.app/Contents/Developer/SDKs\ /Applications/Xcode.app/Contents/Developer/Platforms
    export PBDEVELOPMENTPLIST_PATH\=folly.framework/pbdevelopment.plist
    export PER_ARCH_MODULE_FILE_DIR\=/Users/rmpal/Library/Developer/Xcode/DerivedData/ASKHatters-grdgfmxzykdhuzgaxmwtwynupyng/Build/Intermediates.noindex/Pods.build/Debug-iphonesimulator/RCT-Folly.build/Objects-normal/undefined_arch
    export PER_ARCH_OBJECT_FILE_DIR\=/Users/rmpal/Library/Developer/Xcode/DerivedData/ASKHatters-grdgfmxzykdhuzgaxmwtwynupyng/Build/Intermediates.noindex/Pods.build/Debug-iphonesimulator/RCT-Folly.build/Objects-normal/undefined_arch
    export PER_VARIANT_OBJECT_FILE_DIR\=/Users/rmpal/Library/Developer/Xcode/DerivedData/ASKHatters-grdgfmxzykdhuzgaxmwtwynupyng/Build/Intermediates.noindex/Pods.build/Debug-iphonesimulator/RCT-Folly.build/Objects-normal
    export PKGINFO_FILE_PATH\=/Users/rmpal/Library/Developer/Xcode/DerivedData/ASKHatters-grdgfmxzykdhuzgaxmwtwynupyng/Build/Intermediates.noindex/Pods.build/Debug-iphonesimulator/RCT-Folly.build/PkgInfo
    export PKGINFO_PATH\=folly.framework/PkgInfo
    export PLATFORM_DEVELOPER_APPLICATIONS_DIR\=/Applications/Xcode.app/Contents/Developer/Platforms/iPhoneSimulator.platform/Developer/Applications
    export PLATFORM_DEVELOPER_BIN_DIR\=/Applications/Xcode.app/Contents/Developer/Platforms/iPhoneSimulator.platform/Developer/usr/bin
    export PLATFORM_DEVELOPER_LIBRARY_DIR\=/Applications/Xcode.app/Contents/Developer/Platforms/iPhoneSimulator.platform/Developer/Library
    export PLATFORM_DEVELOPER_SDK_DIR\=/Applications/Xcode.app/Contents/Developer/Platforms/iPhoneSimulator.platform/Developer/SDKs
    export PLATFORM_DEVELOPER_TOOLS_DIR\=/Applications/Xcode.app/Contents/Developer/Platforms/iPhoneSimulator.platform/Developer/Tools
    export PLATFORM_DEVELOPER_USR_DIR\=/Applications/Xcode.app/Contents/Developer/Platforms/iPhoneSimulator.platform/Developer/usr
    export PLATFORM_DIR\=/Applications/Xcode.app/Contents/Developer/Platforms/iPhoneSimulator.platform
    export PLATFORM_DISPLAY_NAME\=iOS\ Simulator
    export PLATFORM_FAMILY_NAME\=iOS
    export PLATFORM_NAME\=iphonesimulator
    export PLATFORM_PREFERRED_ARCH\=x86_64
    export PLATFORM_PRODUCT_BUILD_VERSION\=22F76
    export PLATFORM_REQUIRES_SWIFT_AUTOLINK_EXTRACT\=NO
    export PLATFORM_REQUIRES_SWIFT_MODULEWRAP\=NO
    export PLIST_FILE_OUTPUT_FORMAT\=binary
    export PLUGINS_FOLDER_PATH\=folly.framework/PlugIns
    export PODS_BUILD_DIR\=/Users/rmpal/Library/Developer/Xcode/DerivedData/ASKHatters-grdgfmxzykdhuzgaxmwtwynupyng/Build/Products
    export PODS_CONFIGURATION_BUILD_DIR\=/Users/rmpal/Library/Developer/Xcode/DerivedData/ASKHatters-grdgfmxzykdhuzgaxmwtwynupyng/Build/Products/Debug-iphonesimulator
    export PODS_DEVELOPMENT_LANGUAGE\=en
    export PODS_ROOT\=/Users/rmpal/projects/askhatters/ASKHatters/ios/Pods
    export PODS_TARGET_SRCROOT\=/Users/rmpal/projects/askhatters/ASKHatters/ios/Pods/RCT-Folly
    export PODS_XCFRAMEWORKS_BUILD_DIR\=/Users/rmpal/Library/Developer/Xcode/DerivedData/ASKHatters-grdgfmxzykdhuzgaxmwtwynupyng/Build/Products/Debug-iphonesimulator/XCFrameworkIntermediates
    export PRECOMPS_INCLUDE_HEADERS_FROM_BUILT_PRODUCTS_DIR\=YES
    export PRECOMP_DESTINATION_DIR\=/Users/rmpal/Library/Developer/Xcode/DerivedData/ASKHatters-grdgfmxzykdhuzgaxmwtwynupyng/Build/Intermediates.noindex/Pods.build/Debug-iphonesimulator/RCT-Folly.build/PrefixHeaders
    export PRIVATE_HEADERS_FOLDER_PATH\=folly.framework/PrivateHeaders
    export PROCESSED_INFOPLIST_PATH\=/Users/rmpal/Library/Developer/Xcode/DerivedData/ASKHatters-grdgfmxzykdhuzgaxmwtwynupyng/Build/Intermediates.noindex/Pods.build/Debug-iphonesimulator/RCT-Folly.build/Objects-normal/undefined_arch/Processed-Info.plist
    export PRODUCT_BUNDLE_IDENTIFIER\=org.cocoapods.folly
    export PRODUCT_BUNDLE_PACKAGE_TYPE\=FMWK
    export PRODUCT_MODULE_NAME\=folly
    export PRODUCT_NAME\=folly
    export PRODUCT_SETTINGS_PATH\=/Users/rmpal/projects/askhatters/ASKHatters/ios/Pods/Target\ Support\ Files/RCT-Folly/RCT-Folly-Info.plist
    export PRODUCT_TYPE\=com.apple.product-type.framework
    export PROFILING_CODE\=NO
    export PROJECT\=Pods
    export PROJECT_DERIVED_FILE_DIR\=/Users/rmpal/Library/Developer/Xcode/DerivedData/ASKHatters-grdgfmxzykdhuzgaxmwtwynupyng/Build/Intermediates.noindex/Pods.build/DerivedSources
    export PROJECT_DIR\=/Users/rmpal/projects/askhatters/ASKHatters/ios/Pods
    export PROJECT_FILE_PATH\=/Users/rmpal/projects/askhatters/ASKHatters/ios/Pods/Pods.xcodeproj
    export PROJECT_GUID\=8699adb1dd336b26511df848a716bd42
    export PROJECT_NAME\=Pods
    export PROJECT_TEMP_DIR\=/Users/rmpal/Library/Developer/Xcode/DerivedData/ASKHatters-grdgfmxzykdhuzgaxmwtwynupyng/Build/Intermediates.noindex/Pods.build
    export PROJECT_TEMP_ROOT\=/Users/rmpal/Library/Developer/Xcode/DerivedData/ASKHatters-grdgfmxzykdhuzgaxmwtwynupyng/Build/Intermediates.noindex
    export PUBLIC_HEADERS_FOLDER_PATH\=folly.framework/Headers
    export REACT_NATIVE_PATH\=/Users/rmpal/projects/askhatters/ASKHatters/ios/Pods/../../node_modules/react-native
    export RECOMMENDED_IPHONEOS_DEPLOYMENT_TARGET\=15.0
    export RECURSIVE_SEARCH_PATHS_FOLLOW_SYMLINKS\=YES
    export REMOVE_CVS_FROM_RESOURCES\=YES
    export REMOVE_GIT_FROM_RESOURCES\=YES
    export REMOVE_HEADERS_FROM_EMBEDDED_BUNDLES\=YES
    export REMOVE_HG_FROM_RESOURCES\=YES
    export REMOVE_STATIC_EXECUTABLES_FROM_EMBEDDED_BUNDLES\=YES
    export REMOVE_SVN_FROM_RESOURCES\=YES
    export RESCHEDULE_INDEPENDENT_HEADERS_PHASES\=YES
    export REZ_COLLECTOR_DIR\=/Users/rmpal/Library/Developer/Xcode/DerivedData/ASKHatters-grdgfmxzykdhuzgaxmwtwynupyng/Build/Intermediates.noindex/Pods.build/Debug-iphonesimulator/RCT-Folly.build/ResourceManagerResources
    export REZ_OBJECTS_DIR\=/Users/rmpal/Library/Developer/Xcode/DerivedData/ASKHatters-grdgfmxzykdhuzgaxmwtwynupyng/Build/Intermediates.noindex/Pods.build/Debug-iphonesimulator/RCT-Folly.build/ResourceManagerResources/Objects
    export REZ_SEARCH_PATHS\=/Users/rmpal/Library/Developer/Xcode/DerivedData/ASKHatters-grdgfmxzykdhuzgaxmwtwynupyng/Build/Products/Debug-iphonesimulator/RCT-Folly\ 
    export SCAN_ALL_SOURCE_FILES_FOR_INCLUDES\=NO
    export SCRIPTS_FOLDER_PATH\=folly.framework/Scripts
    export SCRIPT_INPUT_FILE_COUNT\=0
    export SCRIPT_INPUT_FILE_LIST_COUNT\=0
    export SCRIPT_OUTPUT_FILE_COUNT\=0
    export SCRIPT_OUTPUT_FILE_LIST_COUNT\=0
    export SDKROOT\=/Applications/Xcode.app/Contents/Developer/Platforms/iPhoneSimulator.platform/Developer/SDKs/iPhoneSimulator18.5.sdk
    export SDK_DIR\=/Applications/Xcode.app/Contents/Developer/Platforms/iPhoneSimulator.platform/Developer/SDKs/iPhoneSimulator18.5.sdk
    export SDK_DIR_iphonesimulator\=/Applications/Xcode.app/Contents/Developer/Platforms/iPhoneSimulator.platform/Developer/SDKs/iPhoneSimulator18.5.sdk
    export SDK_DIR_iphonesimulator18_5\=/Applications/Xcode.app/Contents/Developer/Platforms/iPhoneSimulator.platform/Developer/SDKs/iPhoneSimulator18.5.sdk
    export SDK_NAME\=iphonesimulator18.5
    export SDK_NAMES\=iphonesimulator18.5
    export SDK_PRODUCT_BUILD_VERSION\=22F76
    export SDK_STAT_CACHE_DIR\=/Users/rmpal/Library/Developer/Xcode/DerivedData
    export SDK_STAT_CACHE_ENABLE\=YES
    export SDK_STAT_CACHE_PATH\=/Users/rmpal/Library/Developer/Xcode/DerivedData/SDKStatCaches.noindex/iphonesimulator18.5-22F76-d5fc8ad4295d2ef488fb7d0f804ce0c4.sdkstatcache
    export SDK_VERSION\=18.5
    export SDK_VERSION_ACTUAL\=180500
    export SDK_VERSION_MAJOR\=180000
    export SDK_VERSION_MINOR\=180500
    export SED\=/usr/bin/sed
    export SEPARATE_STRIP\=NO
    export SEPARATE_SYMBOL_EDIT\=NO
    export SET_DIR_MODE_OWNER_GROUP\=YES
    export SET_FILE_MODE_OWNER_GROUP\=NO
    export SHALLOW_BUNDLE\=YES
    export SHALLOW_BUNDLE_TRIPLE\=ios-simulator
    export SHALLOW_BUNDLE_ios_macabi\=NO
    export SHALLOW_BUNDLE_macos\=NO
    export SHARED_DERIVED_FILE_DIR\=/Users/rmpal/Library/Developer/Xcode/DerivedData/ASKHatters-grdgfmxzykdhuzgaxmwtwynupyng/Build/Products/Debug-iphonesimulator/RCT-Folly/DerivedSources
    export SHARED_FRAMEWORKS_FOLDER_PATH\=folly.framework/SharedFrameworks
    export SHARED_PRECOMPS_DIR\=/Users/rmpal/Library/Developer/Xcode/DerivedData/ASKHatters-grdgfmxzykdhuzgaxmwtwynupyng/Build/Intermediates.noindex/PrecompiledHeaders
    export SHARED_SUPPORT_FOLDER_PATH\=folly.framework
    export SKIP_INSTALL\=YES
    export SOURCE_ROOT\=/Users/rmpal/projects/askhatters/ASKHatters/ios/Pods
    export SRCROOT\=/Users/rmpal/projects/askhatters/ASKHatters/ios/Pods
    export STRINGSDATA_DIR\=/Users/rmpal/Library/Developer/Xcode/DerivedData/ASKHatters-grdgfmxzykdhuzgaxmwtwynupyng/Build/Intermediates.noindex/Pods.build/Debug-iphonesimulator/RCT-Folly.build/Objects-normal/undefined_arch
    export STRINGSDATA_ROOT\=/Users/rmpal/Library/Developer/Xcode/DerivedData/ASKHatters-grdgfmxzykdhuzgaxmwtwynupyng/Build/Intermediates.noindex/Pods.build/Debug-iphonesimulator/RCT-Folly.build
    export STRINGS_FILE_INFOPLIST_RENAME\=YES
    export STRINGS_FILE_OUTPUT_ENCODING\=binary
    export STRIP_BITCODE_FROM_COPIED_FILES\=NO
    export STRIP_INSTALLED_PRODUCT\=NO
    export STRIP_STYLE\=debugging
    export STRIP_SWIFT_SYMBOLS\=YES
    export SUPPORTED_DEVICE_FAMILIES\=1,2
    export SUPPORTED_PLATFORMS\=iphoneos\ iphonesimulator
    export SUPPORTS_TEXT_BASED_API\=NO
    export SUPPRESS_WARNINGS\=NO
    export SWIFT_ACTIVE_COMPILATION_CONDITIONS\=\ DEBUG\ 
    export SWIFT_EMIT_LOC_STRINGS\=NO
    export SWIFT_INSTALL_MODULE_FOR_DEPLOYMENT\=YES
    export SWIFT_INSTALL_OBJC_HEADER\=YES
    export SWIFT_OPTIMIZATION_LEVEL\=-Onone
    export SWIFT_PLATFORM_TARGET_PREFIX\=ios
    export SWIFT_RESPONSE_FILE_PATH_normal_arm64\=/Users/rmpal/Library/Developer/Xcode/DerivedData/ASKHatters-grdgfmxzykdhuzgaxmwtwynupyng/Build/Intermediates.noindex/Pods.build/Debug-iphonesimulator/RCT-Folly.build/Objects-normal/arm64/folly.SwiftFileList
    export SWIFT_VERSION\=5.0
    export SYMROOT\=/Users/rmpal/Library/Developer/Xcode/DerivedData/ASKHatters-grdgfmxzykdhuzgaxmwtwynupyng/Build/Products
    export SYSTEM_ADMIN_APPS_DIR\=/Applications/Utilities
    export SYSTEM_APPS_DIR\=/Applications
    export SYSTEM_CORE_SERVICES_DIR\=/System/Library/CoreServices
    export SYSTEM_DEMOS_DIR\=/Applications/Extras
    export SYSTEM_DEVELOPER_APPS_DIR\=/Applications/Xcode.app/Contents/Developer/Applications
    export SYSTEM_DEVELOPER_BIN_DIR\=/Applications/Xcode.app/Contents/Developer/usr/bin
    export SYSTEM_DEVELOPER_DEMOS_DIR\=/Applications/Xcode.app/Contents/Developer/Applications/Utilities/Built\ Examples
    export SYSTEM_DEVELOPER_DIR\=/Applications/Xcode.app/Contents/Developer
    export SYSTEM_DEVELOPER_DOC_DIR\=/Applications/Xcode.app/Contents/Developer/ADC\ Reference\ Library
    export SYSTEM_DEVELOPER_GRAPHICS_TOOLS_DIR\=/Applications/Xcode.app/Contents/Developer/Applications/Graphics\ Tools
    export SYSTEM_DEVELOPER_JAVA_TOOLS_DIR\=/Applications/Xcode.app/Contents/Developer/Applications/Java\ Tools
    export SYSTEM_DEVELOPER_PERFORMANCE_TOOLS_DIR\=/Applications/Xcode.app/Contents/Developer/Applications/Performance\ Tools
    export SYSTEM_DEVELOPER_RELEASENOTES_DIR\=/Applications/Xcode.app/Contents/Developer/ADC\ Reference\ Library/releasenotes
    export SYSTEM_DEVELOPER_TOOLS\=/Applications/Xcode.app/Contents/Developer/Tools
    export SYSTEM_DEVELOPER_TOOLS_DOC_DIR\=/Applications/Xcode.app/Contents/Developer/ADC\ Reference\ Library/documentation/DeveloperTools
    export SYSTEM_DEVELOPER_TOOLS_RELEASENOTES_DIR\=/Applications/Xcode.app/Contents/Developer/ADC\ Reference\ Library/releasenotes/DeveloperTools
    export SYSTEM_DEVELOPER_USR_DIR\=/Applications/Xcode.app/Contents/Developer/usr
    export SYSTEM_DEVELOPER_UTILITIES_DIR\=/Applications/Xcode.app/Contents/Developer/Applications/Utilities
    export SYSTEM_DEXT_INSTALL_PATH\=/System/Library/DriverExtensions
    export SYSTEM_DOCUMENTATION_DIR\=/Library/Documentation
    export SYSTEM_EXTENSIONS_FOLDER_PATH\=folly.framework/SystemExtensions
    export SYSTEM_EXTENSIONS_FOLDER_PATH_SHALLOW_BUNDLE_NO\=folly.framework/Library/SystemExtensions
    export SYSTEM_EXTENSIONS_FOLDER_PATH_SHALLOW_BUNDLE_YES\=folly.framework/SystemExtensions
    export SYSTEM_KEXT_INSTALL_PATH\=/System/Library/Extensions
    export SYSTEM_LIBRARY_DIR\=/System/Library
    export TAPI_DEMANGLE\=YES
    export TAPI_ENABLE_PROJECT_HEADERS\=NO
    export TAPI_LANGUAGE\=objective-c
    export TAPI_LANGUAGE_STANDARD\=compiler-default
    export TAPI_USE_SRCROOT\=YES
    export TAPI_VERIFY_MODE\=Pedantic
    export TARGETED_DEVICE_FAMILY\=1,2
    export TARGETNAME\=RCT-Folly
    export TARGET_BUILD_DIR\=/Users/rmpal/Library/Developer/Xcode/DerivedData/ASKHatters-grdgfmxzykdhuzgaxmwtwynupyng/Build/Products/Debug-iphonesimulator/RCT-Folly
    export TARGET_DEVICE_IDENTIFIER\=557D5EA7-30FD-4CB1-BF6C-05C287ACC9B5
    export TARGET_DEVICE_MODEL\=iPhone17,1
    export TARGET_DEVICE_OS_VERSION\=18.5
    export TARGET_DEVICE_PLATFORM_NAME\=iphonesimulator
    export TARGET_NAME\=RCT-Folly
    export TARGET_TEMP_DIR\=/Users/rmpal/Library/Developer/Xcode/DerivedData/ASKHatters-grdgfmxzykdhuzgaxmwtwynupyng/Build/Intermediates.noindex/Pods.build/Debug-iphonesimulator/RCT-Folly.build
    export TEMP_DIR\=/Users/rmpal/Library/Developer/Xcode/DerivedData/ASKHatters-grdgfmxzykdhuzgaxmwtwynupyng/Build/Intermediates.noindex/Pods.build/Debug-iphonesimulator/RCT-Folly.build
    export TEMP_FILES_DIR\=/Users/rmpal/Library/Developer/Xcode/DerivedData/ASKHatters-grdgfmxzykdhuzgaxmwtwynupyng/Build/Intermediates.noindex/Pods.build/Debug-iphonesimulator/RCT-Folly.build
    export TEMP_FILE_DIR\=/Users/rmpal/Library/Developer/Xcode/DerivedData/ASKHatters-grdgfmxzykdhuzgaxmwtwynupyng/Build/Intermediates.noindex/Pods.build/Debug-iphonesimulator/RCT-Folly.build
    export TEMP_ROOT\=/Users/rmpal/Library/Developer/Xcode/DerivedData/ASKHatters-grdgfmxzykdhuzgaxmwtwynupyng/Build/Intermediates.noindex
    export TEMP_SANDBOX_DIR\=/Users/rmpal/Library/Developer/Xcode/DerivedData/ASKHatters-grdgfmxzykdhuzgaxmwtwynupyng/Build/Intermediates.noindex/TemporaryTaskSandboxes
    export TEST_FRAMEWORK_SEARCH_PATHS\=\ /Applications/Xcode.app/Contents/Developer/Platforms/iPhoneSimulator.platform/Developer/Library/Frameworks\ /Applications/Xcode.app/Contents/Developer/Platforms/iPhoneSimulator.platform/Developer/SDKs/iPhoneSimulator18.5.sdk/Developer/Library/Frameworks
    export TEST_LIBRARY_SEARCH_PATHS\=\ /Applications/Xcode.app/Contents/Developer/Platforms/iPhoneSimulator.platform/Developer/usr/lib
    export TOOLCHAINS\=com.apple.dt.toolchain.XcodeDefault
    export TOOLCHAIN_DIR\=/Applications/Xcode.app/Contents/Developer/Toolchains/XcodeDefault.xctoolchain
    export TREAT_MISSING_BASELINES_AS_TEST_FAILURES\=NO
    export TREAT_MISSING_SCRIPT_PHASE_OUTPUTS_AS_ERRORS\=NO
    export TeamIdentifierPrefix\=TN58L8Y3Z2.
    export UID\=501
    export UNINSTALLED_PRODUCTS_DIR\=/Users/rmpal/Library/Developer/Xcode/DerivedData/ASKHatters-grdgfmxzykdhuzgaxmwtwynupyng/Build/Intermediates.noindex/UninstalledProducts
    export UNLOCALIZED_RESOURCES_FOLDER_PATH\=folly.framework
    export UNLOCALIZED_RESOURCES_FOLDER_PATH_SHALLOW_BUNDLE_NO\=folly.framework/Resources
    export UNLOCALIZED_RESOURCES_FOLDER_PATH_SHALLOW_BUNDLE_YES\=folly.framework
    export UNSTRIPPED_PRODUCT\=NO
    export USER\=rmpal
    export USER_APPS_DIR\=/Users/rmpal/Applications
    export USER_LIBRARY_DIR\=/Users/rmpal/Library
    export USE_DYNAMIC_NO_PIC\=YES
    export USE_HEADERMAP\=NO
    export USE_HEADER_SYMLINKS\=NO
    export USE_HERMES\=true
    export USE_RECURSIVE_SCRIPT_INPUTS_IN_SCRIPT_PHASES\=YES
    export VALIDATE_DEVELOPMENT_ASSET_PATHS\=YES_ERROR
    export VALIDATE_PRODUCT\=NO
    export VALID_ARCHS\=arm64\ arm64e\ x86_64
    export VERBOSE_PBXCP\=NO
    export VERSIONING_SYSTEM\=apple-generic
    export VERSIONPLIST_PATH\=folly.framework/version.plist
    export VERSIONS_FOLDER_PATH\=folly.framework
    export VERSIONS_FOLDER_PATH_SHALLOW_BUNDLE_NO\=folly.framework/Versions
    export VERSIONS_FOLDER_PATH_SHALLOW_BUNDLE_YES\=folly.framework
    export VERSION_INFO_BUILDER\=rmpal
    export VERSION_INFO_FILE\=folly_vers.c
    export VERSION_INFO_STRING\=\"@\(\#\)PROGRAM:folly\ \ PROJECT:Pods-1\"
    export WORKSPACE_DIR\=/Users/rmpal/projects/askhatters/ASKHatters/ios
    export WRAPPER_EXTENSION\=framework
    export WRAPPER_NAME\=folly.framework
    export WRAPPER_SUFFIX\=.framework
    export WRAP_ASSET_PACKS_IN_SEPARATE_DIRECTORIES\=NO
    export XCODE_APP_SUPPORT_DIR\=/Applications/Xcode.app/Contents/Developer/Library/Xcode
    export XCODE_PRODUCT_BUILD_VERSION\=16F6
    export XCODE_VERSION_ACTUAL\=1640
    export XCODE_VERSION_MAJOR\=1600
    export XCODE_VERSION_MINOR\=1640
    export XPCSERVICES_FOLDER_PATH\=folly.framework/XPCServices
    export YACC\=yacc
    export _DISCOVER_COMMAND_LINE_LINKER_INPUTS\=YES
    export _DISCOVER_COMMAND_LINE_LINKER_INPUTS_INCLUDE_WL\=YES
    export _WRAPPER_CONTENTS_DIR_SHALLOW_BUNDLE_NO\=/Contents
    export _WRAPPER_PARENT_PATH_SHALLOW_BUNDLE_NO\=/..
    export _WRAPPER_RESOURCES_DIR_SHALLOW_BUNDLE_NO\=/Resources
    export __DIAGNOSE_DEPRECATED_ARCHS\=YES
    export arch\=undefined_arch
    export variant\=normal
    /bin/sh -c /Users/rmpal/Library/Developer/Xcode/DerivedData/ASKHatters-grdgfmxzykdhuzgaxmwtwynupyng/Build/Intermediates.noindex/Pods.build/Debug-iphonesimulator/RCT-Folly.build/Script-46EB2E00033D70.sh

ProcessInfoPlistFile /Users/rmpal/Library/Developer/Xcode/DerivedData/ASKHatters-grdgfmxzykdhuzgaxmwtwynupyng/Build/Products/Debug-iphonesimulator/SocketRocket/SocketRocket.framework/Info.plist /Users/rmpal/projects/askhatters/ASKHatters/ios/Pods/Target\ Support\ Files/SocketRocket/SocketRocket-Info.plist (in target 'SocketRocket' from project 'Pods')
    cd /Users/rmpal/projects/askhatters/ASKHatters/ios/Pods
    builtin-infoPlistUtility /Users/rmpal/projects/askhatters/ASKHatters/ios/Pods/Target\ Support\ Files/SocketRocket/SocketRocket-Info.plist -producttype com.apple.product-type.framework -expandbuildsettings -format binary -platform iphonesimulator -o /Users/rmpal/Library/Developer/Xcode/DerivedData/ASKHatters-grdgfmxzykdhuzgaxmwtwynupyng/Build/Products/Debug-iphonesimulator/SocketRocket/SocketRocket.framework/Info.plist

PhaseScriptExecution Create\ Symlinks\ to\ Header\ Folders /Users/rmpal/Library/Developer/Xcode/DerivedData/ASKHatters-grdgfmxzykdhuzgaxmwtwynupyng/Build/Intermediates.noindex/Pods.build/Debug-iphonesimulator/React-debug.build/Script-46EB2E00041770.sh (in target 'React-debug' from project 'Pods')
    cd /Users/rmpal/projects/askhatters/ASKHatters/ios/Pods
    export ACTION\=build
    export AD_HOC_CODE_SIGNING_ALLOWED\=YES
    export ALLOW_BUILD_REQUEST_OVERRIDES\=NO
    export ALLOW_TARGET_PLATFORM_SPECIALIZATION\=NO
    export ALTERNATE_GROUP\=staff
    export ALTERNATE_MODE\=u+w,go-w,a+rX
    export ALTERNATE_OWNER\=rmpal
    export ALTERNATIVE_DISTRIBUTION_WEB\=NO
    export ALWAYS_EMBED_SWIFT_STANDARD_LIBRARIES\=NO
    export ALWAYS_SEARCH_USER_PATHS\=NO
    export ALWAYS_USE_SEPARATE_HEADERMAPS\=NO
    export APPLICATION_EXTENSION_API_ONLY\=NO
    export APPLY_RULES_IN_COPY_FILES\=NO
    export APPLY_RULES_IN_COPY_HEADERS\=NO
    export APP_SHORTCUTS_ENABLE_FLEXIBLE_MATCHING\=YES
    export ARCHS\=arm64
    export ARCHS_STANDARD\=arm64\ x86_64
    export ARCHS_STANDARD_32_64_BIT\=arm64\ x86_64
    export ARCHS_STANDARD_64_BIT\=arm64\ x86_64
    export ARCHS_STANDARD_INCLUDING_64_BIT\=arm64\ x86_64
    export ARCHS_UNIVERSAL_IPHONE_OS\=arm64\ x86_64
    export ASSETCATALOG_FILTER_FOR_DEVICE_MODEL\=iPhone17,1
    export ASSETCATALOG_FILTER_FOR_DEVICE_OS_VERSION\=18.5
    export ASSETCATALOG_FILTER_FOR_THINNING_DEVICE_CONFIGURATION\=iPhone17,1
    export AUTOMATICALLY_MERGE_DEPENDENCIES\=NO
    export AVAILABLE_PLATFORMS\=android\ appletvos\ appletvsimulator\ driverkit\ iphoneos\ iphonesimulator\ macosx\ qnx\ watchos\ watchsimulator\ xros\ xrsimulator
    export AppIdentifierPrefix\=TN58L8Y3Z2.
    export BITCODE_GENERATION_MODE\=marker
    export BUILD_ACTIVE_RESOURCES_ONLY\=YES
    export BUILD_COMPONENTS\=headers\ build
    export BUILD_DIR\=/Users/rmpal/Library/Developer/Xcode/DerivedData/ASKHatters-grdgfmxzykdhuzgaxmwtwynupyng/Build/Products
    export BUILD_LIBRARY_FOR_DISTRIBUTION\=NO
    export BUILD_ROOT\=/Users/rmpal/Library/Developer/Xcode/DerivedData/ASKHatters-grdgfmxzykdhuzgaxmwtwynupyng/Build/Products
    export BUILD_STYLE\=
    export BUILD_VARIANTS\=normal
    export BUILT_PRODUCTS_DIR\=/Users/rmpal/Library/Developer/Xcode/DerivedData/ASKHatters-grdgfmxzykdhuzgaxmwtwynupyng/Build/Products/Debug-iphonesimulator/React-debug
    export BUNDLE_CONTENTS_FOLDER_PATH_deep\=Contents/
    export BUNDLE_EXECUTABLE_FOLDER_NAME_deep\=MacOS
    export BUNDLE_EXTENSIONS_FOLDER_PATH\=Extensions
    export BUNDLE_FORMAT\=shallow
    export BUNDLE_FRAMEWORKS_FOLDER_PATH\=Frameworks
    export BUNDLE_PLUGINS_FOLDER_PATH\=PlugIns
    export BUNDLE_PRIVATE_HEADERS_FOLDER_PATH\=PrivateHeaders
    export BUNDLE_PUBLIC_HEADERS_FOLDER_PATH\=Headers
    export CACHE_ROOT\=/var/folders/80/krvrwbrj2pld84nbclzf6bd40000gn/C/com.apple.DeveloperTools/16.4-16F6/Xcode
    export CCHROOT\=/var/folders/80/krvrwbrj2pld84nbclzf6bd40000gn/C/com.apple.DeveloperTools/16.4-16F6/Xcode
    export CHMOD\=/bin/chmod
    export CHOWN\=/usr/sbin/chown
    export CLANG_ALLOW_NON_MODULAR_INCLUDES_IN_FRAMEWORK_MODULES\=YES
    export CLANG_ANALYZER_LOCALIZABILITY_NONLOCALIZED\=YES
    export CLANG_ANALYZER_NONNULL\=YES
    export CLANG_ANALYZER_NUMBER_OBJECT_CONVERSION\=YES_AGGRESSIVE
    export CLANG_CACHE_FINE_GRAINED_OUTPUTS\=YES
    export CLANG_CXX_LANGUAGE_STANDARD\=c++17
    export CLANG_CXX_LIBRARY\=libc++
    export CLANG_ENABLE_EXPLICIT_MODULES\=YES
    export CLANG_ENABLE_MODULES\=YES
    export CLANG_ENABLE_OBJC_ARC\=YES
    export CLANG_ENABLE_OBJC_WEAK\=NO
    export CLANG_MODULES_BUILD_SESSION_FILE\=/Users/rmpal/Library/Developer/Xcode/DerivedData/ModuleCache.noindex/Session.modulevalidation
    export CLANG_WARN_BLOCK_CAPTURE_AUTORELEASING\=YES
    export CLANG_WARN_BOOL_CONVERSION\=YES
    export CLANG_WARN_COMMA\=YES
    export CLANG_WARN_CONSTANT_CONVERSION\=YES
    export CLANG_WARN_DEPRECATED_OBJC_IMPLEMENTATIONS\=YES
    export CLANG_WARN_DIRECT_OBJC_ISA_USAGE\=YES_ERROR
    export CLANG_WARN_DOCUMENTATION_COMMENTS\=YES
    export CLANG_WARN_EMPTY_BODY\=YES
    export CLANG_WARN_ENUM_CONVERSION\=YES
    export CLANG_WARN_INFINITE_RECURSION\=YES
    export CLANG_WARN_INT_CONVERSION\=YES
    export CLANG_WARN_NON_LITERAL_NULL_CONVERSION\=YES
    export CLANG_WARN_OBJC_IMPLICIT_RETAIN_SELF\=YES
    export CLANG_WARN_OBJC_LITERAL_CONVERSION\=YES
    export CLANG_WARN_OBJC_ROOT_CLASS\=YES_ERROR
    export CLANG_WARN_QUOTED_INCLUDE_IN_FRAMEWORK_HEADER\=NO
    export CLANG_WARN_RANGE_LOOP_ANALYSIS\=YES
    export CLANG_WARN_STRICT_PROTOTYPES\=YES
    export CLANG_WARN_SUSPICIOUS_MOVE\=YES
    export CLANG_WARN_UNGUARDED_AVAILABILITY\=YES_AGGRESSIVE
    export CLANG_WARN_UNREACHABLE_CODE\=YES
    export CLANG_WARN__DUPLICATE_METHOD_MATCH\=YES
    export CLASS_FILE_DIR\=/Users/rmpal/Library/Developer/Xcode/DerivedData/ASKHatters-grdgfmxzykdhuzgaxmwtwynupyng/Build/Intermediates.noindex/Pods.build/Debug-iphonesimulator/React-debug.build/JavaClasses
    export CLEAN_PRECOMPS\=YES
    export CLONE_HEADERS\=NO
    export CODESIGNING_FOLDER_PATH\=/Users/rmpal/Library/Developer/Xcode/DerivedData/ASKHatters-grdgfmxzykdhuzgaxmwtwynupyng/Build/Products/Debug-iphonesimulator/React-debug/React_debug.framework
    export CODE_SIGNING_ALLOWED\=YES
    export CODE_SIGNING_REQUIRED\=NO
    export CODE_SIGNING_REQUIRES_TEAM\=YES
    export CODE_SIGN_CONTEXT_CLASS\=XCiPhoneSimulatorCodeSignContext
    export CODE_SIGN_IDENTITY\=-
    export CODE_SIGN_INJECT_BASE_ENTITLEMENTS\=YES
    export COLOR_DIAGNOSTICS\=NO
    export COMBINE_HIDPI_IMAGES\=NO
    export COMPILATION_CACHE_CAS_PATH\=/Users/rmpal/Library/Developer/Xcode/DerivedData/CompilationCache.noindex
    export COMPILATION_CACHE_KEEP_CAS_DIRECTORY\=YES
    export COMPILER_INDEX_STORE_ENABLE\=Default
    export COMPOSITE_SDK_DIRS\=/Users/rmpal/Library/Developer/Xcode/DerivedData/ASKHatters-grdgfmxzykdhuzgaxmwtwynupyng/Build/Intermediates.noindex/CompositeSDKs
    export COMPRESS_PNG_FILES\=YES
    export CONFIGURATION\=Debug
    export CONFIGURATION_BUILD_DIR\=/Users/rmpal/Library/Developer/Xcode/DerivedData/ASKHatters-grdgfmxzykdhuzgaxmwtwynupyng/Build/Products/Debug-iphonesimulator/React-debug
    export CONFIGURATION_TEMP_DIR\=/Users/rmpal/Library/Developer/Xcode/DerivedData/ASKHatters-grdgfmxzykdhuzgaxmwtwynupyng/Build/Intermediates.noindex/Pods.build/Debug-iphonesimulator
    export CONTENTS_FOLDER_PATH\=React_debug.framework
    export CONTENTS_FOLDER_PATH_SHALLOW_BUNDLE_NO\=React_debug.framework/A
    export CONTENTS_FOLDER_PATH_SHALLOW_BUNDLE_YES\=React_debug.framework
    export COPYING_PRESERVES_HFS_DATA\=NO
    export COPY_HEADERS_RUN_UNIFDEF\=NO
    export COPY_PHASE_STRIP\=NO
    export CORRESPONDING_DEVICE_PLATFORM_DIR\=/Applications/Xcode.app/Contents/Developer/Platforms/iPhoneOS.platform
    export CORRESPONDING_DEVICE_PLATFORM_NAME\=iphoneos
    export CORRESPONDING_DEVICE_SDK_DIR\=/Applications/Xcode.app/Contents/Developer/Platforms/iPhoneOS.platform/Developer/SDKs/iPhoneOS18.5.sdk
    export CORRESPONDING_DEVICE_SDK_NAME\=iphoneos18.5
    export CP\=/bin/cp
    export CREATE_INFOPLIST_SECTION_IN_BINARY\=NO
    export CURRENT_ARCH\=undefined_arch
    export CURRENT_PROJECT_VERSION\=1
    export CURRENT_VARIANT\=normal
    export CURRENT_VERSION\=Current
    export DEAD_CODE_STRIPPING\=YES
    export DEBUGGING_SYMBOLS\=YES
    export DEBUG_INFORMATION_FORMAT\=dwarf
    export DEBUG_INFORMATION_VERSION\=compiler-default
    export DEFAULT_COMPILER\=com.apple.compilers.llvm.clang.1_0
    export DEFAULT_DEXT_INSTALL_PATH\=/System/Library/DriverExtensions
    export DEFAULT_KEXT_INSTALL_PATH\=/System/Library/Extensions
    export DEFINES_MODULE\=YES
    export DEPLOYMENT_LOCATION\=NO
    export DEPLOYMENT_POSTPROCESSING\=NO
    export DEPLOYMENT_TARGET_SETTING_NAME\=IPHONEOS_DEPLOYMENT_TARGET
    export DEPLOYMENT_TARGET_SUGGESTED_VALUES\=12.0\ 12.1\ 12.2\ 12.3\ 12.4\ 13.0\ 13.1\ 13.2\ 13.3\ 13.4\ 13.5\ 13.6\ 14.0\ 14.1\ 14.2\ 14.3\ 14.4\ 14.5\ 14.6\ 14.7\ 15.0\ 15.1\ 15.2\ 15.3\ 15.4\ 15.5\ 15.6\ 16.0\ 16.1\ 16.2\ 16.3\ 16.4\ 16.5\ 16.6\ 17.0\ 17.1\ 17.2\ 17.3\ 17.4\ 17.5\ 17.6\ 18.0\ 18.1\ 18.2\ 18.3\ 18.4\ 18.5
    export DERIVED_FILES_DIR\=/Users/rmpal/Library/Developer/Xcode/DerivedData/ASKHatters-grdgfmxzykdhuzgaxmwtwynupyng/Build/Intermediates.noindex/Pods.build/Debug-iphonesimulator/React-debug.build/DerivedSources
    export DERIVED_FILE_DIR\=/Users/rmpal/Library/Developer/Xcode/DerivedData/ASKHatters-grdgfmxzykdhuzgaxmwtwynupyng/Build/Intermediates.noindex/Pods.build/Debug-iphonesimulator/React-debug.build/DerivedSources
    export DERIVED_SOURCES_DIR\=/Users/rmpal/Library/Developer/Xcode/DerivedData/ASKHatters-grdgfmxzykdhuzgaxmwtwynupyng/Build/Intermediates.noindex/Pods.build/Debug-iphonesimulator/React-debug.build/DerivedSources
    export DEVELOPER_APPLICATIONS_DIR\=/Applications/Xcode.app/Contents/Developer/Applications
    export DEVELOPER_BIN_DIR\=/Applications/Xcode.app/Contents/Developer/usr/bin
    export DEVELOPER_DIR\=/Applications/Xcode.app/Contents/Developer
    export DEVELOPER_FRAMEWORKS_DIR\=/Applications/Xcode.app/Contents/Developer/Library/Frameworks
    export DEVELOPER_FRAMEWORKS_DIR_QUOTED\=/Applications/Xcode.app/Contents/Developer/Library/Frameworks
    export DEVELOPER_LIBRARY_DIR\=/Applications/Xcode.app/Contents/Developer/Library
    export DEVELOPER_SDK_DIR\=/Applications/Xcode.app/Contents/Developer/Platforms/MacOSX.platform/Developer/SDKs
    export DEVELOPER_TOOLS_DIR\=/Applications/Xcode.app/Contents/Developer/Tools
    export DEVELOPER_USR_DIR\=/Applications/Xcode.app/Contents/Developer/usr
    export DEVELOPMENT_LANGUAGE\=en
    export DIAGNOSE_MISSING_TARGET_DEPENDENCIES\=YES
    export DIFF\=/usr/bin/diff
    export DOCUMENTATION_FOLDER_PATH\=React_debug.framework/en.lproj/Documentation
    export DONT_GENERATE_INFOPLIST_FILE\=NO
    export DSTROOT\=/tmp/Pods.dst
    export DT_TOOLCHAIN_DIR\=/Applications/Xcode.app/Contents/Developer/Toolchains/XcodeDefault.xctoolchain
    export DWARF_DSYM_FILE_NAME\=React_debug.framework.dSYM
    export DWARF_DSYM_FILE_SHOULD_ACCOMPANY_PRODUCT\=NO
    export DWARF_DSYM_FOLDER_PATH\=/Users/rmpal/Library/Developer/Xcode/DerivedData/ASKHatters-grdgfmxzykdhuzgaxmwtwynupyng/Build/Products/Debug-iphonesimulator/React-debug
    export DYLIB_COMPATIBILITY_VERSION\=1
    export DYLIB_CURRENT_VERSION\=1
    export DYLIB_INSTALL_NAME_BASE\=@rpath
    export DYNAMIC_LIBRARY_EXTENSION\=dylib
    export EAGER_COMPILATION_ALLOW_SCRIPTS\=NO
    export EAGER_LINKING\=NO
    export EFFECTIVE_PLATFORM_NAME\=-iphonesimulator
    export EMBEDDED_CONTENT_CONTAINS_SWIFT\=NO
    export EMBED_ASSET_PACKS_IN_PRODUCT_BUNDLE\=NO
    export ENABLE_APP_SANDBOX\=NO
    export ENABLE_BITCODE\=NO
    export ENABLE_CODE_COVERAGE\=YES
    export ENABLE_DEFAULT_HEADER_SEARCH_PATHS\=YES
    export ENABLE_DEFAULT_SEARCH_PATHS\=YES
    export ENABLE_HARDENED_RUNTIME\=NO
    export ENABLE_HEADER_DEPENDENCIES\=YES
    export ENABLE_INCOMING_NETWORK_CONNECTIONS\=NO
    export ENABLE_MODULE_VERIFIER\=NO
    export ENABLE_ON_DEMAND_RESOURCES\=NO
    export ENABLE_OUTGOING_NETWORK_CONNECTIONS\=NO
    export ENABLE_PREVIEWS\=NO
    export ENABLE_RESOURCE_ACCESS_AUDIO_INPUT\=NO
    export ENABLE_RESOURCE_ACCESS_BLUETOOTH\=NO
    export ENABLE_RESOURCE_ACCESS_CALENDARS\=NO
    export ENABLE_RESOURCE_ACCESS_CAMERA\=NO
    export ENABLE_RESOURCE_ACCESS_CONTACTS\=NO
    export ENABLE_RESOURCE_ACCESS_LOCATION\=NO
    export ENABLE_RESOURCE_ACCESS_PRINTING\=NO
    export ENABLE_RESOURCE_ACCESS_USB\=NO
    export ENABLE_SDK_IMPORTS\=NO
    export ENABLE_STRICT_OBJC_MSGSEND\=YES
    export ENABLE_TESTABILITY\=YES
    export ENABLE_TESTING_SEARCH_PATHS\=NO
    export ENABLE_USER_SCRIPT_SANDBOXING\=NO
    export ENABLE_XOJIT_PREVIEWS\=YES
    export ENFORCE_VALID_ARCHS\=YES
    export ENTITLEMENTS_DESTINATION\=__entitlements
    export ENTITLEMENTS_REQUIRED\=NO
    export EXCLUDED_INSTALLSRC_SUBDIRECTORY_PATTERNS\=.DS_Store\ .svn\ .git\ .hg\ CVS
    export EXCLUDED_RECURSIVE_SEARCH_PATH_SUBDIRECTORIES\=\*.nib\ \*.lproj\ \*.framework\ \*.gch\ \*.xcode\*\ \*.xcassets\ \(\*\)\ .DS_Store\ CVS\ .svn\ .git\ .hg\ \*.pbproj\ \*.pbxproj
    export EXECUTABLES_FOLDER_PATH\=React_debug.framework/en.lproj
    export EXECUTABLE_FOLDER_PATH\=React_debug.framework
    export EXECUTABLE_FOLDER_PATH_SHALLOW_BUNDLE_NO\=React_debug.framework
    export EXECUTABLE_FOLDER_PATH_SHALLOW_BUNDLE_YES\=React_debug.framework
    export EXECUTABLE_NAME\=React_debug
    export EXECUTABLE_PATH\=React_debug.framework/React_debug
    export EXPANDED_CODE_SIGN_IDENTITY\=-
    export EXPANDED_CODE_SIGN_IDENTITY_NAME\=Sign\ to\ Run\ Locally
    export EXTENSIONS_FOLDER_PATH\=React_debug.framework/Extensions
    export FILE_LIST\=/Users/rmpal/Library/Developer/Xcode/DerivedData/ASKHatters-grdgfmxzykdhuzgaxmwtwynupyng/Build/Intermediates.noindex/Pods.build/Debug-iphonesimulator/React-debug.build/Objects/LinkFileList
    export FIXED_FILES_DIR\=/Users/rmpal/Library/Developer/Xcode/DerivedData/ASKHatters-grdgfmxzykdhuzgaxmwtwynupyng/Build/Intermediates.noindex/Pods.build/Debug-iphonesimulator/React-debug.build/FixedFiles
    export FRAMEWORKS_FOLDER_PATH\=React_debug.framework/Frameworks
    export FRAMEWORK_FLAG_PREFIX\=-framework
    export FRAMEWORK_SEARCH_PATHS\=/Users/rmpal/Library/Developer/Xcode/DerivedData/ASKHatters-grdgfmxzykdhuzgaxmwtwynupyng/Build/Products/Debug-iphonesimulator/React-debug\ 
    export FRAMEWORK_VERSION\=A
    export FULL_PRODUCT_NAME\=React_debug.framework
    export FUSE_BUILD_PHASES\=YES
    export FUSE_BUILD_SCRIPT_PHASES\=NO
    export GCC3_VERSION\=3.3
    export GCC_C_LANGUAGE_STANDARD\=gnu11
    export GCC_DYNAMIC_NO_PIC\=NO
    export GCC_INLINES_ARE_PRIVATE_EXTERN\=YES
    export GCC_NO_COMMON_BLOCKS\=YES
    export GCC_OBJC_LEGACY_DISPATCH\=YES
    export GCC_OPTIMIZATION_LEVEL\=0
    export GCC_PFE_FILE_C_DIALECTS\=c\ objective-c\ c++\ objective-c++
    export GCC_PREFIX_HEADER\=Target\ Support\ Files/React-debug/React-debug-prefix.pch
    export GCC_PREPROCESSOR_DEFINITIONS\=POD_CONFIGURATION_DEBUG\=1\ DEBUG\=1\ \ COCOAPODS\=1
    export GCC_TREAT_WARNINGS_AS_ERRORS\=NO
    export GCC_VERSION\=com.apple.compilers.llvm.clang.1_0
    export GCC_VERSION_IDENTIFIER\=com_apple_compilers_llvm_clang_1_0
    export GCC_WARN_64_TO_32_BIT_CONVERSION\=YES
    export GCC_WARN_ABOUT_RETURN_TYPE\=YES_ERROR
    export GCC_WARN_INHIBIT_ALL_WARNINGS\=NO
    export GCC_WARN_UNDECLARED_SELECTOR\=YES
    export GCC_WARN_UNINITIALIZED_AUTOS\=YES_AGGRESSIVE
    export GCC_WARN_UNUSED_FUNCTION\=YES
    export GCC_WARN_UNUSED_VARIABLE\=YES
    export GENERATED_MODULEMAP_DIR\=/Users/rmpal/Library/Developer/Xcode/DerivedData/ASKHatters-grdgfmxzykdhuzgaxmwtwynupyng/Build/Intermediates.noindex/GeneratedModuleMaps-iphonesimulator
    export GENERATE_INFOPLIST_FILE\=NO
    export GENERATE_INTERMEDIATE_TEXT_BASED_STUBS\=YES
    export GENERATE_MASTER_OBJECT_FILE\=NO
    export GENERATE_PKGINFO_FILE\=NO
    export GENERATE_PROFILING_CODE\=NO
    export GENERATE_TEXT_BASED_STUBS\=NO
    export GID\=20
    export GROUP\=staff
    export HEADERMAP_INCLUDES_FLAT_ENTRIES_FOR_TARGET_BEING_BUILT\=YES
    export HEADERMAP_INCLUDES_FRAMEWORK_ENTRIES_FOR_ALL_PRODUCT_TYPES\=YES
    export HEADERMAP_INCLUDES_FRAMEWORK_ENTRIES_FOR_TARGETS_NOT_BEING_BUILT\=YES
    export HEADERMAP_INCLUDES_NONPUBLIC_NONPRIVATE_HEADERS\=YES
    export HEADERMAP_INCLUDES_PROJECT_HEADERS\=YES
    export HEADERMAP_USES_FRAMEWORK_PREFIX_ENTRIES\=YES
    export HEADERMAP_USES_VFS\=YES
    export HEADER_SEARCH_PATHS\=/Users/rmpal/Library/Developer/Xcode/DerivedData/ASKHatters-grdgfmxzykdhuzgaxmwtwynupyng/Build/Products/Debug-iphonesimulator/React-debug/include\ \ /Users/rmpal/Library/Developer/Xcode/DerivedData/ASKHatters-grdgfmxzykdhuzgaxmwtwynupyng/Build/Products/Debug-iphonesimulator/ReactCommon/ReactCommon.framework/Headers\ /Users/rmpal/Library/Developer/Xcode/DerivedData/ASKHatters-grdgfmxzykdhuzgaxmwtwynupyng/Build/Products/Debug-iphonesimulator/ReactCommon/ReactCommon.framework/Headers/react/nativemodule/core\ /Users/rmpal/Library/Developer/Xcode/DerivedData/ASKHatters-grdgfmxzykdhuzgaxmwtwynupyng/Build/Products/Debug-iphonesimulator/React-runtimeexecutor/React_runtimeexecutor.framework/Headers\ /Users/rmpal/Library/Developer/Xcode/DerivedData/ASKHatters-grdgfmxzykdhuzgaxmwtwynupyng/Build/Products/Debug-iphonesimulator/React-runtimeexecutor/React_runtimeexecutor.framework/Headers/platform/ios\ /Users/rmpal/Library/Developer/Xcode/DerivedData/ASKHatters-grdgfmxzykdhuzgaxmwtwynupyng/Build/Products/Debug-iphonesimulator/ReactCommon-Samples/ReactCommon_Samples.framework/Headers\ /Users/rmpal/Library/Developer/Xcode/DerivedData/ASKHatters-grdgfmxzykdhuzgaxmwtwynupyng/Build/Products/Debug-iphonesimulator/ReactCommon-Samples/ReactCommon_Samples.framework/Headers/platform/ios\ /Users/rmpal/Library/Developer/Xcode/DerivedData/ASKHatters-grdgfmxzykdhuzgaxmwtwynupyng/Build/Products/Debug-iphonesimulator/React-Fabric/React_Fabric.framework/Headers/react/renderer/components/view/platform/cxx\ /Users/rmpal/Library/Developer/Xcode/DerivedData/ASKHatters-grdgfmxzykdhuzgaxmwtwynupyng/Build/Products/Debug-iphonesimulator/React-NativeModulesApple/React_NativeModulesApple.framework/Headers\ /Users/rmpal/Library/Developer/Xcode/DerivedData/ASKHatters-grdgfmxzykdhuzgaxmwtwynupyng/Build/Products/Debug-iphonesimulator/React-graphics/React_graphics.framework/Headers\ /Users/rmpal/Library/Developer/Xcode/DerivedData/ASKHatters-grdgfmxzykdhuzgaxmwtwynupyng/Build/Products/Debug-iphonesimulator/React-graphics/React_graphics.framework/Headers/react/renderer/graphics/platform/ios
    export HIDE_BITCODE_SYMBOLS\=YES
    export HOME\=/Users/rmpal
    export HOST_ARCH\=arm64
    export HOST_PLATFORM\=macosx
    export ICONV\=/usr/bin/iconv
    export IMPLICIT_DEPENDENCY_DOMAIN\=default
    export INFOPLIST_ENABLE_CFBUNDLEICONS_MERGE\=YES
    export INFOPLIST_EXPAND_BUILD_SETTINGS\=YES
    export INFOPLIST_FILE\=Target\ Support\ Files/React-debug/React-debug-Info.plist
    export INFOPLIST_OUTPUT_FORMAT\=binary
    export INFOPLIST_PATH\=React_debug.framework/Info.plist
    export INFOPLIST_PREPROCESS\=NO
    export INFOSTRINGS_PATH\=React_debug.framework/en.lproj/InfoPlist.strings
    export INLINE_PRIVATE_FRAMEWORKS\=NO
    export INSTALLAPI_IGNORE_SKIP_INSTALL\=YES
    export INSTALLHDRS_COPY_PHASE\=NO
    export INSTALLHDRS_SCRIPT_PHASE\=NO
    export INSTALL_DIR\=/tmp/Pods.dst/Library/Frameworks
    export INSTALL_GROUP\=staff
    export INSTALL_MODE_FLAG\=u+w,go-w,a+rX
    export INSTALL_OWNER\=rmpal
    export INSTALL_PATH\=/Library/Frameworks
    export INSTALL_ROOT\=/tmp/Pods.dst
    export IPHONEOS_DEPLOYMENT_TARGET\=13.0
    export IS_UNOPTIMIZED_BUILD\=YES
    export JAVAC_DEFAULT_FLAGS\=-J-Xms64m\ -J-XX:NewSize\=4M\ -J-Dfile.encoding\=UTF8
    export JAVA_APP_STUB\=/System/Library/Frameworks/JavaVM.framework/Resources/MacOS/JavaApplicationStub
    export JAVA_ARCHIVE_CLASSES\=YES
    export JAVA_ARCHIVE_TYPE\=JAR
    export JAVA_COMPILER\=/usr/bin/javac
    export JAVA_FOLDER_PATH\=React_debug.framework/Java
    export JAVA_FRAMEWORK_RESOURCES_DIRS\=Resources
    export JAVA_JAR_FLAGS\=cv
    export JAVA_SOURCE_SUBDIR\=.
    export JAVA_USE_DEPENDENCIES\=YES
    export JAVA_ZIP_FLAGS\=-urg
    export JIKES_DEFAULT_FLAGS\=+E\ +OLDCSO
    export KEEP_PRIVATE_EXTERNS\=NO
    export LD_DEPENDENCY_INFO_FILE\=/Users/rmpal/Library/Developer/Xcode/DerivedData/ASKHatters-grdgfmxzykdhuzgaxmwtwynupyng/Build/Intermediates.noindex/Pods.build/Debug-iphonesimulator/React-debug.build/Objects-normal/undefined_arch/React_debug_dependency_info.dat
    export LD_DYLIB_INSTALL_NAME\=@rpath/React_debug.framework/React_debug
    export LD_EXPORT_SYMBOLS\=YES
    export LD_GENERATE_MAP_FILE\=NO
    export LD_MAP_FILE_PATH\=/Users/rmpal/Library/Developer/Xcode/DerivedData/ASKHatters-grdgfmxzykdhuzgaxmwtwynupyng/Build/Intermediates.noindex/Pods.build/Debug-iphonesimulator/React-debug.build/React_debug-LinkMap-normal-undefined_arch.txt
    export LD_NO_PIE\=NO
    export LD_QUOTE_LINKER_ARGUMENTS_FOR_COMPILER_DRIVER\=YES
    export LD_RUNPATH_SEARCH_PATHS\=\ @executable_path/Frameworks\ @loader_path/Frameworks
    export LD_SHARED_CACHE_ELIGIBLE\=Automatic
    export LD_WARN_DUPLICATE_LIBRARIES\=NO
    export LD_WARN_UNUSED_DYLIBS\=NO
    export LEGACY_DEVELOPER_DIR\=/Applications/Xcode.app/Contents/PlugIns/Xcode3Core.ideplugin/Contents/SharedSupport/Developer
    export LEX\=lex
    export LIBRARY_DEXT_INSTALL_PATH\=/Library/DriverExtensions
    export LIBRARY_FLAG_NOSPACE\=YES
    export LIBRARY_FLAG_PREFIX\=-l
    export LIBRARY_KEXT_INSTALL_PATH\=/Library/Extensions
    export LIBRARY_SEARCH_PATHS\=/Users/rmpal/Library/Developer/Xcode/DerivedData/ASKHatters-grdgfmxzykdhuzgaxmwtwynupyng/Build/Products/Debug-iphonesimulator/React-debug\ 
    export LINKER_DISPLAYS_MANGLED_NAMES\=NO
    export LINK_FILE_LIST_normal_arm64\=/Users/rmpal/Library/Developer/Xcode/DerivedData/ASKHatters-grdgfmxzykdhuzgaxmwtwynupyng/Build/Intermediates.noindex/Pods.build/Debug-iphonesimulator/React-debug.build/Objects-normal/arm64/React_debug.LinkFileList
    export LINK_OBJC_RUNTIME\=YES
    export LINK_WITH_STANDARD_LIBRARIES\=YES
    export LLVM_TARGET_TRIPLE_OS_VERSION\=ios13.0
    export LLVM_TARGET_TRIPLE_SUFFIX\=-simulator
    export LLVM_TARGET_TRIPLE_VENDOR\=apple
    export LM_AUX_CONST_METADATA_LIST_PATH_normal_arm64\=/Users/rmpal/Library/Developer/Xcode/DerivedData/ASKHatters-grdgfmxzykdhuzgaxmwtwynupyng/Build/Intermediates.noindex/Pods.build/Debug-iphonesimulator/React-debug.build/Objects-normal/arm64/React_debug.SwiftConstValuesFileList
    export LOCALIZATION_EXPORT_SUPPORTED\=YES
    export LOCALIZATION_PREFERS_STRING_CATALOGS\=NO
    export LOCALIZED_RESOURCES_FOLDER_PATH\=React_debug.framework/en.lproj
    export LOCALIZED_STRING_MACRO_NAMES\=NSLocalizedString\ CFCopyLocalizedString
    export LOCALIZED_STRING_SWIFTUI_SUPPORT\=YES
    export LOCAL_ADMIN_APPS_DIR\=/Applications/Utilities
    export LOCAL_APPS_DIR\=/Applications
    export LOCAL_DEVELOPER_DIR\=/Library/Developer
    export LOCAL_LIBRARY_DIR\=/Library
    export LOCROOT\=/Users/rmpal/projects/askhatters/ASKHatters/ios/Pods
    export LOCSYMROOT\=/Users/rmpal/projects/askhatters/ASKHatters/ios/Pods
    export MACH_O_TYPE\=staticlib
    export MAC_OS_X_PRODUCT_BUILD_VERSION\=24F74
    export MAC_OS_X_VERSION_ACTUAL\=150500
    export MAC_OS_X_VERSION_MAJOR\=150000
    export MAC_OS_X_VERSION_MINOR\=150500
    export MAKE_MERGEABLE\=NO
    export MERGEABLE_LIBRARY\=NO
    export MERGED_BINARY_TYPE\=none
    export MERGE_LINKED_LIBRARIES\=NO
    export METAL_LIBRARY_FILE_BASE\=default
    export METAL_LIBRARY_OUTPUT_DIR\=/Users/rmpal/Library/Developer/Xcode/DerivedData/ASKHatters-grdgfmxzykdhuzgaxmwtwynupyng/Build/Products/Debug-iphonesimulator/React-debug/React_debug.framework
    export MODULEMAP_FILE\=Target\ Support\ Files/React-debug/React-debug.modulemap
    export MODULES_FOLDER_PATH\=React_debug.framework/Modules
    export MODULE_CACHE_DIR\=/Users/rmpal/Library/Developer/Xcode/DerivedData/ModuleCache.noindex
    export MTL_ENABLE_DEBUG_INFO\=INCLUDE_SOURCE
    export MTL_FAST_MATH\=YES
    export NATIVE_ARCH\=arm64
    export NATIVE_ARCH_32_BIT\=arm
    export NATIVE_ARCH_64_BIT\=arm64
    export NATIVE_ARCH_ACTUAL\=arm64
    export NO_COMMON\=YES
    export OBJC_ABI_VERSION\=2
    export OBJECT_FILE_DIR\=/Users/rmpal/Library/Developer/Xcode/DerivedData/ASKHatters-grdgfmxzykdhuzgaxmwtwynupyng/Build/Intermediates.noindex/Pods.build/Debug-iphonesimulator/React-debug.build/Objects
    export OBJECT_FILE_DIR_normal\=/Users/rmpal/Library/Developer/Xcode/DerivedData/ASKHatters-grdgfmxzykdhuzgaxmwtwynupyng/Build/Intermediates.noindex/Pods.build/Debug-iphonesimulator/React-debug.build/Objects-normal
    export OBJROOT\=/Users/rmpal/Library/Developer/Xcode/DerivedData/ASKHatters-grdgfmxzykdhuzgaxmwtwynupyng/Build/Intermediates.noindex
    export ONLY_ACTIVE_ARCH\=YES
    export OS\=MACOS
    export OSAC\=/usr/bin/osacompile
    export PACKAGE_TYPE\=com.apple.package-type.wrapper.framework
    export PASCAL_STRINGS\=YES
    export PATH\=/Applications/Xcode.app/Contents/SharedFrameworks/SwiftBuild.framework/Versions/A/PlugIns/SWBBuildService.bundle/Contents/PlugIns/SWBUniversalPlatformPlugin.bundle/Contents/Frameworks/SWBUniversalPlatform.framework/Resources:/Applications/Xcode.app/Contents/Developer/Toolchains/XcodeDefault.xctoolchain/usr/bin:/Applications/Xcode.app/Contents/Developer/Toolchains/XcodeDefault.xctoolchain/usr/local/bin:/Applications/Xcode.app/Contents/Developer/Toolchains/XcodeDefault.xctoolchain/usr/libexec:/Applications/Xcode.app/Contents/Developer/Platforms/iPhoneSimulator.platform/usr/bin:/Applications/Xcode.app/Contents/Developer/Platforms/iPhoneSimulator.platform/usr/local/bin:/Applications/Xcode.app/Contents/Developer/Platforms/iPhoneSimulator.platform/Developer/usr/bin:/Applications/Xcode.app/Contents/Developer/Platforms/iPhoneSimulator.platform/Developer/usr/local/bin:/Applications/Xcode.app/Contents/Developer/usr/bin:/Applications/Xcode.app/Contents/Developer/usr/local/bin:/Users/rmpal/.antigravity/antigravity/bin:/Users/rmpal/.codeium/windsurf/bin:/Users/rmpal/Library/Android/sdk/platform-tools:/Users/rmpal/Library/Android/sdk/emulator:/Users/rmpal/.nvm/versions/node/v22.21.1/bin:/usr/local/opt/node@18/bin:/Users/rmpal/.pyenv/shims:/Library/Frameworks/Python.framework/Versions/2.7/bin:/opt/homebrew/bin:/opt/homebrew/sbin:/usr/local/bin:/System/Cryptexes/App/usr/bin:/usr/bin:/bin:/usr/sbin:/sbin:/var/run/com.apple.security.cryptexd/codex.system/bootstrap/usr/local/bin:/var/run/com.apple.security.cryptexd/codex.system/bootstrap/usr/bin:/var/run/com.apple.security.cryptexd/codex.system/bootstrap/usr/appleinternal/bin:/Library/Apple/usr/bin:/usr/local/share/dotnet:/Library/Frameworks/Mono.framework/Versions/Current/Commands:/Users/rmpal/.antigravity/extensions/vscjava.vscode-java-debug-0.58.5-universal/bundled/scripts/noConfigScripts
    export PATH_PREFIXES_EXCLUDED_FROM_HEADER_DEPENDENCIES\=/usr/include\ /usr/local/include\ /System/Library/Frameworks\ /System/Library/PrivateFrameworks\ /Applications/Xcode.app/Contents/Developer/Headers\ /Applications/Xcode.app/Contents/Developer/SDKs\ /Applications/Xcode.app/Contents/Developer/Platforms
    export PBDEVELOPMENTPLIST_PATH\=React_debug.framework/pbdevelopment.plist
    export PER_ARCH_MODULE_FILE_DIR\=/Users/rmpal/Library/Developer/Xcode/DerivedData/ASKHatters-grdgfmxzykdhuzgaxmwtwynupyng/Build/Intermediates.noindex/Pods.build/Debug-iphonesimulator/React-debug.build/Objects-normal/undefined_arch
    export PER_ARCH_OBJECT_FILE_DIR\=/Users/rmpal/Library/Developer/Xcode/DerivedData/ASKHatters-grdgfmxzykdhuzgaxmwtwynupyng/Build/Intermediates.noindex/Pods.build/Debug-iphonesimulator/React-debug.build/Objects-normal/undefined_arch
    export PER_VARIANT_OBJECT_FILE_DIR\=/Users/rmpal/Library/Developer/Xcode/DerivedData/ASKHatters-grdgfmxzykdhuzgaxmwtwynupyng/Build/Intermediates.noindex/Pods.build/Debug-iphonesimulator/React-debug.build/Objects-normal
    export PKGINFO_FILE_PATH\=/Users/rmpal/Library/Developer/Xcode/DerivedData/ASKHatters-grdgfmxzykdhuzgaxmwtwynupyng/Build/Intermediates.noindex/Pods.build/Debug-iphonesimulator/React-debug.build/PkgInfo
    export PKGINFO_PATH\=React_debug.framework/PkgInfo
    export PLATFORM_DEVELOPER_APPLICATIONS_DIR\=/Applications/Xcode.app/Contents/Developer/Platforms/iPhoneSimulator.platform/Developer/Applications
    export PLATFORM_DEVELOPER_BIN_DIR\=/Applications/Xcode.app/Contents/Developer/Platforms/iPhoneSimulator.platform/Developer/usr/bin
    export PLATFORM_DEVELOPER_LIBRARY_DIR\=/Applications/Xcode.app/Contents/Developer/Platforms/iPhoneSimulator.platform/Developer/Library
    export PLATFORM_DEVELOPER_SDK_DIR\=/Applications/Xcode.app/Contents/Developer/Platforms/iPhoneSimulator.platform/Developer/SDKs
    export PLATFORM_DEVELOPER_TOOLS_DIR\=/Applications/Xcode.app/Contents/Developer/Platforms/iPhoneSimulator.platform/Developer/Tools
    export PLATFORM_DEVELOPER_USR_DIR\=/Applications/Xcode.app/Contents/Developer/Platforms/iPhoneSimulator.platform/Developer/usr
    export PLATFORM_DIR\=/Applications/Xcode.app/Contents/Developer/Platforms/iPhoneSimulator.platform
    export PLATFORM_DISPLAY_NAME\=iOS\ Simulator
    export PLATFORM_FAMILY_NAME\=iOS
    export PLATFORM_NAME\=iphonesimulator
    export PLATFORM_PREFERRED_ARCH\=x86_64
    export PLATFORM_PRODUCT_BUILD_VERSION\=22F76
    export PLATFORM_REQUIRES_SWIFT_AUTOLINK_EXTRACT\=NO
    export PLATFORM_REQUIRES_SWIFT_MODULEWRAP\=NO
    export PLIST_FILE_OUTPUT_FORMAT\=binary
    export PLUGINS_FOLDER_PATH\=React_debug.framework/PlugIns
    export PODS_BUILD_DIR\=/Users/rmpal/Library/Developer/Xcode/DerivedData/ASKHatters-grdgfmxzykdhuzgaxmwtwynupyng/Build/Products
    export PODS_CONFIGURATION_BUILD_DIR\=/Users/rmpal/Library/Developer/Xcode/DerivedData/ASKHatters-grdgfmxzykdhuzgaxmwtwynupyng/Build/Products/Debug-iphonesimulator
    export PODS_DEVELOPMENT_LANGUAGE\=en
    export PODS_ROOT\=/Users/rmpal/projects/askhatters/ASKHatters/ios/Pods
    export PODS_TARGET_SRCROOT\=/Users/rmpal/projects/askhatters/ASKHatters/ios/Pods/../../node_modules/react-native/ReactCommon/react/debug
    export PODS_XCFRAMEWORKS_BUILD_DIR\=/Users/rmpal/Library/Developer/Xcode/DerivedData/ASKHatters-grdgfmxzykdhuzgaxmwtwynupyng/Build/Products/Debug-iphonesimulator/XCFrameworkIntermediates
    export PRECOMPS_INCLUDE_HEADERS_FROM_BUILT_PRODUCTS_DIR\=YES
    export PRECOMP_DESTINATION_DIR\=/Users/rmpal/Library/Developer/Xcode/DerivedData/ASKHatters-grdgfmxzykdhuzgaxmwtwynupyng/Build/Intermediates.noindex/Pods.build/Debug-iphonesimulator/React-debug.build/PrefixHeaders
    export PRIVATE_HEADERS_FOLDER_PATH\=React_debug.framework/PrivateHeaders
    export PROCESSED_INFOPLIST_PATH\=/Users/rmpal/Library/Developer/Xcode/DerivedData/ASKHatters-grdgfmxzykdhuzgaxmwtwynupyng/Build/Intermediates.noindex/Pods.build/Debug-iphonesimulator/React-debug.build/Objects-normal/undefined_arch/Processed-Info.plist
    export PRODUCT_BUNDLE_IDENTIFIER\=org.cocoapods.React-debug
    export PRODUCT_BUNDLE_PACKAGE_TYPE\=FMWK
    export PRODUCT_MODULE_NAME\=React_debug
    export PRODUCT_NAME\=React_debug
    export PRODUCT_SETTINGS_PATH\=/Users/rmpal/projects/askhatters/ASKHatters/ios/Pods/Target\ Support\ Files/React-debug/React-debug-Info.plist
    export PRODUCT_TYPE\=com.apple.product-type.framework
    export PROFILING_CODE\=NO
    export PROJECT\=Pods
    export PROJECT_DERIVED_FILE_DIR\=/Users/rmpal/Library/Developer/Xcode/DerivedData/ASKHatters-grdgfmxzykdhuzgaxmwtwynupyng/Build/Intermediates.noindex/Pods.build/DerivedSources
    export PROJECT_DIR\=/Users/rmpal/projects/askhatters/ASKHatters/ios/Pods
    export PROJECT_FILE_PATH\=/Users/rmpal/projects/askhatters/ASKHatters/ios/Pods/Pods.xcodeproj
    export PROJECT_GUID\=8699adb1dd336b26511df848a716bd42
    export PROJECT_NAME\=Pods
    export PROJECT_TEMP_DIR\=/Users/rmpal/Library/Developer/Xcode/DerivedData/ASKHatters-grdgfmxzykdhuzgaxmwtwynupyng/Build/Intermediates.noindex/Pods.build
    export PROJECT_TEMP_ROOT\=/Users/rmpal/Library/Developer/Xcode/DerivedData/ASKHatters-grdgfmxzykdhuzgaxmwtwynupyng/Build/Intermediates.noindex
    export PUBLIC_HEADERS_FOLDER_PATH\=React_debug.framework/Headers
    export REACT_NATIVE_PATH\=/Users/rmpal/projects/askhatters/ASKHatters/ios/Pods/../../node_modules/react-native
    export RECOMMENDED_IPHONEOS_DEPLOYMENT_TARGET\=15.0
    export RECURSIVE_SEARCH_PATHS_FOLLOW_SYMLINKS\=YES
    export REMOVE_CVS_FROM_RESOURCES\=YES
    export REMOVE_GIT_FROM_RESOURCES\=YES
    export REMOVE_HEADERS_FROM_EMBEDDED_BUNDLES\=YES
    export REMOVE_HG_FROM_RESOURCES\=YES
    export REMOVE_STATIC_EXECUTABLES_FROM_EMBEDDED_BUNDLES\=YES
    export REMOVE_SVN_FROM_RESOURCES\=YES
    export RESCHEDULE_INDEPENDENT_HEADERS_PHASES\=YES
    export REZ_COLLECTOR_DIR\=/Users/rmpal/Library/Developer/Xcode/DerivedData/ASKHatters-grdgfmxzykdhuzgaxmwtwynupyng/Build/Intermediates.noindex/Pods.build/Debug-iphonesimulator/React-debug.build/ResourceManagerResources
    export REZ_OBJECTS_DIR\=/Users/rmpal/Library/Developer/Xcode/DerivedData/ASKHatters-grdgfmxzykdhuzgaxmwtwynupyng/Build/Intermediates.noindex/Pods.build/Debug-iphonesimulator/React-debug.build/ResourceManagerResources/Objects
    export REZ_SEARCH_PATHS\=/Users/rmpal/Library/Developer/Xcode/DerivedData/ASKHatters-grdgfmxzykdhuzgaxmwtwynupyng/Build/Products/Debug-iphonesimulator/React-debug\ 
    export SCAN_ALL_SOURCE_FILES_FOR_INCLUDES\=NO
    export SCRIPTS_FOLDER_PATH\=React_debug.framework/Scripts
    export SCRIPT_INPUT_FILE_COUNT\=0
    export SCRIPT_INPUT_FILE_LIST_COUNT\=0
    export SCRIPT_OUTPUT_FILE_COUNT\=0
    export SCRIPT_OUTPUT_FILE_LIST_COUNT\=0
    export SDKROOT\=/Applications/Xcode.app/Contents/Developer/Platforms/iPhoneSimulator.platform/Developer/SDKs/iPhoneSimulator18.5.sdk
    export SDK_DIR\=/Applications/Xcode.app/Contents/Developer/Platforms/iPhoneSimulator.platform/Developer/SDKs/iPhoneSimulator18.5.sdk
    export SDK_DIR_iphonesimulator\=/Applications/Xcode.app/Contents/Developer/Platforms/iPhoneSimulator.platform/Developer/SDKs/iPhoneSimulator18.5.sdk
    export SDK_DIR_iphonesimulator18_5\=/Applications/Xcode.app/Contents/Developer/Platforms/iPhoneSimulator.platform/Developer/SDKs/iPhoneSimulator18.5.sdk
    export SDK_NAME\=iphonesimulator18.5
    export SDK_NAMES\=iphonesimulator18.5
    export SDK_PRODUCT_BUILD_VERSION\=22F76
    export SDK_STAT_CACHE_DIR\=/Users/rmpal/Library/Developer/Xcode/DerivedData
    export SDK_STAT_CACHE_ENABLE\=YES
    export SDK_STAT_CACHE_PATH\=/Users/rmpal/Library/Developer/Xcode/DerivedData/SDKStatCaches.noindex/iphonesimulator18.5-22F76-d5fc8ad4295d2ef488fb7d0f804ce0c4.sdkstatcache
    export SDK_VERSION\=18.5
    export SDK_VERSION_ACTUAL\=180500
    export SDK_VERSION_MAJOR\=180000
    export SDK_VERSION_MINOR\=180500
    export SED\=/usr/bin/sed
    export SEPARATE_STRIP\=NO
    export SEPARATE_SYMBOL_EDIT\=NO
    export SET_DIR_MODE_OWNER_GROUP\=YES
    export SET_FILE_MODE_OWNER_GROUP\=NO
    export SHALLOW_BUNDLE\=YES
    export SHALLOW_BUNDLE_TRIPLE\=ios-simulator
    export SHALLOW_BUNDLE_ios_macabi\=NO
    export SHALLOW_BUNDLE_macos\=NO
    export SHARED_DERIVED_FILE_DIR\=/Users/rmpal/Library/Developer/Xcode/DerivedData/ASKHatters-grdgfmxzykdhuzgaxmwtwynupyng/Build/Products/Debug-iphonesimulator/React-debug/DerivedSources
    export SHARED_FRAMEWORKS_FOLDER_PATH\=React_debug.framework/SharedFrameworks
    export SHARED_PRECOMPS_DIR\=/Users/rmpal/Library/Developer/Xcode/DerivedData/ASKHatters-grdgfmxzykdhuzgaxmwtwynupyng/Build/Intermediates.noindex/PrecompiledHeaders
    export SHARED_SUPPORT_FOLDER_PATH\=React_debug.framework
    export SKIP_INSTALL\=YES
    export SOURCE_ROOT\=/Users/rmpal/projects/askhatters/ASKHatters/ios/Pods
    export SRCROOT\=/Users/rmpal/projects/askhatters/ASKHatters/ios/Pods
    export STRINGSDATA_DIR\=/Users/rmpal/Library/Developer/Xcode/DerivedData/ASKHatters-grdgfmxzykdhuzgaxmwtwynupyng/Build/Intermediates.noindex/Pods.build/Debug-iphonesimulator/React-debug.build/Objects-normal/undefined_arch
    export STRINGSDATA_ROOT\=/Users/rmpal/Library/Developer/Xcode/DerivedData/ASKHatters-grdgfmxzykdhuzgaxmwtwynupyng/Build/Intermediates.noindex/Pods.build/Debug-iphonesimulator/React-debug.build
    export STRINGS_FILE_INFOPLIST_RENAME\=YES
    export STRINGS_FILE_OUTPUT_ENCODING\=binary
    export STRIP_BITCODE_FROM_COPIED_FILES\=NO
    export STRIP_INSTALLED_PRODUCT\=NO
    export STRIP_STYLE\=debugging
    export STRIP_SWIFT_SYMBOLS\=YES
    export SUPPORTED_DEVICE_FAMILIES\=1,2
    export SUPPORTED_PLATFORMS\=iphoneos\ iphonesimulator
    export SUPPORTS_TEXT_BASED_API\=NO
    export SUPPRESS_WARNINGS\=NO
    export SWIFT_ACTIVE_COMPILATION_CONDITIONS\=\ DEBUG\ 
    export SWIFT_EMIT_LOC_STRINGS\=NO
    export SWIFT_INSTALL_MODULE_FOR_DEPLOYMENT\=YES
    export SWIFT_INSTALL_OBJC_HEADER\=YES
    export SWIFT_OPTIMIZATION_LEVEL\=-Onone
    export SWIFT_PLATFORM_TARGET_PREFIX\=ios
    export SWIFT_RESPONSE_FILE_PATH_normal_arm64\=/Users/rmpal/Library/Developer/Xcode/DerivedData/ASKHatters-grdgfmxzykdhuzgaxmwtwynupyng/Build/Intermediates.noindex/Pods.build/Debug-iphonesimulator/React-debug.build/Objects-normal/arm64/React_debug.SwiftFileList
    export SWIFT_VERSION\=5.0
    export SYMROOT\=/Users/rmpal/Library/Developer/Xcode/DerivedData/ASKHatters-grdgfmxzykdhuzgaxmwtwynupyng/Build/Products
    export SYSTEM_ADMIN_APPS_DIR\=/Applications/Utilities
    export SYSTEM_APPS_DIR\=/Applications
    export SYSTEM_CORE_SERVICES_DIR\=/System/Library/CoreServices
    export SYSTEM_DEMOS_DIR\=/Applications/Extras
    export SYSTEM_DEVELOPER_APPS_DIR\=/Applications/Xcode.app/Contents/Developer/Applications
    export SYSTEM_DEVELOPER_BIN_DIR\=/Applications/Xcode.app/Contents/Developer/usr/bin
    export SYSTEM_DEVELOPER_DEMOS_DIR\=/Applications/Xcode.app/Contents/Developer/Applications/Utilities/Built\ Examples
    export SYSTEM_DEVELOPER_DIR\=/Applications/Xcode.app/Contents/Developer
    export SYSTEM_DEVELOPER_DOC_DIR\=/Applications/Xcode.app/Contents/Developer/ADC\ Reference\ Library
    export SYSTEM_DEVELOPER_GRAPHICS_TOOLS_DIR\=/Applications/Xcode.app/Contents/Developer/Applications/Graphics\ Tools
    export SYSTEM_DEVELOPER_JAVA_TOOLS_DIR\=/Applications/Xcode.app/Contents/Developer/Applications/Java\ Tools
    export SYSTEM_DEVELOPER_PERFORMANCE_TOOLS_DIR\=/Applications/Xcode.app/Contents/Developer/Applications/Performance\ Tools
    export SYSTEM_DEVELOPER_RELEASENOTES_DIR\=/Applications/Xcode.app/Contents/Developer/ADC\ Reference\ Library/releasenotes
    export SYSTEM_DEVELOPER_TOOLS\=/Applications/Xcode.app/Contents/Developer/Tools
    export SYSTEM_DEVELOPER_TOOLS_DOC_DIR\=/Applications/Xcode.app/Contents/Developer/ADC\ Reference\ Library/documentation/DeveloperTools
    export SYSTEM_DEVELOPER_TOOLS_RELEASENOTES_DIR\=/Applications/Xcode.app/Contents/Developer/ADC\ Reference\ Library/releasenotes/DeveloperTools
    export SYSTEM_DEVELOPER_USR_DIR\=/Applications/Xcode.app/Contents/Developer/usr
    export SYSTEM_DEVELOPER_UTILITIES_DIR\=/Applications/Xcode.app/Contents/Developer/Applications/Utilities
    export SYSTEM_DEXT_INSTALL_PATH\=/System/Library/DriverExtensions
    export SYSTEM_DOCUMENTATION_DIR\=/Library/Documentation
    export SYSTEM_EXTENSIONS_FOLDER_PATH\=React_debug.framework/SystemExtensions
    export SYSTEM_EXTENSIONS_FOLDER_PATH_SHALLOW_BUNDLE_NO\=React_debug.framework/Library/SystemExtensions
    export SYSTEM_EXTENSIONS_FOLDER_PATH_SHALLOW_BUNDLE_YES\=React_debug.framework/SystemExtensions
    export SYSTEM_KEXT_INSTALL_PATH\=/System/Library/Extensions
    export SYSTEM_LIBRARY_DIR\=/System/Library
    export TAPI_DEMANGLE\=YES
    export TAPI_ENABLE_PROJECT_HEADERS\=NO
    export TAPI_LANGUAGE\=objective-c
    export TAPI_LANGUAGE_STANDARD\=compiler-default
    export TAPI_USE_SRCROOT\=YES
    export TAPI_VERIFY_MODE\=Pedantic
    export TARGETED_DEVICE_FAMILY\=1,2
    export TARGETNAME\=React-debug
    export TARGET_BUILD_DIR\=/Users/rmpal/Library/Developer/Xcode/DerivedData/ASKHatters-grdgfmxzykdhuzgaxmwtwynupyng/Build/Products/Debug-iphonesimulator/React-debug
    export TARGET_DEVICE_IDENTIFIER\=557D5EA7-30FD-4CB1-BF6C-05C287ACC9B5
    export TARGET_DEVICE_MODEL\=iPhone17,1
    export TARGET_DEVICE_OS_VERSION\=18.5
    export TARGET_DEVICE_PLATFORM_NAME\=iphonesimulator
    export TARGET_NAME\=React-debug
    export TARGET_TEMP_DIR\=/Users/rmpal/Library/Developer/Xcode/DerivedData/ASKHatters-grdgfmxzykdhuzgaxmwtwynupyng/Build/Intermediates.noindex/Pods.build/Debug-iphonesimulator/React-debug.build
    export TEMP_DIR\=/Users/rmpal/Library/Developer/Xcode/DerivedData/ASKHatters-grdgfmxzykdhuzgaxmwtwynupyng/Build/Intermediates.noindex/Pods.build/Debug-iphonesimulator/React-debug.build
    export TEMP_FILES_DIR\=/Users/rmpal/Library/Developer/Xcode/DerivedData/ASKHatters-grdgfmxzykdhuzgaxmwtwynupyng/Build/Intermediates.noindex/Pods.build/Debug-iphonesimulator/React-debug.build
    export TEMP_FILE_DIR\=/Users/rmpal/Library/Developer/Xcode/DerivedData/ASKHatters-grdgfmxzykdhuzgaxmwtwynupyng/Build/Intermediates.noindex/Pods.build/Debug-iphonesimulator/React-debug.build
    export TEMP_ROOT\=/Users/rmpal/Library/Developer/Xcode/DerivedData/ASKHatters-grdgfmxzykdhuzgaxmwtwynupyng/Build/Intermediates.noindex
    export TEMP_SANDBOX_DIR\=/Users/rmpal/Library/Developer/Xcode/DerivedData/ASKHatters-grdgfmxzykdhuzgaxmwtwynupyng/Build/Intermediates.noindex/TemporaryTaskSandboxes
    export TEST_FRAMEWORK_SEARCH_PATHS\=\ /Applications/Xcode.app/Contents/Developer/Platforms/iPhoneSimulator.platform/Developer/Library/Frameworks\ /Applications/Xcode.app/Contents/Developer/Platforms/iPhoneSimulator.platform/Developer/SDKs/iPhoneSimulator18.5.sdk/Developer/Library/Frameworks
    export TEST_LIBRARY_SEARCH_PATHS\=\ /Applications/Xcode.app/Contents/Developer/Platforms/iPhoneSimulator.platform/Developer/usr/lib
    export TOOLCHAINS\=com.apple.dt.toolchain.XcodeDefault
    export TOOLCHAIN_DIR\=/Applications/Xcode.app/Contents/Developer/Toolchains/XcodeDefault.xctoolchain
    export TREAT_MISSING_BASELINES_AS_TEST_FAILURES\=NO
    export TREAT_MISSING_SCRIPT_PHASE_OUTPUTS_AS_ERRORS\=NO
    export TeamIdentifierPrefix\=TN58L8Y3Z2.
    export UID\=501
    export UNINSTALLED_PRODUCTS_DIR\=/Users/rmpal/Library/Developer/Xcode/DerivedData/ASKHatters-grdgfmxzykdhuzgaxmwtwynupyng/Build/Intermediates.noindex/UninstalledProducts
    export UNLOCALIZED_RESOURCES_FOLDER_PATH\=React_debug.framework
    export UNLOCALIZED_RESOURCES_FOLDER_PATH_SHALLOW_BUNDLE_NO\=React_debug.framework/Resources
    export UNLOCALIZED_RESOURCES_FOLDER_PATH_SHALLOW_BUNDLE_YES\=React_debug.framework
    export UNSTRIPPED_PRODUCT\=NO
    export USER\=rmpal
    export USER_APPS_DIR\=/Users/rmpal/Applications
    export USER_LIBRARY_DIR\=/Users/rmpal/Library
    export USE_DYNAMIC_NO_PIC\=YES
    export USE_HEADERMAP\=YES
    export USE_HEADER_SYMLINKS\=NO
    export USE_HERMES\=true
    export USE_RECURSIVE_SCRIPT_INPUTS_IN_SCRIPT_PHASES\=YES
    export VALIDATE_DEVELOPMENT_ASSET_PATHS\=YES_ERROR
    export VALIDATE_PRODUCT\=NO
    export VALID_ARCHS\=arm64\ arm64e\ x86_64
    export VERBOSE_PBXCP\=NO
    export VERSIONING_SYSTEM\=apple-generic
    export VERSIONPLIST_PATH\=React_debug.framework/version.plist
    export VERSIONS_FOLDER_PATH\=React_debug.framework
    export VERSIONS_FOLDER_PATH_SHALLOW_BUNDLE_NO\=React_debug.framework/Versions
    export VERSIONS_FOLDER_PATH_SHALLOW_BUNDLE_YES\=React_debug.framework
    export VERSION_INFO_BUILDER\=rmpal
    export VERSION_INFO_FILE\=React_debug_vers.c
    export VERSION_INFO_STRING\=\"@\(\#\)PROGRAM:React_debug\ \ PROJECT:Pods-1\"
    export WORKSPACE_DIR\=/Users/rmpal/projects/askhatters/ASKHatters/ios
    export WRAPPER_EXTENSION\=framework
    export WRAPPER_NAME\=React_debug.framework
    export WRAPPER_SUFFIX\=.framework
    export WRAP_ASSET_PACKS_IN_SEPARATE_DIRECTORIES\=NO
    export XCODE_APP_SUPPORT_DIR\=/Applications/Xcode.app/Contents/Developer/Library/Xcode
    export XCODE_PRODUCT_BUILD_VERSION\=16F6
    export XCODE_VERSION_ACTUAL\=1640
    export XCODE_VERSION_MAJOR\=1600
    export XCODE_VERSION_MINOR\=1640
    export XPCSERVICES_FOLDER_PATH\=React_debug.framework/XPCServices
    export YACC\=yacc
    export _DISCOVER_COMMAND_LINE_LINKER_INPUTS\=YES
    export _DISCOVER_COMMAND_LINE_LINKER_INPUTS_INCLUDE_WL\=YES
    export _WRAPPER_CONTENTS_DIR_SHALLOW_BUNDLE_NO\=/Contents
    export _WRAPPER_PARENT_PATH_SHALLOW_BUNDLE_NO\=/..
    export _WRAPPER_RESOURCES_DIR_SHALLOW_BUNDLE_NO\=/Resources
    export __DIAGNOSE_DEPRECATED_ARCHS\=YES
    export arch\=undefined_arch
    export variant\=normal
    /bin/sh -c /Users/rmpal/Library/Developer/Xcode/DerivedData/ASKHatters-grdgfmxzykdhuzgaxmwtwynupyng/Build/Intermediates.noindex/Pods.build/Debug-iphonesimulator/React-debug.build/Script-46EB2E00041770.sh

warning: Run script build phase 'Create Symlinks to Header Folders' will be run during every build because it does not specify any outputs. To address this issue, either add output dependencies to the script phase, or configure it to run in every build by unchecking "Based on dependency analysis" in the script phase. (in target 'React-featureflags' from project 'Pods')
PhaseScriptExecution Create\ Symlinks\ to\ Header\ Folders /Users/rmpal/Library/Developer/Xcode/DerivedData/ASKHatters-grdgfmxzykdhuzgaxmwtwynupyng/Build/Intermediates.noindex/Pods.build/Debug-iphonesimulator/React-featureflags.build/Script-46EB2E00041D10.sh (in target 'React-featureflags' from project 'Pods')
    cd /Users/rmpal/projects/askhatters/ASKHatters/ios/Pods
    export ACTION\=build
    export AD_HOC_CODE_SIGNING_ALLOWED\=YES
    export ALLOW_BUILD_REQUEST_OVERRIDES\=NO
    export ALLOW_TARGET_PLATFORM_SPECIALIZATION\=NO
    export ALTERNATE_GROUP\=staff
    export ALTERNATE_MODE\=u+w,go-w,a+rX
    export ALTERNATE_OWNER\=rmpal
    export ALTERNATIVE_DISTRIBUTION_WEB\=NO
    export ALWAYS_EMBED_SWIFT_STANDARD_LIBRARIES\=NO
    export ALWAYS_SEARCH_USER_PATHS\=NO
    export ALWAYS_USE_SEPARATE_HEADERMAPS\=NO
    export APPLICATION_EXTENSION_API_ONLY\=NO
    export APPLY_RULES_IN_COPY_FILES\=NO
    export APPLY_RULES_IN_COPY_HEADERS\=NO
    export APP_SHORTCUTS_ENABLE_FLEXIBLE_MATCHING\=YES
    export ARCHS\=arm64
    export ARCHS_STANDARD\=arm64\ x86_64
    export ARCHS_STANDARD_32_64_BIT\=arm64\ x86_64
    export ARCHS_STANDARD_64_BIT\=arm64\ x86_64
    export ARCHS_STANDARD_INCLUDING_64_BIT\=arm64\ x86_64
    export ARCHS_UNIVERSAL_IPHONE_OS\=arm64\ x86_64
    export ASSETCATALOG_FILTER_FOR_DEVICE_MODEL\=iPhone17,1
    export ASSETCATALOG_FILTER_FOR_DEVICE_OS_VERSION\=18.5
    export ASSETCATALOG_FILTER_FOR_THINNING_DEVICE_CONFIGURATION\=iPhone17,1
    export AUTOMATICALLY_MERGE_DEPENDENCIES\=NO
    export AVAILABLE_PLATFORMS\=android\ appletvos\ appletvsimulator\ driverkit\ iphoneos\ iphonesimulator\ macosx\ qnx\ watchos\ watchsimulator\ xros\ xrsimulator
    export AppIdentifierPrefix\=TN58L8Y3Z2.
    export BITCODE_GENERATION_MODE\=marker
    export BUILD_ACTIVE_RESOURCES_ONLY\=YES
    export BUILD_COMPONENTS\=headers\ build
    export BUILD_DIR\=/Users/rmpal/Library/Developer/Xcode/DerivedData/ASKHatters-grdgfmxzykdhuzgaxmwtwynupyng/Build/Products
    export BUILD_LIBRARY_FOR_DISTRIBUTION\=NO
    export BUILD_ROOT\=/Users/rmpal/Library/Developer/Xcode/DerivedData/ASKHatters-grdgfmxzykdhuzgaxmwtwynupyng/Build/Products
    export BUILD_STYLE\=
    export BUILD_VARIANTS\=normal
    export BUILT_PRODUCTS_DIR\=/Users/rmpal/Library/Developer/Xcode/DerivedData/ASKHatters-grdgfmxzykdhuzgaxmwtwynupyng/Build/Products/Debug-iphonesimulator/React-featureflags
    export BUNDLE_CONTENTS_FOLDER_PATH_deep\=Contents/
    export BUNDLE_EXECUTABLE_FOLDER_NAME_deep\=MacOS
    export BUNDLE_EXTENSIONS_FOLDER_PATH\=Extensions
    export BUNDLE_FORMAT\=shallow
    export BUNDLE_FRAMEWORKS_FOLDER_PATH\=Frameworks
    export BUNDLE_PLUGINS_FOLDER_PATH\=PlugIns
    export BUNDLE_PRIVATE_HEADERS_FOLDER_PATH\=PrivateHeaders
    export BUNDLE_PUBLIC_HEADERS_FOLDER_PATH\=Headers
    export CACHE_ROOT\=/var/folders/80/krvrwbrj2pld84nbclzf6bd40000gn/C/com.apple.DeveloperTools/16.4-16F6/Xcode
    export CCHROOT\=/var/folders/80/krvrwbrj2pld84nbclzf6bd40000gn/C/com.apple.DeveloperTools/16.4-16F6/Xcode
    export CHMOD\=/bin/chmod
    export CHOWN\=/usr/sbin/chown
    export CLANG_ALLOW_NON_MODULAR_INCLUDES_IN_FRAMEWORK_MODULES\=YES
    export CLANG_ANALYZER_LOCALIZABILITY_NONLOCALIZED\=YES
    export CLANG_ANALYZER_NONNULL\=YES
    export CLANG_ANALYZER_NUMBER_OBJECT_CONVERSION\=YES_AGGRESSIVE
    export CLANG_CACHE_FINE_GRAINED_OUTPUTS\=YES
    export CLANG_CXX_LANGUAGE_STANDARD\=c++17
    export CLANG_CXX_LIBRARY\=libc++
    export CLANG_ENABLE_EXPLICIT_MODULES\=YES
    export CLANG_ENABLE_MODULES\=YES
    export CLANG_ENABLE_OBJC_ARC\=YES
    export CLANG_ENABLE_OBJC_WEAK\=NO
    export CLANG_MODULES_BUILD_SESSION_FILE\=/Users/rmpal/Library/Developer/Xcode/DerivedData/ModuleCache.noindex/Session.modulevalidation
    export CLANG_WARN_BLOCK_CAPTURE_AUTORELEASING\=YES
    export CLANG_WARN_BOOL_CONVERSION\=YES
    export CLANG_WARN_COMMA\=YES
    export CLANG_WARN_CONSTANT_CONVERSION\=YES
    export CLANG_WARN_DEPRECATED_OBJC_IMPLEMENTATIONS\=YES
    export CLANG_WARN_DIRECT_OBJC_ISA_USAGE\=YES_ERROR
    export CLANG_WARN_DOCUMENTATION_COMMENTS\=YES
    export CLANG_WARN_EMPTY_BODY\=YES
    export CLANG_WARN_ENUM_CONVERSION\=YES
    export CLANG_WARN_INFINITE_RECURSION\=YES
    export CLANG_WARN_INT_CONVERSION\=YES
    export CLANG_WARN_NON_LITERAL_NULL_CONVERSION\=YES
    export CLANG_WARN_OBJC_IMPLICIT_RETAIN_SELF\=YES
    export CLANG_WARN_OBJC_LITERAL_CONVERSION\=YES
    export CLANG_WARN_OBJC_ROOT_CLASS\=YES_ERROR
    export CLANG_WARN_QUOTED_INCLUDE_IN_FRAMEWORK_HEADER\=NO
    export CLANG_WARN_RANGE_LOOP_ANALYSIS\=YES
    export CLANG_WARN_STRICT_PROTOTYPES\=YES
    export CLANG_WARN_SUSPICIOUS_MOVE\=YES
    export CLANG_WARN_UNGUARDED_AVAILABILITY\=YES_AGGRESSIVE
    export CLANG_WARN_UNREACHABLE_CODE\=YES
    export CLANG_WARN__DUPLICATE_METHOD_MATCH\=YES
    export CLASS_FILE_DIR\=/Users/rmpal/Library/Developer/Xcode/DerivedData/ASKHatters-grdgfmxzykdhuzgaxmwtwynupyng/Build/Intermediates.noindex/Pods.build/Debug-iphonesimulator/React-featureflags.build/JavaClasses
    export CLEAN_PRECOMPS\=YES
    export CLONE_HEADERS\=NO
    export CODESIGNING_FOLDER_PATH\=/Users/rmpal/Library/Developer/Xcode/DerivedData/ASKHatters-grdgfmxzykdhuzgaxmwtwynupyng/Build/Products/Debug-iphonesimulator/React-featureflags/React_featureflags.framework
    export CODE_SIGNING_ALLOWED\=YES
    export CODE_SIGNING_REQUIRED\=NO
    export CODE_SIGNING_REQUIRES_TEAM\=YES
    export CODE_SIGN_CONTEXT_CLASS\=XCiPhoneSimulatorCodeSignContext
    export CODE_SIGN_IDENTITY\=-
    export CODE_SIGN_INJECT_BASE_ENTITLEMENTS\=YES
    export COLOR_DIAGNOSTICS\=NO
    export COMBINE_HIDPI_IMAGES\=NO
    export COMPILATION_CACHE_CAS_PATH\=/Users/rmpal/Library/Developer/Xcode/DerivedData/CompilationCache.noindex
    export COMPILATION_CACHE_KEEP_CAS_DIRECTORY\=YES
    export COMPILER_INDEX_STORE_ENABLE\=Default
    export COMPOSITE_SDK_DIRS\=/Users/rmpal/Library/Developer/Xcode/DerivedData/ASKHatters-grdgfmxzykdhuzgaxmwtwynupyng/Build/Intermediates.noindex/CompositeSDKs
    export COMPRESS_PNG_FILES\=YES
    export CONFIGURATION\=Debug
    export CONFIGURATION_BUILD_DIR\=/Users/rmpal/Library/Developer/Xcode/DerivedData/ASKHatters-grdgfmxzykdhuzgaxmwtwynupyng/Build/Products/Debug-iphonesimulator/React-featureflags
    export CONFIGURATION_TEMP_DIR\=/Users/rmpal/Library/Developer/Xcode/DerivedData/ASKHatters-grdgfmxzykdhuzgaxmwtwynupyng/Build/Intermediates.noindex/Pods.build/Debug-iphonesimulator
    export CONTENTS_FOLDER_PATH\=React_featureflags.framework
    export CONTENTS_FOLDER_PATH_SHALLOW_BUNDLE_NO\=React_featureflags.framework/A
    export CONTENTS_FOLDER_PATH_SHALLOW_BUNDLE_YES\=React_featureflags.framework
    export COPYING_PRESERVES_HFS_DATA\=NO
    export COPY_HEADERS_RUN_UNIFDEF\=NO
    export COPY_PHASE_STRIP\=NO
    export CORRESPONDING_DEVICE_PLATFORM_DIR\=/Applications/Xcode.app/Contents/Developer/Platforms/iPhoneOS.platform
    export CORRESPONDING_DEVICE_PLATFORM_NAME\=iphoneos
    export CORRESPONDING_DEVICE_SDK_DIR\=/Applications/Xcode.app/Contents/Developer/Platforms/iPhoneOS.platform/Developer/SDKs/iPhoneOS18.5.sdk
    export CORRESPONDING_DEVICE_SDK_NAME\=iphoneos18.5
    export CP\=/bin/cp
    export CREATE_INFOPLIST_SECTION_IN_BINARY\=NO
    export CURRENT_ARCH\=undefined_arch
    export CURRENT_PROJECT_VERSION\=1
    export CURRENT_VARIANT\=normal
    export CURRENT_VERSION\=Current
    export DEAD_CODE_STRIPPING\=YES
    export DEBUGGING_SYMBOLS\=YES
    export DEBUG_INFORMATION_FORMAT\=dwarf
    export DEBUG_INFORMATION_VERSION\=compiler-default
    export DEFAULT_COMPILER\=com.apple.compilers.llvm.clang.1_0
    export DEFAULT_DEXT_INSTALL_PATH\=/System/Library/DriverExtensions
    export DEFAULT_KEXT_INSTALL_PATH\=/System/Library/Extensions
    export DEFINES_MODULE\=YES
    export DEPLOYMENT_LOCATION\=NO
    export DEPLOYMENT_POSTPROCESSING\=NO
    export DEPLOYMENT_TARGET_SETTING_NAME\=IPHONEOS_DEPLOYMENT_TARGET
    export DEPLOYMENT_TARGET_SUGGESTED_VALUES\=12.0\ 12.1\ 12.2\ 12.3\ 12.4\ 13.0\ 13.1\ 13.2\ 13.3\ 13.4\ 13.5\ 13.6\ 14.0\ 14.1\ 14.2\ 14.3\ 14.4\ 14.5\ 14.6\ 14.7\ 15.0\ 15.1\ 15.2\ 15.3\ 15.4\ 15.5\ 15.6\ 16.0\ 16.1\ 16.2\ 16.3\ 16.4\ 16.5\ 16.6\ 17.0\ 17.1\ 17.2\ 17.3\ 17.4\ 17.5\ 17.6\ 18.0\ 18.1\ 18.2\ 18.3\ 18.4\ 18.5
    export DERIVED_FILES_DIR\=/Users/rmpal/Library/Developer/Xcode/DerivedData/ASKHatters-grdgfmxzykdhuzgaxmwtwynupyng/Build/Intermediates.noindex/Pods.build/Debug-iphonesimulator/React-featureflags.build/DerivedSources
    export DERIVED_FILE_DIR\=/Users/rmpal/Library/Developer/Xcode/DerivedData/ASKHatters-grdgfmxzykdhuzgaxmwtwynupyng/Build/Intermediates.noindex/Pods.build/Debug-iphonesimulator/React-featureflags.build/DerivedSources
    export DERIVED_SOURCES_DIR\=/Users/rmpal/Library/Developer/Xcode/DerivedData/ASKHatters-grdgfmxzykdhuzgaxmwtwynupyng/Build/Intermediates.noindex/Pods.build/Debug-iphonesimulator/React-featureflags.build/DerivedSources
    export DEVELOPER_APPLICATIONS_DIR\=/Applications/Xcode.app/Contents/Developer/Applications
    export DEVELOPER_BIN_DIR\=/Applications/Xcode.app/Contents/Developer/usr/bin
    export DEVELOPER_DIR\=/Applications/Xcode.app/Contents/Developer
    export DEVELOPER_FRAMEWORKS_DIR\=/Applications/Xcode.app/Contents/Developer/Library/Frameworks
    export DEVELOPER_FRAMEWORKS_DIR_QUOTED\=/Applications/Xcode.app/Contents/Developer/Library/Frameworks
    export DEVELOPER_LIBRARY_DIR\=/Applications/Xcode.app/Contents/Developer/Library
    export DEVELOPER_SDK_DIR\=/Applications/Xcode.app/Contents/Developer/Platforms/MacOSX.platform/Developer/SDKs
    export DEVELOPER_TOOLS_DIR\=/Applications/Xcode.app/Contents/Developer/Tools
    export DEVELOPER_USR_DIR\=/Applications/Xcode.app/Contents/Developer/usr
    export DEVELOPMENT_LANGUAGE\=en
    export DIAGNOSE_MISSING_TARGET_DEPENDENCIES\=YES
    export DIFF\=/usr/bin/diff
    export DOCUMENTATION_FOLDER_PATH\=React_featureflags.framework/en.lproj/Documentation
    export DONT_GENERATE_INFOPLIST_FILE\=NO
    export DSTROOT\=/tmp/Pods.dst
    export DT_TOOLCHAIN_DIR\=/Applications/Xcode.app/Contents/Developer/Toolchains/XcodeDefault.xctoolchain
    export DWARF_DSYM_FILE_NAME\=React_featureflags.framework.dSYM
    export DWARF_DSYM_FILE_SHOULD_ACCOMPANY_PRODUCT\=NO
    export DWARF_DSYM_FOLDER_PATH\=/Users/rmpal/Library/Developer/Xcode/DerivedData/ASKHatters-grdgfmxzykdhuzgaxmwtwynupyng/Build/Products/Debug-iphonesimulator/React-featureflags
    export DYLIB_COMPATIBILITY_VERSION\=1
    export DYLIB_CURRENT_VERSION\=1
    export DYLIB_INSTALL_NAME_BASE\=@rpath
    export DYNAMIC_LIBRARY_EXTENSION\=dylib
    export EAGER_COMPILATION_ALLOW_SCRIPTS\=NO
    export EAGER_LINKING\=NO
    export EFFECTIVE_PLATFORM_NAME\=-iphonesimulator
    export EMBEDDED_CONTENT_CONTAINS_SWIFT\=NO
    export EMBED_ASSET_PACKS_IN_PRODUCT_BUNDLE\=NO
    export ENABLE_APP_SANDBOX\=NO
    export ENABLE_BITCODE\=NO
    export ENABLE_CODE_COVERAGE\=YES
    export ENABLE_DEFAULT_HEADER_SEARCH_PATHS\=YES
    export ENABLE_DEFAULT_SEARCH_PATHS\=YES
    export ENABLE_HARDENED_RUNTIME\=NO
    export ENABLE_HEADER_DEPENDENCIES\=YES
    export ENABLE_INCOMING_NETWORK_CONNECTIONS\=NO
    export ENABLE_MODULE_VERIFIER\=NO
    export ENABLE_ON_DEMAND_RESOURCES\=NO
    export ENABLE_OUTGOING_NETWORK_CONNECTIONS\=NO
    export ENABLE_PREVIEWS\=NO
    export ENABLE_RESOURCE_ACCESS_AUDIO_INPUT\=NO
    export ENABLE_RESOURCE_ACCESS_BLUETOOTH\=NO
    export ENABLE_RESOURCE_ACCESS_CALENDARS\=NO
    export ENABLE_RESOURCE_ACCESS_CAMERA\=NO
    export ENABLE_RESOURCE_ACCESS_CONTACTS\=NO
    export ENABLE_RESOURCE_ACCESS_LOCATION\=NO
    export ENABLE_RESOURCE_ACCESS_PRINTING\=NO
    export ENABLE_RESOURCE_ACCESS_USB\=NO
    export ENABLE_SDK_IMPORTS\=NO
    export ENABLE_STRICT_OBJC_MSGSEND\=YES
    export ENABLE_TESTABILITY\=YES
    export ENABLE_TESTING_SEARCH_PATHS\=NO
    export ENABLE_USER_SCRIPT_SANDBOXING\=NO
    export ENABLE_XOJIT_PREVIEWS\=YES
    export ENFORCE_VALID_ARCHS\=YES
    export ENTITLEMENTS_DESTINATION\=__entitlements
    export ENTITLEMENTS_REQUIRED\=NO
    export EXCLUDED_INSTALLSRC_SUBDIRECTORY_PATTERNS\=.DS_Store\ .svn\ .git\ .hg\ CVS
    export EXCLUDED_RECURSIVE_SEARCH_PATH_SUBDIRECTORIES\=\*.nib\ \*.lproj\ \*.framework\ \*.gch\ \*.xcode\*\ \*.xcassets\ \(\*\)\ .DS_Store\ CVS\ .svn\ .git\ .hg\ \*.pbproj\ \*.pbxproj
    export EXECUTABLES_FOLDER_PATH\=React_featureflags.framework/en.lproj
    export EXECUTABLE_FOLDER_PATH\=React_featureflags.framework
    export EXECUTABLE_FOLDER_PATH_SHALLOW_BUNDLE_NO\=React_featureflags.framework
    export EXECUTABLE_FOLDER_PATH_SHALLOW_BUNDLE_YES\=React_featureflags.framework
    export EXECUTABLE_NAME\=React_featureflags
    export EXECUTABLE_PATH\=React_featureflags.framework/React_featureflags
    export EXPANDED_CODE_SIGN_IDENTITY\=-
    export EXPANDED_CODE_SIGN_IDENTITY_NAME\=Sign\ to\ Run\ Locally
    export EXTENSIONS_FOLDER_PATH\=React_featureflags.framework/Extensions
    export FILE_LIST\=/Users/rmpal/Library/Developer/Xcode/DerivedData/ASKHatters-grdgfmxzykdhuzgaxmwtwynupyng/Build/Intermediates.noindex/Pods.build/Debug-iphonesimulator/React-featureflags.build/Objects/LinkFileList
    export FIXED_FILES_DIR\=/Users/rmpal/Library/Developer/Xcode/DerivedData/ASKHatters-grdgfmxzykdhuzgaxmwtwynupyng/Build/Intermediates.noindex/Pods.build/Debug-iphonesimulator/React-featureflags.build/FixedFiles
    export FRAMEWORKS_FOLDER_PATH\=React_featureflags.framework/Frameworks
    export FRAMEWORK_FLAG_PREFIX\=-framework
    export FRAMEWORK_SEARCH_PATHS\=/Users/rmpal/Library/Developer/Xcode/DerivedData/ASKHatters-grdgfmxzykdhuzgaxmwtwynupyng/Build/Products/Debug-iphonesimulator/React-featureflags\ \ \"/Users/rmpal/Library/Developer/Xcode/DerivedData/ASKHatters-grdgfmxzykdhuzgaxmwtwynupyng/Build/Products/Debug-iphonesimulator/DoubleConversion\"\ \"/Users/rmpal/Library/Developer/Xcode/DerivedData/ASKHatters-grdgfmxzykdhuzgaxmwtwynupyng/Build/Products/Debug-iphonesimulator/RCT-Folly\"\ \"/Users/rmpal/Library/Developer/Xcode/DerivedData/ASKHatters-grdgfmxzykdhuzgaxmwtwynupyng/Build/Products/Debug-iphonesimulator/SocketRocket\"\ \"/Users/rmpal/Library/Developer/Xcode/DerivedData/ASKHatters-grdgfmxzykdhuzgaxmwtwynupyng/Build/Products/Debug-iphonesimulator/fmt\"\ \"/Users/rmpal/Library/Developer/Xcode/DerivedData/ASKHatters-grdgfmxzykdhuzgaxmwtwynupyng/Build/Products/Debug-iphonesimulator/glog\"
    export FRAMEWORK_VERSION\=A
    export FULL_PRODUCT_NAME\=React_featureflags.framework
    export FUSE_BUILD_PHASES\=YES
    export FUSE_BUILD_SCRIPT_PHASES\=NO
    export GCC3_VERSION\=3.3
    export GCC_C_LANGUAGE_STANDARD\=gnu11
    export GCC_DYNAMIC_NO_PIC\=NO
    export GCC_INLINES_ARE_PRIVATE_EXTERN\=YES
    export GCC_NO_COMMON_BLOCKS\=YES
    export GCC_OBJC_LEGACY_DISPATCH\=YES
    export GCC_OPTIMIZATION_LEVEL\=0
    export GCC_PFE_FILE_C_DIALECTS\=c\ objective-c\ c++\ objective-c++
    export GCC_PREFIX_HEADER\=Target\ Support\ Files/React-featureflags/React-featureflags-prefix.pch
    export GCC_PREPROCESSOR_DEFINITIONS\=POD_CONFIGURATION_DEBUG\=1\ DEBUG\=1\ \ COCOAPODS\=1
    export GCC_TREAT_WARNINGS_AS_ERRORS\=NO
    export GCC_VERSION\=com.apple.compilers.llvm.clang.1_0
    export GCC_VERSION_IDENTIFIER\=com_apple_compilers_llvm_clang_1_0
    export GCC_WARN_64_TO_32_BIT_CONVERSION\=YES
    export GCC_WARN_ABOUT_RETURN_TYPE\=YES_ERROR
    export GCC_WARN_INHIBIT_ALL_WARNINGS\=NO
    export GCC_WARN_UNDECLARED_SELECTOR\=YES
    export GCC_WARN_UNINITIALIZED_AUTOS\=YES_AGGRESSIVE
    export GCC_WARN_UNUSED_FUNCTION\=YES
    export GCC_WARN_UNUSED_VARIABLE\=YES
    export GENERATED_MODULEMAP_DIR\=/Users/rmpal/Library/Developer/Xcode/DerivedData/ASKHatters-grdgfmxzykdhuzgaxmwtwynupyng/Build/Intermediates.noindex/GeneratedModuleMaps-iphonesimulator
    export GENERATE_INFOPLIST_FILE\=NO
    export GENERATE_INTERMEDIATE_TEXT_BASED_STUBS\=YES
    export GENERATE_MASTER_OBJECT_FILE\=NO
    export GENERATE_PKGINFO_FILE\=NO
    export GENERATE_PROFILING_CODE\=NO
    export GENERATE_TEXT_BASED_STUBS\=NO
    export GID\=20
    export GROUP\=staff
    export HEADERMAP_INCLUDES_FLAT_ENTRIES_FOR_TARGET_BEING_BUILT\=YES
    export HEADERMAP_INCLUDES_FRAMEWORK_ENTRIES_FOR_ALL_PRODUCT_TYPES\=YES
    export HEADERMAP_INCLUDES_FRAMEWORK_ENTRIES_FOR_TARGETS_NOT_BEING_BUILT\=YES
    export HEADERMAP_INCLUDES_NONPUBLIC_NONPRIVATE_HEADERS\=YES
    export HEADERMAP_INCLUDES_PROJECT_HEADERS\=YES
    export HEADERMAP_USES_FRAMEWORK_PREFIX_ENTRIES\=YES
    export HEADERMAP_USES_VFS\=YES
    export HEADER_SEARCH_PATHS\=/Users/rmpal/Library/Developer/Xcode/DerivedData/ASKHatters-grdgfmxzykdhuzgaxmwtwynupyng/Build/Products/Debug-iphonesimulator/React-featureflags/include\ \ /Users/rmpal/Library/Developer/Xcode/DerivedData/ASKHatters-grdgfmxzykdhuzgaxmwtwynupyng/Build/Products/Debug-iphonesimulator/ReactCommon/ReactCommon.framework/Headers\ /Users/rmpal/Library/Developer/Xcode/DerivedData/ASKHatters-grdgfmxzykdhuzgaxmwtwynupyng/Build/Products/Debug-iphonesimulator/ReactCommon/ReactCommon.framework/Headers/react/nativemodule/core\ /Users/rmpal/Library/Developer/Xcode/DerivedData/ASKHatters-grdgfmxzykdhuzgaxmwtwynupyng/Build/Products/Debug-iphonesimulator/React-runtimeexecutor/React_runtimeexecutor.framework/Headers\ /Users/rmpal/Library/Developer/Xcode/DerivedData/ASKHatters-grdgfmxzykdhuzgaxmwtwynupyng/Build/Products/Debug-iphonesimulator/React-runtimeexecutor/React_runtimeexecutor.framework/Headers/platform/ios\ /Users/rmpal/Library/Developer/Xcode/DerivedData/ASKHatters-grdgfmxzykdhuzgaxmwtwynupyng/Build/Products/Debug-iphonesimulator/ReactCommon-Samples/ReactCommon_Samples.framework/Headers\ /Users/rmpal/Library/Developer/Xcode/DerivedData/ASKHatters-grdgfmxzykdhuzgaxmwtwynupyng/Build/Products/Debug-iphonesimulator/ReactCommon-Samples/ReactCommon_Samples.framework/Headers/platform/ios\ /Users/rmpal/Library/Developer/Xcode/DerivedData/ASKHatters-grdgfmxzykdhuzgaxmwtwynupyng/Build/Products/Debug-iphonesimulator/React-Fabric/React_Fabric.framework/Headers/react/renderer/components/view/platform/cxx\ /Users/rmpal/Library/Developer/Xcode/DerivedData/ASKHatters-grdgfmxzykdhuzgaxmwtwynupyng/Build/Products/Debug-iphonesimulator/React-NativeModulesApple/React_NativeModulesApple.framework/Headers\ /Users/rmpal/Library/Developer/Xcode/DerivedData/ASKHatters-grdgfmxzykdhuzgaxmwtwynupyng/Build/Products/Debug-iphonesimulator/React-graphics/React_graphics.framework/Headers\ /Users/rmpal/Library/Developer/Xcode/DerivedData/ASKHatters-grdgfmxzykdhuzgaxmwtwynupyng/Build/Products/Debug-iphonesimulator/React-graphics/React_graphics.framework/Headers/react/renderer/graphics/platform/ios\ \"/Users/rmpal/projects/askhatters/ASKHatters/ios/Pods/Headers/Public\"\ \"/Users/rmpal/projects/askhatters/ASKHatters/ios/Pods/Headers/Public/boost\"\ \"/Users/rmpal/projects/askhatters/ASKHatters/ios/Pods/Headers/Public/fast_float\"\ \"/Users/rmpal/projects/askhatters/ASKHatters/ios/Pods/../../node_modules/react-native/ReactCommon/react/featureflags/../..\"\ /Users/rmpal/projects/askhatters/ASKHatters/ios/Pods/glog\ /Users/rmpal/projects/askhatters/ASKHatters/ios/Pods/boost\ /Users/rmpal/projects/askhatters/ASKHatters/ios/Pods/DoubleConversion\ /Users/rmpal/projects/askhatters/ASKHatters/ios/Pods/fast_float/include\ /Users/rmpal/projects/askhatters/ASKHatters/ios/Pods/fmt/include\ /Users/rmpal/projects/askhatters/ASKHatters/ios/Pods/SocketRocket\ /Users/rmpal/projects/askhatters/ASKHatters/ios/Pods/RCT-Folly\ \"/Users/rmpal/projects/askhatters/ASKHatters/ios/Pods/RCT-Folly\"\ \"/Users/rmpal/projects/askhatters/ASKHatters/ios/Pods/DoubleConversion\"\ \"/Users/rmpal/projects/askhatters/ASKHatters/ios/Pods/fast_float/include\"\ \"/Users/rmpal/projects/askhatters/ASKHatters/ios/Pods/fmt/include\"\ \"/Users/rmpal/projects/askhatters/ASKHatters/ios/Pods/boost\"
    export HIDE_BITCODE_SYMBOLS\=YES
    export HOME\=/Users/rmpal
    export HOST_ARCH\=arm64
    export HOST_PLATFORM\=macosx
    export ICONV\=/usr/bin/iconv
    export IMPLICIT_DEPENDENCY_DOMAIN\=default
    export INFOPLIST_ENABLE_CFBUNDLEICONS_MERGE\=YES
    export INFOPLIST_EXPAND_BUILD_SETTINGS\=YES
    export INFOPLIST_FILE\=Target\ Support\ Files/React-featureflags/React-featureflags-Info.plist
    export INFOPLIST_OUTPUT_FORMAT\=binary
    export INFOPLIST_PATH\=React_featureflags.framework/Info.plist
    export INFOPLIST_PREPROCESS\=NO
    export INFOSTRINGS_PATH\=React_featureflags.framework/en.lproj/InfoPlist.strings
    export INLINE_PRIVATE_FRAMEWORKS\=NO
    export INSTALLAPI_IGNORE_SKIP_INSTALL\=YES
    export INSTALLHDRS_COPY_PHASE\=NO
    export INSTALLHDRS_SCRIPT_PHASE\=NO
    export INSTALL_DIR\=/tmp/Pods.dst/Library/Frameworks
    export INSTALL_GROUP\=staff
    export INSTALL_MODE_FLAG\=u+w,go-w,a+rX
    export INSTALL_OWNER\=rmpal
    export INSTALL_PATH\=/Library/Frameworks
    export INSTALL_ROOT\=/tmp/Pods.dst
    export IPHONEOS_DEPLOYMENT_TARGET\=13.0
    export IS_UNOPTIMIZED_BUILD\=YES
    export JAVAC_DEFAULT_FLAGS\=-J-Xms64m\ -J-XX:NewSize\=4M\ -J-Dfile.encoding\=UTF8
    export JAVA_APP_STUB\=/System/Library/Frameworks/JavaVM.framework/Resources/MacOS/JavaApplicationStub
    export JAVA_ARCHIVE_CLASSES\=YES
    export JAVA_ARCHIVE_TYPE\=JAR
    export JAVA_COMPILER\=/usr/bin/javac
    export JAVA_FOLDER_PATH\=React_featureflags.framework/Java
    export JAVA_FRAMEWORK_RESOURCES_DIRS\=Resources
    export JAVA_JAR_FLAGS\=cv
    export JAVA_SOURCE_SUBDIR\=.
    export JAVA_USE_DEPENDENCIES\=YES
    export JAVA_ZIP_FLAGS\=-urg
    export JIKES_DEFAULT_FLAGS\=+E\ +OLDCSO
    export KEEP_PRIVATE_EXTERNS\=NO
    export LD_DEPENDENCY_INFO_FILE\=/Users/rmpal/Library/Developer/Xcode/DerivedData/ASKHatters-grdgfmxzykdhuzgaxmwtwynupyng/Build/Intermediates.noindex/Pods.build/Debug-iphonesimulator/React-featureflags.build/Objects-normal/undefined_arch/React_featureflags_dependency_info.dat
    export LD_DYLIB_INSTALL_NAME\=@rpath/React_featureflags.framework/React_featureflags
    export LD_EXPORT_SYMBOLS\=YES
    export LD_GENERATE_MAP_FILE\=NO
    export LD_MAP_FILE_PATH\=/Users/rmpal/Library/Developer/Xcode/DerivedData/ASKHatters-grdgfmxzykdhuzgaxmwtwynupyng/Build/Intermediates.noindex/Pods.build/Debug-iphonesimulator/React-featureflags.build/React_featureflags-LinkMap-normal-undefined_arch.txt
    export LD_NO_PIE\=NO
    export LD_QUOTE_LINKER_ARGUMENTS_FOR_COMPILER_DRIVER\=YES
    export LD_RUNPATH_SEARCH_PATHS\=\ @executable_path/Frameworks\ @loader_path/Frameworks
    export LD_SHARED_CACHE_ELIGIBLE\=Automatic
    export LD_WARN_DUPLICATE_LIBRARIES\=NO
    export LD_WARN_UNUSED_DYLIBS\=NO
    export LEGACY_DEVELOPER_DIR\=/Applications/Xcode.app/Contents/PlugIns/Xcode3Core.ideplugin/Contents/SharedSupport/Developer
    export LEX\=lex
    export LIBRARY_DEXT_INSTALL_PATH\=/Library/DriverExtensions
    export LIBRARY_FLAG_NOSPACE\=YES
    export LIBRARY_FLAG_PREFIX\=-l
    export LIBRARY_KEXT_INSTALL_PATH\=/Library/Extensions
    export LIBRARY_SEARCH_PATHS\=/Users/rmpal/Library/Developer/Xcode/DerivedData/ASKHatters-grdgfmxzykdhuzgaxmwtwynupyng/Build/Products/Debug-iphonesimulator/React-featureflags\ 
    export LINKER_DISPLAYS_MANGLED_NAMES\=NO
    export LINK_FILE_LIST_normal_arm64\=/Users/rmpal/Library/Developer/Xcode/DerivedData/ASKHatters-grdgfmxzykdhuzgaxmwtwynupyng/Build/Intermediates.noindex/Pods.build/Debug-iphonesimulator/React-featureflags.build/Objects-normal/arm64/React_featureflags.LinkFileList
    export LINK_OBJC_RUNTIME\=YES
    export LINK_WITH_STANDARD_LIBRARIES\=YES
    export LLVM_TARGET_TRIPLE_OS_VERSION\=ios13.0
    export LLVM_TARGET_TRIPLE_SUFFIX\=-simulator
    export LLVM_TARGET_TRIPLE_VENDOR\=apple
    export LM_AUX_CONST_METADATA_LIST_PATH_normal_arm64\=/Users/rmpal/Library/Developer/Xcode/DerivedData/ASKHatters-grdgfmxzykdhuzgaxmwtwynupyng/Build/Intermediates.noindex/Pods.build/Debug-iphonesimulator/React-featureflags.build/Objects-normal/arm64/React_featureflags.SwiftConstValuesFileList
    export LOCALIZATION_EXPORT_SUPPORTED\=YES
    export LOCALIZATION_PREFERS_STRING_CATALOGS\=NO
    export LOCALIZED_RESOURCES_FOLDER_PATH\=React_featureflags.framework/en.lproj
    export LOCALIZED_STRING_MACRO_NAMES\=NSLocalizedString\ CFCopyLocalizedString
    export LOCALIZED_STRING_SWIFTUI_SUPPORT\=YES
    export LOCAL_ADMIN_APPS_DIR\=/Applications/Utilities
    export LOCAL_APPS_DIR\=/Applications
    export LOCAL_DEVELOPER_DIR\=/Library/Developer
    export LOCAL_LIBRARY_DIR\=/Library
    export LOCROOT\=/Users/rmpal/projects/askhatters/ASKHatters/ios/Pods
    export LOCSYMROOT\=/Users/rmpal/projects/askhatters/ASKHatters/ios/Pods
    export MACH_O_TYPE\=staticlib
    export MAC_OS_X_PRODUCT_BUILD_VERSION\=24F74
    export MAC_OS_X_VERSION_ACTUAL\=150500
    export MAC_OS_X_VERSION_MAJOR\=150000
    export MAC_OS_X_VERSION_MINOR\=150500
    export MAKE_MERGEABLE\=NO
    export MERGEABLE_LIBRARY\=NO
    export MERGED_BINARY_TYPE\=none
    export MERGE_LINKED_LIBRARIES\=NO
    export METAL_LIBRARY_FILE_BASE\=default
    export METAL_LIBRARY_OUTPUT_DIR\=/Users/rmpal/Library/Developer/Xcode/DerivedData/ASKHatters-grdgfmxzykdhuzgaxmwtwynupyng/Build/Products/Debug-iphonesimulator/React-featureflags/React_featureflags.framework
    export MODULEMAP_FILE\=Target\ Support\ Files/React-featureflags/React-featureflags.modulemap
    export MODULES_FOLDER_PATH\=React_featureflags.framework/Modules
    export MODULE_CACHE_DIR\=/Users/rmpal/Library/Developer/Xcode/DerivedData/ModuleCache.noindex
    export MTL_ENABLE_DEBUG_INFO\=INCLUDE_SOURCE
    export MTL_FAST_MATH\=YES
    export NATIVE_ARCH\=arm64
    export NATIVE_ARCH_32_BIT\=arm
    export NATIVE_ARCH_64_BIT\=arm64
    export NATIVE_ARCH_ACTUAL\=arm64
    export NO_COMMON\=YES
    export OBJC_ABI_VERSION\=2
    export OBJECT_FILE_DIR\=/Users/rmpal/Library/Developer/Xcode/DerivedData/ASKHatters-grdgfmxzykdhuzgaxmwtwynupyng/Build/Intermediates.noindex/Pods.build/Debug-iphonesimulator/React-featureflags.build/Objects
    export OBJECT_FILE_DIR_normal\=/Users/rmpal/Library/Developer/Xcode/DerivedData/ASKHatters-grdgfmxzykdhuzgaxmwtwynupyng/Build/Intermediates.noindex/Pods.build/Debug-iphonesimulator/React-featureflags.build/Objects-normal
    export OBJROOT\=/Users/rmpal/Library/Developer/Xcode/DerivedData/ASKHatters-grdgfmxzykdhuzgaxmwtwynupyng/Build/Intermediates.noindex
    export ONLY_ACTIVE_ARCH\=YES
    export OS\=MACOS
    export OSAC\=/usr/bin/osacompile
    export PACKAGE_TYPE\=com.apple.package-type.wrapper.framework
    export PASCAL_STRINGS\=YES
    export PATH\=/Applications/Xcode.app/Contents/SharedFrameworks/SwiftBuild.framework/Versions/A/PlugIns/SWBBuildService.bundle/Contents/PlugIns/SWBUniversalPlatformPlugin.bundle/Contents/Frameworks/SWBUniversalPlatform.framework/Resources:/Applications/Xcode.app/Contents/Developer/Toolchains/XcodeDefault.xctoolchain/usr/bin:/Applications/Xcode.app/Contents/Developer/Toolchains/XcodeDefault.xctoolchain/usr/local/bin:/Applications/Xcode.app/Contents/Developer/Toolchains/XcodeDefault.xctoolchain/usr/libexec:/Applications/Xcode.app/Contents/Developer/Platforms/iPhoneSimulator.platform/usr/bin:/Applications/Xcode.app/Contents/Developer/Platforms/iPhoneSimulator.platform/usr/local/bin:/Applications/Xcode.app/Contents/Developer/Platforms/iPhoneSimulator.platform/Developer/usr/bin:/Applications/Xcode.app/Contents/Developer/Platforms/iPhoneSimulator.platform/Developer/usr/local/bin:/Applications/Xcode.app/Contents/Developer/usr/bin:/Applications/Xcode.app/Contents/Developer/usr/local/bin:/Users/rmpal/.antigravity/antigravity/bin:/Users/rmpal/.codeium/windsurf/bin:/Users/rmpal/Library/Android/sdk/platform-tools:/Users/rmpal/Library/Android/sdk/emulator:/Users/rmpal/.nvm/versions/node/v22.21.1/bin:/usr/local/opt/node@18/bin:/Users/rmpal/.pyenv/shims:/Library/Frameworks/Python.framework/Versions/2.7/bin:/opt/homebrew/bin:/opt/homebrew/sbin:/usr/local/bin:/System/Cryptexes/App/usr/bin:/usr/bin:/bin:/usr/sbin:/sbin:/var/run/com.apple.security.cryptexd/codex.system/bootstrap/usr/local/bin:/var/run/com.apple.security.cryptexd/codex.system/bootstrap/usr/bin:/var/run/com.apple.security.cryptexd/codex.system/bootstrap/usr/appleinternal/bin:/Library/Apple/usr/bin:/usr/local/share/dotnet:/Library/Frameworks/Mono.framework/Versions/Current/Commands:/Users/rmpal/.antigravity/extensions/vscjava.vscode-java-debug-0.58.5-universal/bundled/scripts/noConfigScripts
    export PATH_PREFIXES_EXCLUDED_FROM_HEADER_DEPENDENCIES\=/usr/include\ /usr/local/include\ /System/Library/Frameworks\ /System/Library/PrivateFrameworks\ /Applications/Xcode.app/Contents/Developer/Headers\ /Applications/Xcode.app/Contents/Developer/SDKs\ /Applications/Xcode.app/Contents/Developer/Platforms
    export PBDEVELOPMENTPLIST_PATH\=React_featureflags.framework/pbdevelopment.plist
    export PER_ARCH_MODULE_FILE_DIR\=/Users/rmpal/Library/Developer/Xcode/DerivedData/ASKHatters-grdgfmxzykdhuzgaxmwtwynupyng/Build/Intermediates.noindex/Pods.build/Debug-iphonesimulator/React-featureflags.build/Objects-normal/undefined_arch
    export PER_ARCH_OBJECT_FILE_DIR\=/Users/rmpal/Library/Developer/Xcode/DerivedData/ASKHatters-grdgfmxzykdhuzgaxmwtwynupyng/Build/Intermediates.noindex/Pods.build/Debug-iphonesimulator/React-featureflags.build/Objects-normal/undefined_arch
    export PER_VARIANT_OBJECT_FILE_DIR\=/Users/rmpal/Library/Developer/Xcode/DerivedData/ASKHatters-grdgfmxzykdhuzgaxmwtwynupyng/Build/Intermediates.noindex/Pods.build/Debug-iphonesimulator/React-featureflags.build/Objects-normal
    export PKGINFO_FILE_PATH\=/Users/rmpal/Library/Developer/Xcode/DerivedData/ASKHatters-grdgfmxzykdhuzgaxmwtwynupyng/Build/Intermediates.noindex/Pods.build/Debug-iphonesimulator/React-featureflags.build/PkgInfo
    export PKGINFO_PATH\=React_featureflags.framework/PkgInfo
    export PLATFORM_DEVELOPER_APPLICATIONS_DIR\=/Applications/Xcode.app/Contents/Developer/Platforms/iPhoneSimulator.platform/Developer/Applications
    export PLATFORM_DEVELOPER_BIN_DIR\=/Applications/Xcode.app/Contents/Developer/Platforms/iPhoneSimulator.platform/Developer/usr/bin
    export PLATFORM_DEVELOPER_LIBRARY_DIR\=/Applications/Xcode.app/Contents/Developer/Platforms/iPhoneSimulator.platform/Developer/Library
    export PLATFORM_DEVELOPER_SDK_DIR\=/Applications/Xcode.app/Contents/Developer/Platforms/iPhoneSimulator.platform/Developer/SDKs
    export PLATFORM_DEVELOPER_TOOLS_DIR\=/Applications/Xcode.app/Contents/Developer/Platforms/iPhoneSimulator.platform/Developer/Tools
    export PLATFORM_DEVELOPER_USR_DIR\=/Applications/Xcode.app/Contents/Developer/Platforms/iPhoneSimulator.platform/Developer/usr
    export PLATFORM_DIR\=/Applications/Xcode.app/Contents/Developer/Platforms/iPhoneSimulator.platform
    export PLATFORM_DISPLAY_NAME\=iOS\ Simulator
    export PLATFORM_FAMILY_NAME\=iOS
    export PLATFORM_NAME\=iphonesimulator
    export PLATFORM_PREFERRED_ARCH\=x86_64
    export PLATFORM_PRODUCT_BUILD_VERSION\=22F76
    export PLATFORM_REQUIRES_SWIFT_AUTOLINK_EXTRACT\=NO
    export PLATFORM_REQUIRES_SWIFT_MODULEWRAP\=NO
    export PLIST_FILE_OUTPUT_FORMAT\=binary
    export PLUGINS_FOLDER_PATH\=React_featureflags.framework/PlugIns
    export PODS_BUILD_DIR\=/Users/rmpal/Library/Developer/Xcode/DerivedData/ASKHatters-grdgfmxzykdhuzgaxmwtwynupyng/Build/Products
    export PODS_CONFIGURATION_BUILD_DIR\=/Users/rmpal/Library/Developer/Xcode/DerivedData/ASKHatters-grdgfmxzykdhuzgaxmwtwynupyng/Build/Products/Debug-iphonesimulator
    export PODS_DEVELOPMENT_LANGUAGE\=en
    export PODS_ROOT\=/Users/rmpal/projects/askhatters/ASKHatters/ios/Pods
    export PODS_TARGET_SRCROOT\=/Users/rmpal/projects/askhatters/ASKHatters/ios/Pods/../../node_modules/react-native/ReactCommon/react/featureflags
    export PODS_XCFRAMEWORKS_BUILD_DIR\=/Users/rmpal/Library/Developer/Xcode/DerivedData/ASKHatters-grdgfmxzykdhuzgaxmwtwynupyng/Build/Products/Debug-iphonesimulator/XCFrameworkIntermediates
    export PRECOMPS_INCLUDE_HEADERS_FROM_BUILT_PRODUCTS_DIR\=YES
    export PRECOMP_DESTINATION_DIR\=/Users/rmpal/Library/Developer/Xcode/DerivedData/ASKHatters-grdgfmxzykdhuzgaxmwtwynupyng/Build/Intermediates.noindex/Pods.build/Debug-iphonesimulator/React-featureflags.build/PrefixHeaders
    export PRIVATE_HEADERS_FOLDER_PATH\=React_featureflags.framework/PrivateHeaders
    export PROCESSED_INFOPLIST_PATH\=/Users/rmpal/Library/Developer/Xcode/DerivedData/ASKHatters-grdgfmxzykdhuzgaxmwtwynupyng/Build/Intermediates.noindex/Pods.build/Debug-iphonesimulator/React-featureflags.build/Objects-normal/undefined_arch/Processed-Info.plist
    export PRODUCT_BUNDLE_IDENTIFIER\=org.cocoapods.React-featureflags
    export PRODUCT_BUNDLE_PACKAGE_TYPE\=FMWK
    export PRODUCT_MODULE_NAME\=React_featureflags
    export PRODUCT_NAME\=React_featureflags
    export PRODUCT_SETTINGS_PATH\=/Users/rmpal/projects/askhatters/ASKHatters/ios/Pods/Target\ Support\ Files/React-featureflags/React-featureflags-Info.plist
    export PRODUCT_TYPE\=com.apple.product-type.framework
    export PROFILING_CODE\=NO
    export PROJECT\=Pods
    export PROJECT_DERIVED_FILE_DIR\=/Users/rmpal/Library/Developer/Xcode/DerivedData/ASKHatters-grdgfmxzykdhuzgaxmwtwynupyng/Build/Intermediates.noindex/Pods.build/DerivedSources
    export PROJECT_DIR\=/Users/rmpal/projects/askhatters/ASKHatters/ios/Pods
    export PROJECT_FILE_PATH\=/Users/rmpal/projects/askhatters/ASKHatters/ios/Pods/Pods.xcodeproj
    export PROJECT_GUID\=8699adb1dd336b26511df848a716bd42
    export PROJECT_NAME\=Pods
    export PROJECT_TEMP_DIR\=/Users/rmpal/Library/Developer/Xcode/DerivedData/ASKHatters-grdgfmxzykdhuzgaxmwtwynupyng/Build/Intermediates.noindex/Pods.build
    export PROJECT_TEMP_ROOT\=/Users/rmpal/Library/Developer/Xcode/DerivedData/ASKHatters-grdgfmxzykdhuzgaxmwtwynupyng/Build/Intermediates.noindex
    export PUBLIC_HEADERS_FOLDER_PATH\=React_featureflags.framework/Headers
    export REACT_NATIVE_PATH\=/Users/rmpal/projects/askhatters/ASKHatters/ios/Pods/../../node_modules/react-native
    export RECOMMENDED_IPHONEOS_DEPLOYMENT_TARGET\=15.0
    export RECURSIVE_SEARCH_PATHS_FOLLOW_SYMLINKS\=YES
    export REMOVE_CVS_FROM_RESOURCES\=YES
    export REMOVE_GIT_FROM_RESOURCES\=YES
    export REMOVE_HEADERS_FROM_EMBEDDED_BUNDLES\=YES
    export REMOVE_HG_FROM_RESOURCES\=YES
    export REMOVE_STATIC_EXECUTABLES_FROM_EMBEDDED_BUNDLES\=YES
    export REMOVE_SVN_FROM_RESOURCES\=YES
    export RESCHEDULE_INDEPENDENT_HEADERS_PHASES\=YES
    export REZ_COLLECTOR_DIR\=/Users/rmpal/Library/Developer/Xcode/DerivedData/ASKHatters-grdgfmxzykdhuzgaxmwtwynupyng/Build/Intermediates.noindex/Pods.build/Debug-iphonesimulator/React-featureflags.build/ResourceManagerResources
    export REZ_OBJECTS_DIR\=/Users/rmpal/Library/Developer/Xcode/DerivedData/ASKHatters-grdgfmxzykdhuzgaxmwtwynupyng/Build/Intermediates.noindex/Pods.build/Debug-iphonesimulator/React-featureflags.build/ResourceManagerResources/Objects
    export REZ_SEARCH_PATHS\=/Users/rmpal/Library/Developer/Xcode/DerivedData/ASKHatters-grdgfmxzykdhuzgaxmwtwynupyng/Build/Products/Debug-iphonesimulator/React-featureflags\ 
    export SCAN_ALL_SOURCE_FILES_FOR_INCLUDES\=NO
    export SCRIPTS_FOLDER_PATH\=React_featureflags.framework/Scripts
    export SCRIPT_INPUT_FILE_COUNT\=0
    export SCRIPT_INPUT_FILE_LIST_COUNT\=0
    export SCRIPT_OUTPUT_FILE_COUNT\=0
    export SCRIPT_OUTPUT_FILE_LIST_COUNT\=0
    export SDKROOT\=/Applications/Xcode.app/Contents/Developer/Platforms/iPhoneSimulator.platform/Developer/SDKs/iPhoneSimulator18.5.sdk
    export SDK_DIR\=/Applications/Xcode.app/Contents/Developer/Platforms/iPhoneSimulator.platform/Developer/SDKs/iPhoneSimulator18.5.sdk
    export SDK_DIR_iphonesimulator\=/Applications/Xcode.app/Contents/Developer/Platforms/iPhoneSimulator.platform/Developer/SDKs/iPhoneSimulator18.5.sdk
    export SDK_DIR_iphonesimulator18_5\=/Applications/Xcode.app/Contents/Developer/Platforms/iPhoneSimulator.platform/Developer/SDKs/iPhoneSimulator18.5.sdk
    export SDK_NAME\=iphonesimulator18.5
    export SDK_NAMES\=iphonesimulator18.5
    export SDK_PRODUCT_BUILD_VERSION\=22F76
    export SDK_STAT_CACHE_DIR\=/Users/rmpal/Library/Developer/Xcode/DerivedData
    export SDK_STAT_CACHE_ENABLE\=YES
    export SDK_STAT_CACHE_PATH\=/Users/rmpal/Library/Developer/Xcode/DerivedData/SDKStatCaches.noindex/iphonesimulator18.5-22F76-d5fc8ad4295d2ef488fb7d0f804ce0c4.sdkstatcache
    export SDK_VERSION\=18.5
    export SDK_VERSION_ACTUAL\=180500
    export SDK_VERSION_MAJOR\=180000
    export SDK_VERSION_MINOR\=180500
    export SED\=/usr/bin/sed
    export SEPARATE_STRIP\=NO
    export SEPARATE_SYMBOL_EDIT\=NO
    export SET_DIR_MODE_OWNER_GROUP\=YES
    export SET_FILE_MODE_OWNER_GROUP\=NO
    export SHALLOW_BUNDLE\=YES
    export SHALLOW_BUNDLE_TRIPLE\=ios-simulator
    export SHALLOW_BUNDLE_ios_macabi\=NO
    export SHALLOW_BUNDLE_macos\=NO
    export SHARED_DERIVED_FILE_DIR\=/Users/rmpal/Library/Developer/Xcode/DerivedData/ASKHatters-grdgfmxzykdhuzgaxmwtwynupyng/Build/Products/Debug-iphonesimulator/React-featureflags/DerivedSources
    export SHARED_FRAMEWORKS_FOLDER_PATH\=React_featureflags.framework/SharedFrameworks
    export SHARED_PRECOMPS_DIR\=/Users/rmpal/Library/Developer/Xcode/DerivedData/ASKHatters-grdgfmxzykdhuzgaxmwtwynupyng/Build/Intermediates.noindex/PrecompiledHeaders
    export SHARED_SUPPORT_FOLDER_PATH\=React_featureflags.framework
    export SKIP_INSTALL\=YES
    export SOURCE_ROOT\=/Users/rmpal/projects/askhatters/ASKHatters/ios/Pods
    export SRCROOT\=/Users/rmpal/projects/askhatters/ASKHatters/ios/Pods
    export STRINGSDATA_DIR\=/Users/rmpal/Library/Developer/Xcode/DerivedData/ASKHatters-grdgfmxzykdhuzgaxmwtwynupyng/Build/Intermediates.noindex/Pods.build/Debug-iphonesimulator/React-featureflags.build/Objects-normal/undefined_arch
    export STRINGSDATA_ROOT\=/Users/rmpal/Library/Developer/Xcode/DerivedData/ASKHatters-grdgfmxzykdhuzgaxmwtwynupyng/Build/Intermediates.noindex/Pods.build/Debug-iphonesimulator/React-featureflags.build
    export STRINGS_FILE_INFOPLIST_RENAME\=YES
    export STRINGS_FILE_OUTPUT_ENCODING\=binary
    export STRIP_BITCODE_FROM_COPIED_FILES\=NO
    export STRIP_INSTALLED_PRODUCT\=NO
    export STRIP_STYLE\=debugging
    export STRIP_SWIFT_SYMBOLS\=YES
    export SUPPORTED_DEVICE_FAMILIES\=1,2
    export SUPPORTED_PLATFORMS\=iphoneos\ iphonesimulator
    export SUPPORTS_TEXT_BASED_API\=NO
    export SUPPRESS_WARNINGS\=NO
    export SWIFT_ACTIVE_COMPILATION_CONDITIONS\=\ DEBUG\ 
    export SWIFT_EMIT_LOC_STRINGS\=NO
    export SWIFT_INSTALL_MODULE_FOR_DEPLOYMENT\=YES
    export SWIFT_INSTALL_OBJC_HEADER\=YES
    export SWIFT_OPTIMIZATION_LEVEL\=-Onone
    export SWIFT_PLATFORM_TARGET_PREFIX\=ios
    export SWIFT_RESPONSE_FILE_PATH_normal_arm64\=/Users/rmpal/Library/Developer/Xcode/DerivedData/ASKHatters-grdgfmxzykdhuzgaxmwtwynupyng/Build/Intermediates.noindex/Pods.build/Debug-iphonesimulator/React-featureflags.build/Objects-normal/arm64/React_featureflags.SwiftFileList
    export SWIFT_VERSION\=5.0
    export SYMROOT\=/Users/rmpal/Library/Developer/Xcode/DerivedData/ASKHatters-grdgfmxzykdhuzgaxmwtwynupyng/Build/Products
    export SYSTEM_ADMIN_APPS_DIR\=/Applications/Utilities
    export SYSTEM_APPS_DIR\=/Applications
    export SYSTEM_CORE_SERVICES_DIR\=/System/Library/CoreServices
    export SYSTEM_DEMOS_DIR\=/Applications/Extras
    export SYSTEM_DEVELOPER_APPS_DIR\=/Applications/Xcode.app/Contents/Developer/Applications
    export SYSTEM_DEVELOPER_BIN_DIR\=/Applications/Xcode.app/Contents/Developer/usr/bin
    export SYSTEM_DEVELOPER_DEMOS_DIR\=/Applications/Xcode.app/Contents/Developer/Applications/Utilities/Built\ Examples
    export SYSTEM_DEVELOPER_DIR\=/Applications/Xcode.app/Contents/Developer
    export SYSTEM_DEVELOPER_DOC_DIR\=/Applications/Xcode.app/Contents/Developer/ADC\ Reference\ Library
    export SYSTEM_DEVELOPER_GRAPHICS_TOOLS_DIR\=/Applications/Xcode.app/Contents/Developer/Applications/Graphics\ Tools
    export SYSTEM_DEVELOPER_JAVA_TOOLS_DIR\=/Applications/Xcode.app/Contents/Developer/Applications/Java\ Tools
    export SYSTEM_DEVELOPER_PERFORMANCE_TOOLS_DIR\=/Applications/Xcode.app/Contents/Developer/Applications/Performance\ Tools
    export SYSTEM_DEVELOPER_RELEASENOTES_DIR\=/Applications/Xcode.app/Contents/Developer/ADC\ Reference\ Library/releasenotes
    export SYSTEM_DEVELOPER_TOOLS\=/Applications/Xcode.app/Contents/Developer/Tools
    export SYSTEM_DEVELOPER_TOOLS_DOC_DIR\=/Applications/Xcode.app/Contents/Developer/ADC\ Reference\ Library/documentation/DeveloperTools
    export SYSTEM_DEVELOPER_TOOLS_RELEASENOTES_DIR\=/Applications/Xcode.app/Contents/Developer/ADC\ Reference\ Library/releasenotes/DeveloperTools
    export SYSTEM_DEVELOPER_USR_DIR\=/Applications/Xcode.app/Contents/Developer/usr
    export SYSTEM_DEVELOPER_UTILITIES_DIR\=/Applications/Xcode.app/Contents/Developer/Applications/Utilities
    export SYSTEM_DEXT_INSTALL_PATH\=/System/Library/DriverExtensions
    export SYSTEM_DOCUMENTATION_DIR\=/Library/Documentation
    export SYSTEM_EXTENSIONS_FOLDER_PATH\=React_featureflags.framework/SystemExtensions
    export SYSTEM_EXTENSIONS_FOLDER_PATH_SHALLOW_BUNDLE_NO\=React_featureflags.framework/Library/SystemExtensions
    export SYSTEM_EXTENSIONS_FOLDER_PATH_SHALLOW_BUNDLE_YES\=React_featureflags.framework/SystemExtensions
    export SYSTEM_KEXT_INSTALL_PATH\=/System/Library/Extensions
    export SYSTEM_LIBRARY_DIR\=/System/Library
    export TAPI_DEMANGLE\=YES
    export TAPI_ENABLE_PROJECT_HEADERS\=NO
    export TAPI_LANGUAGE\=objective-c
    export TAPI_LANGUAGE_STANDARD\=compiler-default
    export TAPI_USE_SRCROOT\=YES
    export TAPI_VERIFY_MODE\=Pedantic
    export TARGETED_DEVICE_FAMILY\=1,2
    export TARGETNAME\=React-featureflags
    export TARGET_BUILD_DIR\=/Users/rmpal/Library/Developer/Xcode/DerivedData/ASKHatters-grdgfmxzykdhuzgaxmwtwynupyng/Build/Products/Debug-iphonesimulator/React-featureflags
    export TARGET_DEVICE_IDENTIFIER\=557D5EA7-30FD-4CB1-BF6C-05C287ACC9B5
    export TARGET_DEVICE_MODEL\=iPhone17,1
    export TARGET_DEVICE_OS_VERSION\=18.5
    export TARGET_DEVICE_PLATFORM_NAME\=iphonesimulator
    export TARGET_NAME\=React-featureflags
    export TARGET_TEMP_DIR\=/Users/rmpal/Library/Developer/Xcode/DerivedData/ASKHatters-grdgfmxzykdhuzgaxmwtwynupyng/Build/Intermediates.noindex/Pods.build/Debug-iphonesimulator/React-featureflags.build
    export TEMP_DIR\=/Users/rmpal/Library/Developer/Xcode/DerivedData/ASKHatters-grdgfmxzykdhuzgaxmwtwynupyng/Build/Intermediates.noindex/Pods.build/Debug-iphonesimulator/React-featureflags.build
    export TEMP_FILES_DIR\=/Users/rmpal/Library/Developer/Xcode/DerivedData/ASKHatters-grdgfmxzykdhuzgaxmwtwynupyng/Build/Intermediates.noindex/Pods.build/Debug-iphonesimulator/React-featureflags.build
    export TEMP_FILE_DIR\=/Users/rmpal/Library/Developer/Xcode/DerivedData/ASKHatters-grdgfmxzykdhuzgaxmwtwynupyng/Build/Intermediates.noindex/Pods.build/Debug-iphonesimulator/React-featureflags.build
    export TEMP_ROOT\=/Users/rmpal/Library/Developer/Xcode/DerivedData/ASKHatters-grdgfmxzykdhuzgaxmwtwynupyng/Build/Intermediates.noindex
    export TEMP_SANDBOX_DIR\=/Users/rmpal/Library/Developer/Xcode/DerivedData/ASKHatters-grdgfmxzykdhuzgaxmwtwynupyng/Build/Intermediates.noindex/TemporaryTaskSandboxes
    export TEST_FRAMEWORK_SEARCH_PATHS\=\ /Applications/Xcode.app/Contents/Developer/Platforms/iPhoneSimulator.platform/Developer/Library/Frameworks\ /Applications/Xcode.app/Contents/Developer/Platforms/iPhoneSimulator.platform/Developer/SDKs/iPhoneSimulator18.5.sdk/Developer/Library/Frameworks
    export TEST_LIBRARY_SEARCH_PATHS\=\ /Applications/Xcode.app/Contents/Developer/Platforms/iPhoneSimulator.platform/Developer/usr/lib
    export TOOLCHAINS\=com.apple.dt.toolchain.XcodeDefault
    export TOOLCHAIN_DIR\=/Applications/Xcode.app/Contents/Developer/Toolchains/XcodeDefault.xctoolchain
    export TREAT_MISSING_BASELINES_AS_TEST_FAILURES\=NO
    export TREAT_MISSING_SCRIPT_PHASE_OUTPUTS_AS_ERRORS\=NO
    export TeamIdentifierPrefix\=TN58L8Y3Z2.
    export UID\=501
    export UNINSTALLED_PRODUCTS_DIR\=/Users/rmpal/Library/Developer/Xcode/DerivedData/ASKHatters-grdgfmxzykdhuzgaxmwtwynupyng/Build/Intermediates.noindex/UninstalledProducts
    export UNLOCALIZED_RESOURCES_FOLDER_PATH\=React_featureflags.framework
    export UNLOCALIZED_RESOURCES_FOLDER_PATH_SHALLOW_BUNDLE_NO\=React_featureflags.framework/Resources
    export UNLOCALIZED_RESOURCES_FOLDER_PATH_SHALLOW_BUNDLE_YES\=React_featureflags.framework
    export UNSTRIPPED_PRODUCT\=NO
    export USER\=rmpal
    export USER_APPS_DIR\=/Users/rmpal/Applications
    export USER_LIBRARY_DIR\=/Users/rmpal/Library
    export USE_DYNAMIC_NO_PIC\=YES
    export USE_HEADERMAP\=YES
    export USE_HEADER_SYMLINKS\=NO
    export USE_HERMES\=true
    export USE_RECURSIVE_SCRIPT_INPUTS_IN_SCRIPT_PHASES\=YES
    export VALIDATE_DEVELOPMENT_ASSET_PATHS\=YES_ERROR
    export VALIDATE_PRODUCT\=NO
    export VALID_ARCHS\=arm64\ arm64e\ x86_64
    export VERBOSE_PBXCP\=NO
    export VERSIONING_SYSTEM\=apple-generic
    export VERSIONPLIST_PATH\=React_featureflags.framework/version.plist
    export VERSIONS_FOLDER_PATH\=React_featureflags.framework
    export VERSIONS_FOLDER_PATH_SHALLOW_BUNDLE_NO\=React_featureflags.framework/Versions
    export VERSIONS_FOLDER_PATH_SHALLOW_BUNDLE_YES\=React_featureflags.framework
    export VERSION_INFO_BUILDER\=rmpal
    export VERSION_INFO_FILE\=React_featureflags_vers.c
    export VERSION_INFO_STRING\=\"@\(\#\)PROGRAM:React_featureflags\ \ PROJECT:Pods-1\"
    export WORKSPACE_DIR\=/Users/rmpal/projects/askhatters/ASKHatters/ios
    export WRAPPER_EXTENSION\=framework
    export WRAPPER_NAME\=React_featureflags.framework
    export WRAPPER_SUFFIX\=.framework
    export WRAP_ASSET_PACKS_IN_SEPARATE_DIRECTORIES\=NO
    export XCODE_APP_SUPPORT_DIR\=/Applications/Xcode.app/Contents/Developer/Library/Xcode
    export XCODE_PRODUCT_BUILD_VERSION\=16F6
    export XCODE_VERSION_ACTUAL\=1640
    export XCODE_VERSION_MAJOR\=1600
    export XCODE_VERSION_MINOR\=1640
    export XPCSERVICES_FOLDER_PATH\=React_featureflags.framework/XPCServices
    export YACC\=yacc
    export _DISCOVER_COMMAND_LINE_LINKER_INPUTS\=YES
    export _DISCOVER_COMMAND_LINE_LINKER_INPUTS_INCLUDE_WL\=YES
    export _WRAPPER_CONTENTS_DIR_SHALLOW_BUNDLE_NO\=/Contents
    export _WRAPPER_PARENT_PATH_SHALLOW_BUNDLE_NO\=/..
    export _WRAPPER_RESOURCES_DIR_SHALLOW_BUNDLE_NO\=/Resources
    export __DIAGNOSE_DEPRECATED_ARCHS\=YES
    export arch\=undefined_arch
    export variant\=normal
    /bin/sh -c /Users/rmpal/Library/Developer/Xcode/DerivedData/ASKHatters-grdgfmxzykdhuzgaxmwtwynupyng/Build/Intermediates.noindex/Pods.build/Debug-iphonesimulator/React-featureflags.build/Script-46EB2E00041D10.sh

ProcessInfoPlistFile /Users/rmpal/Library/Developer/Xcode/DerivedData/ASKHatters-grdgfmxzykdhuzgaxmwtwynupyng/Build/Products/Debug-iphonesimulator/React-oscompat/oscompat.framework/Info.plist /Users/rmpal/projects/askhatters/ASKHatters/ios/Pods/Target\ Support\ Files/React-oscompat/React-oscompat-Info.plist (in target 'React-oscompat' from project 'Pods')
    cd /Users/rmpal/projects/askhatters/ASKHatters/ios/Pods
    builtin-infoPlistUtility /Users/rmpal/projects/askhatters/ASKHatters/ios/Pods/Target\ Support\ Files/React-oscompat/React-oscompat-Info.plist -producttype com.apple.product-type.framework -expandbuildsettings -format binary -platform iphonesimulator -o /Users/rmpal/Library/Developer/Xcode/DerivedData/ASKHatters-grdgfmxzykdhuzgaxmwtwynupyng/Build/Products/Debug-iphonesimulator/React-oscompat/oscompat.framework/Info.plist

ProcessInfoPlistFile /Users/rmpal/Library/Developer/Xcode/DerivedData/ASKHatters-grdgfmxzykdhuzgaxmwtwynupyng/Build/Products/Debug-iphonesimulator/React-featureflags/React_featureflags.framework/Info.plist /Users/rmpal/projects/askhatters/ASKHatters/ios/Pods/Target\ Support\ Files/React-featureflags/React-featureflags-Info.plist (in target 'React-featureflags' from project 'Pods')
    cd /Users/rmpal/projects/askhatters/ASKHatters/ios/Pods
    builtin-infoPlistUtility /Users/rmpal/projects/askhatters/ASKHatters/ios/Pods/Target\ Support\ Files/React-featureflags/React-featureflags-Info.plist -producttype com.apple.product-type.framework -expandbuildsettings -format binary -platform iphonesimulator -o /Users/rmpal/Library/Developer/Xcode/DerivedData/ASKHatters-grdgfmxzykdhuzgaxmwtwynupyng/Build/Products/Debug-iphonesimulator/React-featureflags/React_featureflags.framework/Info.plist

ProcessInfoPlistFile /Users/rmpal/Library/Developer/Xcode/DerivedData/ASKHatters-grdgfmxzykdhuzgaxmwtwynupyng/Build/Products/Debug-iphonesimulator/React-debug/React_debug.framework/Info.plist /Users/rmpal/projects/askhatters/ASKHatters/ios/Pods/Target\ Support\ Files/React-debug/React-debug-Info.plist (in target 'React-debug' from project 'Pods')
    cd /Users/rmpal/projects/askhatters/ASKHatters/ios/Pods
    builtin-infoPlistUtility /Users/rmpal/projects/askhatters/ASKHatters/ios/Pods/Target\ Support\ Files/React-debug/React-debug-Info.plist -producttype com.apple.product-type.framework -expandbuildsettings -format binary -platform iphonesimulator -o /Users/rmpal/Library/Developer/Xcode/DerivedData/ASKHatters-grdgfmxzykdhuzgaxmwtwynupyng/Build/Products/Debug-iphonesimulator/React-debug/React_debug.framework/Info.plist

warning: Run script build phase 'Create Symlinks to Header Folders' will be run during every build because it does not specify any outputs. To address this issue, either add output dependencies to the script phase, or configure it to run in every build by unchecking "Based on dependency analysis" in the script phase. (in target 'React-jsinspectortracing' from project 'Pods')
PhaseScriptExecution Create\ Symlinks\ to\ Header\ Folders /Users/rmpal/Library/Developer/Xcode/DerivedData/ASKHatters-grdgfmxzykdhuzgaxmwtwynupyng/Build/Intermediates.noindex/Pods.build/Debug-iphonesimulator/React-jsinspectortracing.build/Script-46EB2E00043850.sh (in target 'React-jsinspectortracing' from project 'Pods')
    cd /Users/rmpal/projects/askhatters/ASKHatters/ios/Pods
    export ACTION\=build
    export AD_HOC_CODE_SIGNING_ALLOWED\=YES
    export ALLOW_BUILD_REQUEST_OVERRIDES\=NO
    export ALLOW_TARGET_PLATFORM_SPECIALIZATION\=NO
    export ALTERNATE_GROUP\=staff
    export ALTERNATE_MODE\=u+w,go-w,a+rX
    export ALTERNATE_OWNER\=rmpal
    export ALTERNATIVE_DISTRIBUTION_WEB\=NO
    export ALWAYS_EMBED_SWIFT_STANDARD_LIBRARIES\=NO
    export ALWAYS_SEARCH_USER_PATHS\=NO
    export ALWAYS_USE_SEPARATE_HEADERMAPS\=NO
    export APPLICATION_EXTENSION_API_ONLY\=NO
    export APPLY_RULES_IN_COPY_FILES\=NO
    export APPLY_RULES_IN_COPY_HEADERS\=NO
    export APP_SHORTCUTS_ENABLE_FLEXIBLE_MATCHING\=YES
    export ARCHS\=arm64
    export ARCHS_STANDARD\=arm64\ x86_64
    export ARCHS_STANDARD_32_64_BIT\=arm64\ x86_64
    export ARCHS_STANDARD_64_BIT\=arm64\ x86_64
    export ARCHS_STANDARD_INCLUDING_64_BIT\=arm64\ x86_64
    export ARCHS_UNIVERSAL_IPHONE_OS\=arm64\ x86_64
    export ASSETCATALOG_FILTER_FOR_DEVICE_MODEL\=iPhone17,1
    export ASSETCATALOG_FILTER_FOR_DEVICE_OS_VERSION\=18.5
    export ASSETCATALOG_FILTER_FOR_THINNING_DEVICE_CONFIGURATION\=iPhone17,1
    export AUTOMATICALLY_MERGE_DEPENDENCIES\=NO
    export AVAILABLE_PLATFORMS\=android\ appletvos\ appletvsimulator\ driverkit\ iphoneos\ iphonesimulator\ macosx\ qnx\ watchos\ watchsimulator\ xros\ xrsimulator
    export AppIdentifierPrefix\=TN58L8Y3Z2.
    export BITCODE_GENERATION_MODE\=marker
    export BUILD_ACTIVE_RESOURCES_ONLY\=YES
    export BUILD_COMPONENTS\=headers\ build
    export BUILD_DIR\=/Users/rmpal/Library/Developer/Xcode/DerivedData/ASKHatters-grdgfmxzykdhuzgaxmwtwynupyng/Build/Products
    export BUILD_LIBRARY_FOR_DISTRIBUTION\=NO
    export BUILD_ROOT\=/Users/rmpal/Library/Developer/Xcode/DerivedData/ASKHatters-grdgfmxzykdhuzgaxmwtwynupyng/Build/Products
    export BUILD_STYLE\=
    export BUILD_VARIANTS\=normal
    export BUILT_PRODUCTS_DIR\=/Users/rmpal/Library/Developer/Xcode/DerivedData/ASKHatters-grdgfmxzykdhuzgaxmwtwynupyng/Build/Products/Debug-iphonesimulator/React-jsinspectortracing
    export BUNDLE_CONTENTS_FOLDER_PATH_deep\=Contents/
    export BUNDLE_EXECUTABLE_FOLDER_NAME_deep\=MacOS
    export BUNDLE_EXTENSIONS_FOLDER_PATH\=Extensions
    export BUNDLE_FORMAT\=shallow
    export BUNDLE_FRAMEWORKS_FOLDER_PATH\=Frameworks
    export BUNDLE_PLUGINS_FOLDER_PATH\=PlugIns
    export BUNDLE_PRIVATE_HEADERS_FOLDER_PATH\=PrivateHeaders
    export BUNDLE_PUBLIC_HEADERS_FOLDER_PATH\=Headers
    export CACHE_ROOT\=/var/folders/80/krvrwbrj2pld84nbclzf6bd40000gn/C/com.apple.DeveloperTools/16.4-16F6/Xcode
    export CCHROOT\=/var/folders/80/krvrwbrj2pld84nbclzf6bd40000gn/C/com.apple.DeveloperTools/16.4-16F6/Xcode
    export CHMOD\=/bin/chmod
    export CHOWN\=/usr/sbin/chown
    export CLANG_ALLOW_NON_MODULAR_INCLUDES_IN_FRAMEWORK_MODULES\=YES
    export CLANG_ANALYZER_LOCALIZABILITY_NONLOCALIZED\=YES
    export CLANG_ANALYZER_NONNULL\=YES
    export CLANG_ANALYZER_NUMBER_OBJECT_CONVERSION\=YES_AGGRESSIVE
    export CLANG_CACHE_FINE_GRAINED_OUTPUTS\=YES
    export CLANG_CXX_LANGUAGE_STANDARD\=c++17
    export CLANG_CXX_LIBRARY\=libc++
    export CLANG_ENABLE_EXPLICIT_MODULES\=YES
    export CLANG_ENABLE_MODULES\=YES
    export CLANG_ENABLE_OBJC_ARC\=YES
    export CLANG_ENABLE_OBJC_WEAK\=NO
    export CLANG_MODULES_BUILD_SESSION_FILE\=/Users/rmpal/Library/Developer/Xcode/DerivedData/ModuleCache.noindex/Session.modulevalidation
    export CLANG_WARN_BLOCK_CAPTURE_AUTORELEASING\=YES
    export CLANG_WARN_BOOL_CONVERSION\=YES
    export CLANG_WARN_COMMA\=YES
    export CLANG_WARN_CONSTANT_CONVERSION\=YES
    export CLANG_WARN_DEPRECATED_OBJC_IMPLEMENTATIONS\=YES
    export CLANG_WARN_DIRECT_OBJC_ISA_USAGE\=YES_ERROR
    export CLANG_WARN_DOCUMENTATION_COMMENTS\=YES
    export CLANG_WARN_EMPTY_BODY\=YES
    export CLANG_WARN_ENUM_CONVERSION\=YES
    export CLANG_WARN_INFINITE_RECURSION\=YES
    export CLANG_WARN_INT_CONVERSION\=YES
    export CLANG_WARN_NON_LITERAL_NULL_CONVERSION\=YES
    export CLANG_WARN_OBJC_IMPLICIT_RETAIN_SELF\=YES
    export CLANG_WARN_OBJC_LITERAL_CONVERSION\=YES
    export CLANG_WARN_OBJC_ROOT_CLASS\=YES_ERROR
    export CLANG_WARN_QUOTED_INCLUDE_IN_FRAMEWORK_HEADER\=NO
    export CLANG_WARN_RANGE_LOOP_ANALYSIS\=YES
    export CLANG_WARN_STRICT_PROTOTYPES\=YES
    export CLANG_WARN_SUSPICIOUS_MOVE\=YES
    export CLANG_WARN_UNGUARDED_AVAILABILITY\=YES_AGGRESSIVE
    export CLANG_WARN_UNREACHABLE_CODE\=YES
    export CLANG_WARN__DUPLICATE_METHOD_MATCH\=YES
    export CLASS_FILE_DIR\=/Users/rmpal/Library/Developer/Xcode/DerivedData/ASKHatters-grdgfmxzykdhuzgaxmwtwynupyng/Build/Intermediates.noindex/Pods.build/Debug-iphonesimulator/React-jsinspectortracing.build/JavaClasses
    export CLEAN_PRECOMPS\=YES
    export CLONE_HEADERS\=NO
    export CODESIGNING_FOLDER_PATH\=/Users/rmpal/Library/Developer/Xcode/DerivedData/ASKHatters-grdgfmxzykdhuzgaxmwtwynupyng/Build/Products/Debug-iphonesimulator/React-jsinspectortracing/jsinspector_moderntracing.framework
    export CODE_SIGNING_ALLOWED\=YES
    export CODE_SIGNING_REQUIRED\=NO
    export CODE_SIGNING_REQUIRES_TEAM\=YES
    export CODE_SIGN_CONTEXT_CLASS\=XCiPhoneSimulatorCodeSignContext
    export CODE_SIGN_IDENTITY\=-
    export CODE_SIGN_INJECT_BASE_ENTITLEMENTS\=YES
    export COLOR_DIAGNOSTICS\=NO
    export COMBINE_HIDPI_IMAGES\=NO
    export COMPILATION_CACHE_CAS_PATH\=/Users/rmpal/Library/Developer/Xcode/DerivedData/CompilationCache.noindex
    export COMPILATION_CACHE_KEEP_CAS_DIRECTORY\=YES
    export COMPILER_INDEX_STORE_ENABLE\=Default
    export COMPOSITE_SDK_DIRS\=/Users/rmpal/Library/Developer/Xcode/DerivedData/ASKHatters-grdgfmxzykdhuzgaxmwtwynupyng/Build/Intermediates.noindex/CompositeSDKs
    export COMPRESS_PNG_FILES\=YES
    export CONFIGURATION\=Debug
    export CONFIGURATION_BUILD_DIR\=/Users/rmpal/Library/Developer/Xcode/DerivedData/ASKHatters-grdgfmxzykdhuzgaxmwtwynupyng/Build/Products/Debug-iphonesimulator/React-jsinspectortracing
    export CONFIGURATION_TEMP_DIR\=/Users/rmpal/Library/Developer/Xcode/DerivedData/ASKHatters-grdgfmxzykdhuzgaxmwtwynupyng/Build/Intermediates.noindex/Pods.build/Debug-iphonesimulator
    export CONTENTS_FOLDER_PATH\=jsinspector_moderntracing.framework
    export CONTENTS_FOLDER_PATH_SHALLOW_BUNDLE_NO\=jsinspector_moderntracing.framework/A
    export CONTENTS_FOLDER_PATH_SHALLOW_BUNDLE_YES\=jsinspector_moderntracing.framework
    export COPYING_PRESERVES_HFS_DATA\=NO
    export COPY_HEADERS_RUN_UNIFDEF\=NO
    export COPY_PHASE_STRIP\=NO
    export CORRESPONDING_DEVICE_PLATFORM_DIR\=/Applications/Xcode.app/Contents/Developer/Platforms/iPhoneOS.platform
    export CORRESPONDING_DEVICE_PLATFORM_NAME\=iphoneos
    export CORRESPONDING_DEVICE_SDK_DIR\=/Applications/Xcode.app/Contents/Developer/Platforms/iPhoneOS.platform/Developer/SDKs/iPhoneOS18.5.sdk
    export CORRESPONDING_DEVICE_SDK_NAME\=iphoneos18.5
    export CP\=/bin/cp
    export CREATE_INFOPLIST_SECTION_IN_BINARY\=NO
    export CURRENT_ARCH\=undefined_arch
    export CURRENT_PROJECT_VERSION\=1
    export CURRENT_VARIANT\=normal
    export CURRENT_VERSION\=Current
    export DEAD_CODE_STRIPPING\=YES
    export DEBUGGING_SYMBOLS\=YES
    export DEBUG_INFORMATION_FORMAT\=dwarf
    export DEBUG_INFORMATION_VERSION\=compiler-default
    export DEFAULT_COMPILER\=com.apple.compilers.llvm.clang.1_0
    export DEFAULT_DEXT_INSTALL_PATH\=/System/Library/DriverExtensions
    export DEFAULT_KEXT_INSTALL_PATH\=/System/Library/Extensions
    export DEFINES_MODULE\=YES
    export DEPLOYMENT_LOCATION\=NO
    export DEPLOYMENT_POSTPROCESSING\=NO
    export DEPLOYMENT_TARGET_SETTING_NAME\=IPHONEOS_DEPLOYMENT_TARGET
    export DEPLOYMENT_TARGET_SUGGESTED_VALUES\=12.0\ 12.1\ 12.2\ 12.3\ 12.4\ 13.0\ 13.1\ 13.2\ 13.3\ 13.4\ 13.5\ 13.6\ 14.0\ 14.1\ 14.2\ 14.3\ 14.4\ 14.5\ 14.6\ 14.7\ 15.0\ 15.1\ 15.2\ 15.3\ 15.4\ 15.5\ 15.6\ 16.0\ 16.1\ 16.2\ 16.3\ 16.4\ 16.5\ 16.6\ 17.0\ 17.1\ 17.2\ 17.3\ 17.4\ 17.5\ 17.6\ 18.0\ 18.1\ 18.2\ 18.3\ 18.4\ 18.5
    export DERIVED_FILES_DIR\=/Users/rmpal/Library/Developer/Xcode/DerivedData/ASKHatters-grdgfmxzykdhuzgaxmwtwynupyng/Build/Intermediates.noindex/Pods.build/Debug-iphonesimulator/React-jsinspectortracing.build/DerivedSources
    export DERIVED_FILE_DIR\=/Users/rmpal/Library/Developer/Xcode/DerivedData/ASKHatters-grdgfmxzykdhuzgaxmwtwynupyng/Build/Intermediates.noindex/Pods.build/Debug-iphonesimulator/React-jsinspectortracing.build/DerivedSources
    export DERIVED_SOURCES_DIR\=/Users/rmpal/Library/Developer/Xcode/DerivedData/ASKHatters-grdgfmxzykdhuzgaxmwtwynupyng/Build/Intermediates.noindex/Pods.build/Debug-iphonesimulator/React-jsinspectortracing.build/DerivedSources
    export DEVELOPER_APPLICATIONS_DIR\=/Applications/Xcode.app/Contents/Developer/Applications
    export DEVELOPER_BIN_DIR\=/Applications/Xcode.app/Contents/Developer/usr/bin
    export DEVELOPER_DIR\=/Applications/Xcode.app/Contents/Developer
    export DEVELOPER_FRAMEWORKS_DIR\=/Applications/Xcode.app/Contents/Developer/Library/Frameworks
    export DEVELOPER_FRAMEWORKS_DIR_QUOTED\=/Applications/Xcode.app/Contents/Developer/Library/Frameworks
    export DEVELOPER_LIBRARY_DIR\=/Applications/Xcode.app/Contents/Developer/Library
    export DEVELOPER_SDK_DIR\=/Applications/Xcode.app/Contents/Developer/Platforms/MacOSX.platform/Developer/SDKs
    export DEVELOPER_TOOLS_DIR\=/Applications/Xcode.app/Contents/Developer/Tools
    export DEVELOPER_USR_DIR\=/Applications/Xcode.app/Contents/Developer/usr
    export DEVELOPMENT_LANGUAGE\=en
    export DIAGNOSE_MISSING_TARGET_DEPENDENCIES\=YES
    export DIFF\=/usr/bin/diff
    export DOCUMENTATION_FOLDER_PATH\=jsinspector_moderntracing.framework/en.lproj/Documentation
    export DONT_GENERATE_INFOPLIST_FILE\=NO
    export DSTROOT\=/tmp/Pods.dst
    export DT_TOOLCHAIN_DIR\=/Applications/Xcode.app/Contents/Developer/Toolchains/XcodeDefault.xctoolchain
    export DWARF_DSYM_FILE_NAME\=jsinspector_moderntracing.framework.dSYM
    export DWARF_DSYM_FILE_SHOULD_ACCOMPANY_PRODUCT\=NO
    export DWARF_DSYM_FOLDER_PATH\=/Users/rmpal/Library/Developer/Xcode/DerivedData/ASKHatters-grdgfmxzykdhuzgaxmwtwynupyng/Build/Products/Debug-iphonesimulator/React-jsinspectortracing
    export DYLIB_COMPATIBILITY_VERSION\=1
    export DYLIB_CURRENT_VERSION\=1
    export DYLIB_INSTALL_NAME_BASE\=@rpath
    export DYNAMIC_LIBRARY_EXTENSION\=dylib
    export EAGER_COMPILATION_ALLOW_SCRIPTS\=NO
    export EAGER_LINKING\=NO
    export EFFECTIVE_PLATFORM_NAME\=-iphonesimulator
    export EMBEDDED_CONTENT_CONTAINS_SWIFT\=NO
    export EMBED_ASSET_PACKS_IN_PRODUCT_BUNDLE\=NO
    export ENABLE_APP_SANDBOX\=NO
    export ENABLE_BITCODE\=NO
    export ENABLE_CODE_COVERAGE\=YES
    export ENABLE_DEFAULT_HEADER_SEARCH_PATHS\=YES
    export ENABLE_DEFAULT_SEARCH_PATHS\=YES
    export ENABLE_HARDENED_RUNTIME\=NO
    export ENABLE_HEADER_DEPENDENCIES\=YES
    export ENABLE_INCOMING_NETWORK_CONNECTIONS\=NO
    export ENABLE_MODULE_VERIFIER\=NO
    export ENABLE_ON_DEMAND_RESOURCES\=NO
    export ENABLE_OUTGOING_NETWORK_CONNECTIONS\=NO
    export ENABLE_PREVIEWS\=NO
    export ENABLE_RESOURCE_ACCESS_AUDIO_INPUT\=NO
    export ENABLE_RESOURCE_ACCESS_BLUETOOTH\=NO
    export ENABLE_RESOURCE_ACCESS_CALENDARS\=NO
    export ENABLE_RESOURCE_ACCESS_CAMERA\=NO
    export ENABLE_RESOURCE_ACCESS_CONTACTS\=NO
    export ENABLE_RESOURCE_ACCESS_LOCATION\=NO
    export ENABLE_RESOURCE_ACCESS_PRINTING\=NO
    export ENABLE_RESOURCE_ACCESS_USB\=NO
    export ENABLE_SDK_IMPORTS\=NO
    export ENABLE_STRICT_OBJC_MSGSEND\=YES
    export ENABLE_TESTABILITY\=YES
    export ENABLE_TESTING_SEARCH_PATHS\=NO
    export ENABLE_USER_SCRIPT_SANDBOXING\=NO
    export ENABLE_XOJIT_PREVIEWS\=YES
    export ENFORCE_VALID_ARCHS\=YES
    export ENTITLEMENTS_DESTINATION\=__entitlements
    export ENTITLEMENTS_REQUIRED\=NO
    export EXCLUDED_INSTALLSRC_SUBDIRECTORY_PATTERNS\=.DS_Store\ .svn\ .git\ .hg\ CVS
    export EXCLUDED_RECURSIVE_SEARCH_PATH_SUBDIRECTORIES\=\*.nib\ \*.lproj\ \*.framework\ \*.gch\ \*.xcode\*\ \*.xcassets\ \(\*\)\ .DS_Store\ CVS\ .svn\ .git\ .hg\ \*.pbproj\ \*.pbxproj
    export EXECUTABLES_FOLDER_PATH\=jsinspector_moderntracing.framework/en.lproj
    export EXECUTABLE_FOLDER_PATH\=jsinspector_moderntracing.framework
    export EXECUTABLE_FOLDER_PATH_SHALLOW_BUNDLE_NO\=jsinspector_moderntracing.framework
    export EXECUTABLE_FOLDER_PATH_SHALLOW_BUNDLE_YES\=jsinspector_moderntracing.framework
    export EXECUTABLE_NAME\=jsinspector_moderntracing
    export EXECUTABLE_PATH\=jsinspector_moderntracing.framework/jsinspector_moderntracing
    export EXPANDED_CODE_SIGN_IDENTITY\=-
    export EXPANDED_CODE_SIGN_IDENTITY_NAME\=Sign\ to\ Run\ Locally
    export EXTENSIONS_FOLDER_PATH\=jsinspector_moderntracing.framework/Extensions
    export FILE_LIST\=/Users/rmpal/Library/Developer/Xcode/DerivedData/ASKHatters-grdgfmxzykdhuzgaxmwtwynupyng/Build/Intermediates.noindex/Pods.build/Debug-iphonesimulator/React-jsinspectortracing.build/Objects/LinkFileList
    export FIXED_FILES_DIR\=/Users/rmpal/Library/Developer/Xcode/DerivedData/ASKHatters-grdgfmxzykdhuzgaxmwtwynupyng/Build/Intermediates.noindex/Pods.build/Debug-iphonesimulator/React-jsinspectortracing.build/FixedFiles
    export FRAMEWORKS_FOLDER_PATH\=jsinspector_moderntracing.framework/Frameworks
    export FRAMEWORK_FLAG_PREFIX\=-framework
    export FRAMEWORK_SEARCH_PATHS\=/Users/rmpal/Library/Developer/Xcode/DerivedData/ASKHatters-grdgfmxzykdhuzgaxmwtwynupyng/Build/Products/Debug-iphonesimulator/React-jsinspectortracing\ \ \"/Users/rmpal/Library/Developer/Xcode/DerivedData/ASKHatters-grdgfmxzykdhuzgaxmwtwynupyng/Build/Products/Debug-iphonesimulator/DoubleConversion\"\ \"/Users/rmpal/Library/Developer/Xcode/DerivedData/ASKHatters-grdgfmxzykdhuzgaxmwtwynupyng/Build/Products/Debug-iphonesimulator/RCT-Folly\"\ \"/Users/rmpal/Library/Developer/Xcode/DerivedData/ASKHatters-grdgfmxzykdhuzgaxmwtwynupyng/Build/Products/Debug-iphonesimulator/React-debug\"\ \"/Users/rmpal/Library/Developer/Xcode/DerivedData/ASKHatters-grdgfmxzykdhuzgaxmwtwynupyng/Build/Products/Debug-iphonesimulator/React-oscompat\"\ \"/Users/rmpal/Library/Developer/Xcode/DerivedData/ASKHatters-grdgfmxzykdhuzgaxmwtwynupyng/Build/Products/Debug-iphonesimulator/SocketRocket\"\ \"/Users/rmpal/Library/Developer/Xcode/DerivedData/ASKHatters-grdgfmxzykdhuzgaxmwtwynupyng/Build/Products/Debug-iphonesimulator/fmt\"\ \"/Users/rmpal/Library/Developer/Xcode/DerivedData/ASKHatters-grdgfmxzykdhuzgaxmwtwynupyng/Build/Products/Debug-iphonesimulator/glog\"
    export FRAMEWORK_VERSION\=A
    export FULL_PRODUCT_NAME\=jsinspector_moderntracing.framework
    export FUSE_BUILD_PHASES\=YES
    export FUSE_BUILD_SCRIPT_PHASES\=NO
    export GCC3_VERSION\=3.3
    export GCC_C_LANGUAGE_STANDARD\=gnu11
    export GCC_DYNAMIC_NO_PIC\=NO
    export GCC_INLINES_ARE_PRIVATE_EXTERN\=YES
    export GCC_NO_COMMON_BLOCKS\=YES
    export GCC_OBJC_LEGACY_DISPATCH\=YES
    export GCC_OPTIMIZATION_LEVEL\=0
    export GCC_PFE_FILE_C_DIALECTS\=c\ objective-c\ c++\ objective-c++
    export GCC_PREFIX_HEADER\=Target\ Support\ Files/React-jsinspectortracing/React-jsinspectortracing-prefix.pch
    export GCC_PREPROCESSOR_DEFINITIONS\=POD_CONFIGURATION_DEBUG\=1\ DEBUG\=1\ \ COCOAPODS\=1
    export GCC_TREAT_WARNINGS_AS_ERRORS\=NO
    export GCC_VERSION\=com.apple.compilers.llvm.clang.1_0
    export GCC_VERSION_IDENTIFIER\=com_apple_compilers_llvm_clang_1_0
    export GCC_WARN_64_TO_32_BIT_CONVERSION\=YES
    export GCC_WARN_ABOUT_RETURN_TYPE\=YES_ERROR
    export GCC_WARN_INHIBIT_ALL_WARNINGS\=NO
    export GCC_WARN_UNDECLARED_SELECTOR\=YES
    export GCC_WARN_UNINITIALIZED_AUTOS\=YES_AGGRESSIVE
    export GCC_WARN_UNUSED_FUNCTION\=YES
    export GCC_WARN_UNUSED_VARIABLE\=YES
    export GENERATED_MODULEMAP_DIR\=/Users/rmpal/Library/Developer/Xcode/DerivedData/ASKHatters-grdgfmxzykdhuzgaxmwtwynupyng/Build/Intermediates.noindex/GeneratedModuleMaps-iphonesimulator
    export GENERATE_INFOPLIST_FILE\=NO
    export GENERATE_INTERMEDIATE_TEXT_BASED_STUBS\=YES
    export GENERATE_MASTER_OBJECT_FILE\=NO
    export GENERATE_PKGINFO_FILE\=NO
    export GENERATE_PROFILING_CODE\=NO
    export GENERATE_TEXT_BASED_STUBS\=NO
    export GID\=20
    export GROUP\=staff
    export HEADERMAP_INCLUDES_FLAT_ENTRIES_FOR_TARGET_BEING_BUILT\=YES
    export HEADERMAP_INCLUDES_FRAMEWORK_ENTRIES_FOR_ALL_PRODUCT_TYPES\=YES
    export HEADERMAP_INCLUDES_FRAMEWORK_ENTRIES_FOR_TARGETS_NOT_BEING_BUILT\=YES
    export HEADERMAP_INCLUDES_NONPUBLIC_NONPRIVATE_HEADERS\=YES
    export HEADERMAP_INCLUDES_PROJECT_HEADERS\=YES
    export HEADERMAP_USES_FRAMEWORK_PREFIX_ENTRIES\=YES
    export HEADERMAP_USES_VFS\=YES
    export HEADER_SEARCH_PATHS\=/Users/rmpal/Library/Developer/Xcode/DerivedData/ASKHatters-grdgfmxzykdhuzgaxmwtwynupyng/Build/Products/Debug-iphonesimulator/React-jsinspectortracing/include\ \ /Users/rmpal/Library/Developer/Xcode/DerivedData/ASKHatters-grdgfmxzykdhuzgaxmwtwynupyng/Build/Products/Debug-iphonesimulator/ReactCommon/ReactCommon.framework/Headers\ /Users/rmpal/Library/Developer/Xcode/DerivedData/ASKHatters-grdgfmxzykdhuzgaxmwtwynupyng/Build/Products/Debug-iphonesimulator/ReactCommon/ReactCommon.framework/Headers/react/nativemodule/core\ /Users/rmpal/Library/Developer/Xcode/DerivedData/ASKHatters-grdgfmxzykdhuzgaxmwtwynupyng/Build/Products/Debug-iphonesimulator/React-runtimeexecutor/React_runtimeexecutor.framework/Headers\ /Users/rmpal/Library/Developer/Xcode/DerivedData/ASKHatters-grdgfmxzykdhuzgaxmwtwynupyng/Build/Products/Debug-iphonesimulator/React-runtimeexecutor/React_runtimeexecutor.framework/Headers/platform/ios\ /Users/rmpal/Library/Developer/Xcode/DerivedData/ASKHatters-grdgfmxzykdhuzgaxmwtwynupyng/Build/Products/Debug-iphonesimulator/ReactCommon-Samples/ReactCommon_Samples.framework/Headers\ /Users/rmpal/Library/Developer/Xcode/DerivedData/ASKHatters-grdgfmxzykdhuzgaxmwtwynupyng/Build/Products/Debug-iphonesimulator/ReactCommon-Samples/ReactCommon_Samples.framework/Headers/platform/ios\ /Users/rmpal/Library/Developer/Xcode/DerivedData/ASKHatters-grdgfmxzykdhuzgaxmwtwynupyng/Build/Products/Debug-iphonesimulator/React-Fabric/React_Fabric.framework/Headers/react/renderer/components/view/platform/cxx\ /Users/rmpal/Library/Developer/Xcode/DerivedData/ASKHatters-grdgfmxzykdhuzgaxmwtwynupyng/Build/Products/Debug-iphonesimulator/React-NativeModulesApple/React_NativeModulesApple.framework/Headers\ /Users/rmpal/Library/Developer/Xcode/DerivedData/ASKHatters-grdgfmxzykdhuzgaxmwtwynupyng/Build/Products/Debug-iphonesimulator/React-graphics/React_graphics.framework/Headers\ /Users/rmpal/Library/Developer/Xcode/DerivedData/ASKHatters-grdgfmxzykdhuzgaxmwtwynupyng/Build/Products/Debug-iphonesimulator/React-graphics/React_graphics.framework/Headers/react/renderer/graphics/platform/ios\ \"/Users/rmpal/projects/askhatters/ASKHatters/ios/Pods/Headers/Public\"\ \"/Users/rmpal/projects/askhatters/ASKHatters/ios/Pods/Headers/Public/React-timing\"\ \"/Users/rmpal/projects/askhatters/ASKHatters/ios/Pods/Headers/Public/boost\"\ \"/Users/rmpal/projects/askhatters/ASKHatters/ios/Pods/Headers/Public/fast_float\"\ \"/Users/rmpal/projects/askhatters/ASKHatters/ios/Pods/../../node_modules/react-native/ReactCommon/jsinspector-modern/tracing/../..\"\ /Users/rmpal/projects/askhatters/ASKHatters/ios/Pods/glog\ /Users/rmpal/projects/askhatters/ASKHatters/ios/Pods/boost\ /Users/rmpal/projects/askhatters/ASKHatters/ios/Pods/DoubleConversion\ /Users/rmpal/projects/askhatters/ASKHatters/ios/Pods/fast_float/include\ /Users/rmpal/projects/askhatters/ASKHatters/ios/Pods/fmt/include\ /Users/rmpal/projects/askhatters/ASKHatters/ios/Pods/SocketRocket\ /Users/rmpal/projects/askhatters/ASKHatters/ios/Pods/RCT-Folly\ \"/Users/rmpal/projects/askhatters/ASKHatters/ios/Pods/RCT-Folly\"\ \"/Users/rmpal/projects/askhatters/ASKHatters/ios/Pods/DoubleConversion\"\ \"/Users/rmpal/projects/askhatters/ASKHatters/ios/Pods/fast_float/include\"\ \"/Users/rmpal/projects/askhatters/ASKHatters/ios/Pods/fmt/include\"\ \"/Users/rmpal/projects/askhatters/ASKHatters/ios/Pods/boost\"
    export HIDE_BITCODE_SYMBOLS\=YES
    export HOME\=/Users/rmpal
    export HOST_ARCH\=arm64
    export HOST_PLATFORM\=macosx
    export ICONV\=/usr/bin/iconv
    export IMPLICIT_DEPENDENCY_DOMAIN\=default
    export INFOPLIST_ENABLE_CFBUNDLEICONS_MERGE\=YES
    export INFOPLIST_EXPAND_BUILD_SETTINGS\=YES
    export INFOPLIST_FILE\=Target\ Support\ Files/React-jsinspectortracing/React-jsinspectortracing-Info.plist
    export INFOPLIST_OUTPUT_FORMAT\=binary
    export INFOPLIST_PATH\=jsinspector_moderntracing.framework/Info.plist
    export INFOPLIST_PREPROCESS\=NO
    export INFOSTRINGS_PATH\=jsinspector_moderntracing.framework/en.lproj/InfoPlist.strings
    export INLINE_PRIVATE_FRAMEWORKS\=NO
    export INSTALLAPI_IGNORE_SKIP_INSTALL\=YES
    export INSTALLHDRS_COPY_PHASE\=NO
    export INSTALLHDRS_SCRIPT_PHASE\=NO
    export INSTALL_DIR\=/tmp/Pods.dst/Library/Frameworks
    export INSTALL_GROUP\=staff
    export INSTALL_MODE_FLAG\=u+w,go-w,a+rX
    export INSTALL_OWNER\=rmpal
    export INSTALL_PATH\=/Library/Frameworks
    export INSTALL_ROOT\=/tmp/Pods.dst
    export IPHONEOS_DEPLOYMENT_TARGET\=13.0
    export IS_UNOPTIMIZED_BUILD\=YES
    export JAVAC_DEFAULT_FLAGS\=-J-Xms64m\ -J-XX:NewSize\=4M\ -J-Dfile.encoding\=UTF8
    export JAVA_APP_STUB\=/System/Library/Frameworks/JavaVM.framework/Resources/MacOS/JavaApplicationStub
    export JAVA_ARCHIVE_CLASSES\=YES
    export JAVA_ARCHIVE_TYPE\=JAR
    export JAVA_COMPILER\=/usr/bin/javac
    export JAVA_FOLDER_PATH\=jsinspector_moderntracing.framework/Java
    export JAVA_FRAMEWORK_RESOURCES_DIRS\=Resources
    export JAVA_JAR_FLAGS\=cv
    export JAVA_SOURCE_SUBDIR\=.
    export JAVA_USE_DEPENDENCIES\=YES
    export JAVA_ZIP_FLAGS\=-urg
    export JIKES_DEFAULT_FLAGS\=+E\ +OLDCSO
    export KEEP_PRIVATE_EXTERNS\=NO
    export LD_DEPENDENCY_INFO_FILE\=/Users/rmpal/Library/Developer/Xcode/DerivedData/ASKHatters-grdgfmxzykdhuzgaxmwtwynupyng/Build/Intermediates.noindex/Pods.build/Debug-iphonesimulator/React-jsinspectortracing.build/Objects-normal/undefined_arch/jsinspector_moderntracing_dependency_info.dat
    export LD_DYLIB_INSTALL_NAME\=@rpath/jsinspector_moderntracing.framework/jsinspector_moderntracing
    export LD_EXPORT_SYMBOLS\=YES
    export LD_GENERATE_MAP_FILE\=NO
    export LD_MAP_FILE_PATH\=/Users/rmpal/Library/Developer/Xcode/DerivedData/ASKHatters-grdgfmxzykdhuzgaxmwtwynupyng/Build/Intermediates.noindex/Pods.build/Debug-iphonesimulator/React-jsinspectortracing.build/jsinspector_moderntracing-LinkMap-normal-undefined_arch.txt
    export LD_NO_PIE\=NO
    export LD_QUOTE_LINKER_ARGUMENTS_FOR_COMPILER_DRIVER\=YES
    export LD_RUNPATH_SEARCH_PATHS\=\ @executable_path/Frameworks\ @loader_path/Frameworks
    export LD_SHARED_CACHE_ELIGIBLE\=Automatic
    export LD_WARN_DUPLICATE_LIBRARIES\=NO
    export LD_WARN_UNUSED_DYLIBS\=NO
    export LEGACY_DEVELOPER_DIR\=/Applications/Xcode.app/Contents/PlugIns/Xcode3Core.ideplugin/Contents/SharedSupport/Developer
    export LEX\=lex
    export LIBRARY_DEXT_INSTALL_PATH\=/Library/DriverExtensions
    export LIBRARY_FLAG_NOSPACE\=YES
    export LIBRARY_FLAG_PREFIX\=-l
    export LIBRARY_KEXT_INSTALL_PATH\=/Library/Extensions
    export LIBRARY_SEARCH_PATHS\=/Users/rmpal/Library/Developer/Xcode/DerivedData/ASKHatters-grdgfmxzykdhuzgaxmwtwynupyng/Build/Products/Debug-iphonesimulator/React-jsinspectortracing\ 
    export LINKER_DISPLAYS_MANGLED_NAMES\=NO
    export LINK_FILE_LIST_normal_arm64\=/Users/rmpal/Library/Developer/Xcode/DerivedData/ASKHatters-grdgfmxzykdhuzgaxmwtwynupyng/Build/Intermediates.noindex/Pods.build/Debug-iphonesimulator/React-jsinspectortracing.build/Objects-normal/arm64/jsinspector_moderntracing.LinkFileList
    export LINK_OBJC_RUNTIME\=YES
    export LINK_WITH_STANDARD_LIBRARIES\=YES
    export LLVM_TARGET_TRIPLE_OS_VERSION\=ios13.0
    export LLVM_TARGET_TRIPLE_SUFFIX\=-simulator
    export LLVM_TARGET_TRIPLE_VENDOR\=apple
    export LM_AUX_CONST_METADATA_LIST_PATH_normal_arm64\=/Users/rmpal/Library/Developer/Xcode/DerivedData/ASKHatters-grdgfmxzykdhuzgaxmwtwynupyng/Build/Intermediates.noindex/Pods.build/Debug-iphonesimulator/React-jsinspectortracing.build/Objects-normal/arm64/jsinspector_moderntracing.SwiftConstValuesFileList
    export LOCALIZATION_EXPORT_SUPPORTED\=YES
    export LOCALIZATION_PREFERS_STRING_CATALOGS\=NO
    export LOCALIZED_RESOURCES_FOLDER_PATH\=jsinspector_moderntracing.framework/en.lproj
    export LOCALIZED_STRING_MACRO_NAMES\=NSLocalizedString\ CFCopyLocalizedString
    export LOCALIZED_STRING_SWIFTUI_SUPPORT\=YES
    export LOCAL_ADMIN_APPS_DIR\=/Applications/Utilities
    export LOCAL_APPS_DIR\=/Applications
    export LOCAL_DEVELOPER_DIR\=/Library/Developer
    export LOCAL_LIBRARY_DIR\=/Library
    export LOCROOT\=/Users/rmpal/projects/askhatters/ASKHatters/ios/Pods
    export LOCSYMROOT\=/Users/rmpal/projects/askhatters/ASKHatters/ios/Pods
    export MACH_O_TYPE\=staticlib
    export MAC_OS_X_PRODUCT_BUILD_VERSION\=24F74
    export MAC_OS_X_VERSION_ACTUAL\=150500
    export MAC_OS_X_VERSION_MAJOR\=150000
    export MAC_OS_X_VERSION_MINOR\=150500
    export MAKE_MERGEABLE\=NO
    export MERGEABLE_LIBRARY\=NO
    export MERGED_BINARY_TYPE\=none
    export MERGE_LINKED_LIBRARIES\=NO
    export METAL_LIBRARY_FILE_BASE\=default
    export METAL_LIBRARY_OUTPUT_DIR\=/Users/rmpal/Library/Developer/Xcode/DerivedData/ASKHatters-grdgfmxzykdhuzgaxmwtwynupyng/Build/Products/Debug-iphonesimulator/React-jsinspectortracing/jsinspector_moderntracing.framework
    export MODULEMAP_FILE\=Target\ Support\ Files/React-jsinspectortracing/React-jsinspectortracing.modulemap
    export MODULES_FOLDER_PATH\=jsinspector_moderntracing.framework/Modules
    export MODULE_CACHE_DIR\=/Users/rmpal/Library/Developer/Xcode/DerivedData/ModuleCache.noindex
    export MTL_ENABLE_DEBUG_INFO\=INCLUDE_SOURCE
    export MTL_FAST_MATH\=YES
    export NATIVE_ARCH\=arm64
    export NATIVE_ARCH_32_BIT\=arm
    export NATIVE_ARCH_64_BIT\=arm64
    export NATIVE_ARCH_ACTUAL\=arm64
    export NO_COMMON\=YES
    export OBJC_ABI_VERSION\=2
    export OBJECT_FILE_DIR\=/Users/rmpal/Library/Developer/Xcode/DerivedData/ASKHatters-grdgfmxzykdhuzgaxmwtwynupyng/Build/Intermediates.noindex/Pods.build/Debug-iphonesimulator/React-jsinspectortracing.build/Objects
    export OBJECT_FILE_DIR_normal\=/Users/rmpal/Library/Developer/Xcode/DerivedData/ASKHatters-grdgfmxzykdhuzgaxmwtwynupyng/Build/Intermediates.noindex/Pods.build/Debug-iphonesimulator/React-jsinspectortracing.build/Objects-normal
    export OBJROOT\=/Users/rmpal/Library/Developer/Xcode/DerivedData/ASKHatters-grdgfmxzykdhuzgaxmwtwynupyng/Build/Intermediates.noindex
    export ONLY_ACTIVE_ARCH\=YES
    export OS\=MACOS
    export OSAC\=/usr/bin/osacompile
    export PACKAGE_TYPE\=com.apple.package-type.wrapper.framework
    export PASCAL_STRINGS\=YES
    export PATH\=/Applications/Xcode.app/Contents/SharedFrameworks/SwiftBuild.framework/Versions/A/PlugIns/SWBBuildService.bundle/Contents/PlugIns/SWBUniversalPlatformPlugin.bundle/Contents/Frameworks/SWBUniversalPlatform.framework/Resources:/Applications/Xcode.app/Contents/Developer/Toolchains/XcodeDefault.xctoolchain/usr/bin:/Applications/Xcode.app/Contents/Developer/Toolchains/XcodeDefault.xctoolchain/usr/local/bin:/Applications/Xcode.app/Contents/Developer/Toolchains/XcodeDefault.xctoolchain/usr/libexec:/Applications/Xcode.app/Contents/Developer/Platforms/iPhoneSimulator.platform/usr/bin:/Applications/Xcode.app/Contents/Developer/Platforms/iPhoneSimulator.platform/usr/local/bin:/Applications/Xcode.app/Contents/Developer/Platforms/iPhoneSimulator.platform/Developer/usr/bin:/Applications/Xcode.app/Contents/Developer/Platforms/iPhoneSimulator.platform/Developer/usr/local/bin:/Applications/Xcode.app/Contents/Developer/usr/bin:/Applications/Xcode.app/Contents/Developer/usr/local/bin:/Users/rmpal/.antigravity/antigravity/bin:/Users/rmpal/.codeium/windsurf/bin:/Users/rmpal/Library/Android/sdk/platform-tools:/Users/rmpal/Library/Android/sdk/emulator:/Users/rmpal/.nvm/versions/node/v22.21.1/bin:/usr/local/opt/node@18/bin:/Users/rmpal/.pyenv/shims:/Library/Frameworks/Python.framework/Versions/2.7/bin:/opt/homebrew/bin:/opt/homebrew/sbin:/usr/local/bin:/System/Cryptexes/App/usr/bin:/usr/bin:/bin:/usr/sbin:/sbin:/var/run/com.apple.security.cryptexd/codex.system/bootstrap/usr/local/bin:/var/run/com.apple.security.cryptexd/codex.system/bootstrap/usr/bin:/var/run/com.apple.security.cryptexd/codex.system/bootstrap/usr/appleinternal/bin:/Library/Apple/usr/bin:/usr/local/share/dotnet:/Library/Frameworks/Mono.framework/Versions/Current/Commands:/Users/rmpal/.antigravity/extensions/vscjava.vscode-java-debug-0.58.5-universal/bundled/scripts/noConfigScripts
    export PATH_PREFIXES_EXCLUDED_FROM_HEADER_DEPENDENCIES\=/usr/include\ /usr/local/include\ /System/Library/Frameworks\ /System/Library/PrivateFrameworks\ /Applications/Xcode.app/Contents/Developer/Headers\ /Applications/Xcode.app/Contents/Developer/SDKs\ /Applications/Xcode.app/Contents/Developer/Platforms
    export PBDEVELOPMENTPLIST_PATH\=jsinspector_moderntracing.framework/pbdevelopment.plist
    export PER_ARCH_MODULE_FILE_DIR\=/Users/rmpal/Library/Developer/Xcode/DerivedData/ASKHatters-grdgfmxzykdhuzgaxmwtwynupyng/Build/Intermediates.noindex/Pods.build/Debug-iphonesimulator/React-jsinspectortracing.build/Objects-normal/undefined_arch
    export PER_ARCH_OBJECT_FILE_DIR\=/Users/rmpal/Library/Developer/Xcode/DerivedData/ASKHatters-grdgfmxzykdhuzgaxmwtwynupyng/Build/Intermediates.noindex/Pods.build/Debug-iphonesimulator/React-jsinspectortracing.build/Objects-normal/undefined_arch
    export PER_VARIANT_OBJECT_FILE_DIR\=/Users/rmpal/Library/Developer/Xcode/DerivedData/ASKHatters-grdgfmxzykdhuzgaxmwtwynupyng/Build/Intermediates.noindex/Pods.build/Debug-iphonesimulator/React-jsinspectortracing.build/Objects-normal
    export PKGINFO_FILE_PATH\=/Users/rmpal/Library/Developer/Xcode/DerivedData/ASKHatters-grdgfmxzykdhuzgaxmwtwynupyng/Build/Intermediates.noindex/Pods.build/Debug-iphonesimulator/React-jsinspectortracing.build/PkgInfo
    export PKGINFO_PATH\=jsinspector_moderntracing.framework/PkgInfo
    export PLATFORM_DEVELOPER_APPLICATIONS_DIR\=/Applications/Xcode.app/Contents/Developer/Platforms/iPhoneSimulator.platform/Developer/Applications
    export PLATFORM_DEVELOPER_BIN_DIR\=/Applications/Xcode.app/Contents/Developer/Platforms/iPhoneSimulator.platform/Developer/usr/bin
    export PLATFORM_DEVELOPER_LIBRARY_DIR\=/Applications/Xcode.app/Contents/Developer/Platforms/iPhoneSimulator.platform/Developer/Library
    export PLATFORM_DEVELOPER_SDK_DIR\=/Applications/Xcode.app/Contents/Developer/Platforms/iPhoneSimulator.platform/Developer/SDKs
    export PLATFORM_DEVELOPER_TOOLS_DIR\=/Applications/Xcode.app/Contents/Developer/Platforms/iPhoneSimulator.platform/Developer/Tools
    export PLATFORM_DEVELOPER_USR_DIR\=/Applications/Xcode.app/Contents/Developer/Platforms/iPhoneSimulator.platform/Developer/usr
    export PLATFORM_DIR\=/Applications/Xcode.app/Contents/Developer/Platforms/iPhoneSimulator.platform
    export PLATFORM_DISPLAY_NAME\=iOS\ Simulator
    export PLATFORM_FAMILY_NAME\=iOS
    export PLATFORM_NAME\=iphonesimulator
    export PLATFORM_PREFERRED_ARCH\=x86_64
    export PLATFORM_PRODUCT_BUILD_VERSION\=22F76
    export PLATFORM_REQUIRES_SWIFT_AUTOLINK_EXTRACT\=NO
    export PLATFORM_REQUIRES_SWIFT_MODULEWRAP\=NO
    export PLIST_FILE_OUTPUT_FORMAT\=binary
    export PLUGINS_FOLDER_PATH\=jsinspector_moderntracing.framework/PlugIns
    export PODS_BUILD_DIR\=/Users/rmpal/Library/Developer/Xcode/DerivedData/ASKHatters-grdgfmxzykdhuzgaxmwtwynupyng/Build/Products
    export PODS_CONFIGURATION_BUILD_DIR\=/Users/rmpal/Library/Developer/Xcode/DerivedData/ASKHatters-grdgfmxzykdhuzgaxmwtwynupyng/Build/Products/Debug-iphonesimulator
    export PODS_DEVELOPMENT_LANGUAGE\=en
    export PODS_ROOT\=/Users/rmpal/projects/askhatters/ASKHatters/ios/Pods
    export PODS_TARGET_SRCROOT\=/Users/rmpal/projects/askhatters/ASKHatters/ios/Pods/../../node_modules/react-native/ReactCommon/jsinspector-modern/tracing
    export PODS_XCFRAMEWORKS_BUILD_DIR\=/Users/rmpal/Library/Developer/Xcode/DerivedData/ASKHatters-grdgfmxzykdhuzgaxmwtwynupyng/Build/Products/Debug-iphonesimulator/XCFrameworkIntermediates
    export PRECOMPS_INCLUDE_HEADERS_FROM_BUILT_PRODUCTS_DIR\=YES
    export PRECOMP_DESTINATION_DIR\=/Users/rmpal/Library/Developer/Xcode/DerivedData/ASKHatters-grdgfmxzykdhuzgaxmwtwynupyng/Build/Intermediates.noindex/Pods.build/Debug-iphonesimulator/React-jsinspectortracing.build/PrefixHeaders
    export PRIVATE_HEADERS_FOLDER_PATH\=jsinspector_moderntracing.framework/PrivateHeaders
    export PROCESSED_INFOPLIST_PATH\=/Users/rmpal/Library/Developer/Xcode/DerivedData/ASKHatters-grdgfmxzykdhuzgaxmwtwynupyng/Build/Intermediates.noindex/Pods.build/Debug-iphonesimulator/React-jsinspectortracing.build/Objects-normal/undefined_arch/Processed-Info.plist
    export PRODUCT_BUNDLE_IDENTIFIER\=org.cocoapods.jsinspector-moderntracing
    export PRODUCT_BUNDLE_PACKAGE_TYPE\=FMWK
    export PRODUCT_MODULE_NAME\=jsinspector_moderntracing
    export PRODUCT_NAME\=jsinspector_moderntracing
    export PRODUCT_SETTINGS_PATH\=/Users/rmpal/projects/askhatters/ASKHatters/ios/Pods/Target\ Support\ Files/React-jsinspectortracing/React-jsinspectortracing-Info.plist
    export PRODUCT_TYPE\=com.apple.product-type.framework
    export PROFILING_CODE\=NO
    export PROJECT\=Pods
    export PROJECT_DERIVED_FILE_DIR\=/Users/rmpal/Library/Developer/Xcode/DerivedData/ASKHatters-grdgfmxzykdhuzgaxmwtwynupyng/Build/Intermediates.noindex/Pods.build/DerivedSources
    export PROJECT_DIR\=/Users/rmpal/projects/askhatters/ASKHatters/ios/Pods
    export PROJECT_FILE_PATH\=/Users/rmpal/projects/askhatters/ASKHatters/ios/Pods/Pods.xcodeproj
    export PROJECT_GUID\=8699adb1dd336b26511df848a716bd42
    export PROJECT_NAME\=Pods
    export PROJECT_TEMP_DIR\=/Users/rmpal/Library/Developer/Xcode/DerivedData/ASKHatters-grdgfmxzykdhuzgaxmwtwynupyng/Build/Intermediates.noindex/Pods.build
    export PROJECT_TEMP_ROOT\=/Users/rmpal/Library/Developer/Xcode/DerivedData/ASKHatters-grdgfmxzykdhuzgaxmwtwynupyng/Build/Intermediates.noindex
    export PUBLIC_HEADERS_FOLDER_PATH\=jsinspector_moderntracing.framework/Headers
    export REACT_NATIVE_PATH\=/Users/rmpal/projects/askhatters/ASKHatters/ios/Pods/../../node_modules/react-native
    export RECOMMENDED_IPHONEOS_DEPLOYMENT_TARGET\=15.0
    export RECURSIVE_SEARCH_PATHS_FOLLOW_SYMLINKS\=YES
    export REMOVE_CVS_FROM_RESOURCES\=YES
    export REMOVE_GIT_FROM_RESOURCES\=YES
    export REMOVE_HEADERS_FROM_EMBEDDED_BUNDLES\=YES
    export REMOVE_HG_FROM_RESOURCES\=YES
    export REMOVE_STATIC_EXECUTABLES_FROM_EMBEDDED_BUNDLES\=YES
    export REMOVE_SVN_FROM_RESOURCES\=YES
    export RESCHEDULE_INDEPENDENT_HEADERS_PHASES\=YES
    export REZ_COLLECTOR_DIR\=/Users/rmpal/Library/Developer/Xcode/DerivedData/ASKHatters-grdgfmxzykdhuzgaxmwtwynupyng/Build/Intermediates.noindex/Pods.build/Debug-iphonesimulator/React-jsinspectortracing.build/ResourceManagerResources
    export REZ_OBJECTS_DIR\=/Users/rmpal/Library/Developer/Xcode/DerivedData/ASKHatters-grdgfmxzykdhuzgaxmwtwynupyng/Build/Intermediates.noindex/Pods.build/Debug-iphonesimulator/React-jsinspectortracing.build/ResourceManagerResources/Objects
    export REZ_SEARCH_PATHS\=/Users/rmpal/Library/Developer/Xcode/DerivedData/ASKHatters-grdgfmxzykdhuzgaxmwtwynupyng/Build/Products/Debug-iphonesimulator/React-jsinspectortracing\ 
    export SCAN_ALL_SOURCE_FILES_FOR_INCLUDES\=NO
    export SCRIPTS_FOLDER_PATH\=jsinspector_moderntracing.framework/Scripts
    export SCRIPT_INPUT_FILE_COUNT\=0
    export SCRIPT_INPUT_FILE_LIST_COUNT\=0
    export SCRIPT_OUTPUT_FILE_COUNT\=0
    export SCRIPT_OUTPUT_FILE_LIST_COUNT\=0
    export SDKROOT\=/Applications/Xcode.app/Contents/Developer/Platforms/iPhoneSimulator.platform/Developer/SDKs/iPhoneSimulator18.5.sdk
    export SDK_DIR\=/Applications/Xcode.app/Contents/Developer/Platforms/iPhoneSimulator.platform/Developer/SDKs/iPhoneSimulator18.5.sdk
    export SDK_DIR_iphonesimulator\=/Applications/Xcode.app/Contents/Developer/Platforms/iPhoneSimulator.platform/Developer/SDKs/iPhoneSimulator18.5.sdk
    export SDK_DIR_iphonesimulator18_5\=/Applications/Xcode.app/Contents/Developer/Platforms/iPhoneSimulator.platform/Developer/SDKs/iPhoneSimulator18.5.sdk
    export SDK_NAME\=iphonesimulator18.5
    export SDK_NAMES\=iphonesimulator18.5
    export SDK_PRODUCT_BUILD_VERSION\=22F76
    export SDK_STAT_CACHE_DIR\=/Users/rmpal/Library/Developer/Xcode/DerivedData
    export SDK_STAT_CACHE_ENABLE\=YES
    export SDK_STAT_CACHE_PATH\=/Users/rmpal/Library/Developer/Xcode/DerivedData/SDKStatCaches.noindex/iphonesimulator18.5-22F76-d5fc8ad4295d2ef488fb7d0f804ce0c4.sdkstatcache
    export SDK_VERSION\=18.5
    export SDK_VERSION_ACTUAL\=180500
    export SDK_VERSION_MAJOR\=180000
    export SDK_VERSION_MINOR\=180500
    export SED\=/usr/bin/sed
    export SEPARATE_STRIP\=NO
    export SEPARATE_SYMBOL_EDIT\=NO
    export SET_DIR_MODE_OWNER_GROUP\=YES
    export SET_FILE_MODE_OWNER_GROUP\=NO
    export SHALLOW_BUNDLE\=YES
    export SHALLOW_BUNDLE_TRIPLE\=ios-simulator
    export SHALLOW_BUNDLE_ios_macabi\=NO
    export SHALLOW_BUNDLE_macos\=NO
    export SHARED_DERIVED_FILE_DIR\=/Users/rmpal/Library/Developer/Xcode/DerivedData/ASKHatters-grdgfmxzykdhuzgaxmwtwynupyng/Build/Products/Debug-iphonesimulator/React-jsinspectortracing/DerivedSources
    export SHARED_FRAMEWORKS_FOLDER_PATH\=jsinspector_moderntracing.framework/SharedFrameworks
    export SHARED_PRECOMPS_DIR\=/Users/rmpal/Library/Developer/Xcode/DerivedData/ASKHatters-grdgfmxzykdhuzgaxmwtwynupyng/Build/Intermediates.noindex/PrecompiledHeaders
    export SHARED_SUPPORT_FOLDER_PATH\=jsinspector_moderntracing.framework
    export SKIP_INSTALL\=YES
    export SOURCE_ROOT\=/Users/rmpal/projects/askhatters/ASKHatters/ios/Pods
    export SRCROOT\=/Users/rmpal/projects/askhatters/ASKHatters/ios/Pods
    export STRINGSDATA_DIR\=/Users/rmpal/Library/Developer/Xcode/DerivedData/ASKHatters-grdgfmxzykdhuzgaxmwtwynupyng/Build/Intermediates.noindex/Pods.build/Debug-iphonesimulator/React-jsinspectortracing.build/Objects-normal/undefined_arch
    export STRINGSDATA_ROOT\=/Users/rmpal/Library/Developer/Xcode/DerivedData/ASKHatters-grdgfmxzykdhuzgaxmwtwynupyng/Build/Intermediates.noindex/Pods.build/Debug-iphonesimulator/React-jsinspectortracing.build
    export STRINGS_FILE_INFOPLIST_RENAME\=YES
    export STRINGS_FILE_OUTPUT_ENCODING\=binary
    export STRIP_BITCODE_FROM_COPIED_FILES\=NO
    export STRIP_INSTALLED_PRODUCT\=NO
    export STRIP_STYLE\=debugging
    export STRIP_SWIFT_SYMBOLS\=YES
    export SUPPORTED_DEVICE_FAMILIES\=1,2
    export SUPPORTED_PLATFORMS\=iphoneos\ iphonesimulator
    export SUPPORTS_TEXT_BASED_API\=NO
    export SUPPRESS_WARNINGS\=NO
    export SWIFT_ACTIVE_COMPILATION_CONDITIONS\=\ DEBUG\ 
    export SWIFT_EMIT_LOC_STRINGS\=NO
    export SWIFT_INSTALL_MODULE_FOR_DEPLOYMENT\=YES
    export SWIFT_INSTALL_OBJC_HEADER\=YES
    export SWIFT_OPTIMIZATION_LEVEL\=-Onone
    export SWIFT_PLATFORM_TARGET_PREFIX\=ios
    export SWIFT_RESPONSE_FILE_PATH_normal_arm64\=/Users/rmpal/Library/Developer/Xcode/DerivedData/ASKHatters-grdgfmxzykdhuzgaxmwtwynupyng/Build/Intermediates.noindex/Pods.build/Debug-iphonesimulator/React-jsinspectortracing.build/Objects-normal/arm64/jsinspector_moderntracing.SwiftFileList
    export SWIFT_VERSION\=5.0
    export SYMROOT\=/Users/rmpal/Library/Developer/Xcode/DerivedData/ASKHatters-grdgfmxzykdhuzgaxmwtwynupyng/Build/Products
    export SYSTEM_ADMIN_APPS_DIR\=/Applications/Utilities
    export SYSTEM_APPS_DIR\=/Applications
    export SYSTEM_CORE_SERVICES_DIR\=/System/Library/CoreServices
    export SYSTEM_DEMOS_DIR\=/Applications/Extras
    export SYSTEM_DEVELOPER_APPS_DIR\=/Applications/Xcode.app/Contents/Developer/Applications
    export SYSTEM_DEVELOPER_BIN_DIR\=/Applications/Xcode.app/Contents/Developer/usr/bin
    export SYSTEM_DEVELOPER_DEMOS_DIR\=/Applications/Xcode.app/Contents/Developer/Applications/Utilities/Built\ Examples
    export SYSTEM_DEVELOPER_DIR\=/Applications/Xcode.app/Contents/Developer
    export SYSTEM_DEVELOPER_DOC_DIR\=/Applications/Xcode.app/Contents/Developer/ADC\ Reference\ Library
    export SYSTEM_DEVELOPER_GRAPHICS_TOOLS_DIR\=/Applications/Xcode.app/Contents/Developer/Applications/Graphics\ Tools
    export SYSTEM_DEVELOPER_JAVA_TOOLS_DIR\=/Applications/Xcode.app/Contents/Developer/Applications/Java\ Tools
    export SYSTEM_DEVELOPER_PERFORMANCE_TOOLS_DIR\=/Applications/Xcode.app/Contents/Developer/Applications/Performance\ Tools
    export SYSTEM_DEVELOPER_RELEASENOTES_DIR\=/Applications/Xcode.app/Contents/Developer/ADC\ Reference\ Library/releasenotes
    export SYSTEM_DEVELOPER_TOOLS\=/Applications/Xcode.app/Contents/Developer/Tools
    export SYSTEM_DEVELOPER_TOOLS_DOC_DIR\=/Applications/Xcode.app/Contents/Developer/ADC\ Reference\ Library/documentation/DeveloperTools
    export SYSTEM_DEVELOPER_TOOLS_RELEASENOTES_DIR\=/Applications/Xcode.app/Contents/Developer/ADC\ Reference\ Library/releasenotes/DeveloperTools
    export SYSTEM_DEVELOPER_USR_DIR\=/Applications/Xcode.app/Contents/Developer/usr
    export SYSTEM_DEVELOPER_UTILITIES_DIR\=/Applications/Xcode.app/Contents/Developer/Applications/Utilities
    export SYSTEM_DEXT_INSTALL_PATH\=/System/Library/DriverExtensions
    export SYSTEM_DOCUMENTATION_DIR\=/Library/Documentation
    export SYSTEM_EXTENSIONS_FOLDER_PATH\=jsinspector_moderntracing.framework/SystemExtensions
    export SYSTEM_EXTENSIONS_FOLDER_PATH_SHALLOW_BUNDLE_NO\=jsinspector_moderntracing.framework/Library/SystemExtensions
    export SYSTEM_EXTENSIONS_FOLDER_PATH_SHALLOW_BUNDLE_YES\=jsinspector_moderntracing.framework/SystemExtensions
    export SYSTEM_KEXT_INSTALL_PATH\=/System/Library/Extensions
    export SYSTEM_LIBRARY_DIR\=/System/Library
    export TAPI_DEMANGLE\=YES
    export TAPI_ENABLE_PROJECT_HEADERS\=NO
    export TAPI_LANGUAGE\=objective-c
    export TAPI_LANGUAGE_STANDARD\=compiler-default
    export TAPI_USE_SRCROOT\=YES
    export TAPI_VERIFY_MODE\=Pedantic
    export TARGETED_DEVICE_FAMILY\=1,2
    export TARGETNAME\=React-jsinspectortracing
    export TARGET_BUILD_DIR\=/Users/rmpal/Library/Developer/Xcode/DerivedData/ASKHatters-grdgfmxzykdhuzgaxmwtwynupyng/Build/Products/Debug-iphonesimulator/React-jsinspectortracing
    export TARGET_DEVICE_IDENTIFIER\=557D5EA7-30FD-4CB1-BF6C-05C287ACC9B5
    export TARGET_DEVICE_MODEL\=iPhone17,1
    export TARGET_DEVICE_OS_VERSION\=18.5
    export TARGET_DEVICE_PLATFORM_NAME\=iphonesimulator
    export TARGET_NAME\=React-jsinspectortracing
    export TARGET_TEMP_DIR\=/Users/rmpal/Library/Developer/Xcode/DerivedData/ASKHatters-grdgfmxzykdhuzgaxmwtwynupyng/Build/Intermediates.noindex/Pods.build/Debug-iphonesimulator/React-jsinspectortracing.build
    export TEMP_DIR\=/Users/rmpal/Library/Developer/Xcode/DerivedData/ASKHatters-grdgfmxzykdhuzgaxmwtwynupyng/Build/Intermediates.noindex/Pods.build/Debug-iphonesimulator/React-jsinspectortracing.build
    export TEMP_FILES_DIR\=/Users/rmpal/Library/Developer/Xcode/DerivedData/ASKHatters-grdgfmxzykdhuzgaxmwtwynupyng/Build/Intermediates.noindex/Pods.build/Debug-iphonesimulator/React-jsinspectortracing.build
    export TEMP_FILE_DIR\=/Users/rmpal/Library/Developer/Xcode/DerivedData/ASKHatters-grdgfmxzykdhuzgaxmwtwynupyng/Build/Intermediates.noindex/Pods.build/Debug-iphonesimulator/React-jsinspectortracing.build
    export TEMP_ROOT\=/Users/rmpal/Library/Developer/Xcode/DerivedData/ASKHatters-grdgfmxzykdhuzgaxmwtwynupyng/Build/Intermediates.noindex
    export TEMP_SANDBOX_DIR\=/Users/rmpal/Library/Developer/Xcode/DerivedData/ASKHatters-grdgfmxzykdhuzgaxmwtwynupyng/Build/Intermediates.noindex/TemporaryTaskSandboxes
    export TEST_FRAMEWORK_SEARCH_PATHS\=\ /Applications/Xcode.app/Contents/Developer/Platforms/iPhoneSimulator.platform/Developer/Library/Frameworks\ /Applications/Xcode.app/Contents/Developer/Platforms/iPhoneSimulator.platform/Developer/SDKs/iPhoneSimulator18.5.sdk/Developer/Library/Frameworks
    export TEST_LIBRARY_SEARCH_PATHS\=\ /Applications/Xcode.app/Contents/Developer/Platforms/iPhoneSimulator.platform/Developer/usr/lib
    export TOOLCHAINS\=com.apple.dt.toolchain.XcodeDefault
    export TOOLCHAIN_DIR\=/Applications/Xcode.app/Contents/Developer/Toolchains/XcodeDefault.xctoolchain
    export TREAT_MISSING_BASELINES_AS_TEST_FAILURES\=NO
    export TREAT_MISSING_SCRIPT_PHASE_OUTPUTS_AS_ERRORS\=NO
    export TeamIdentifierPrefix\=TN58L8Y3Z2.
    export UID\=501
    export UNINSTALLED_PRODUCTS_DIR\=/Users/rmpal/Library/Developer/Xcode/DerivedData/ASKHatters-grdgfmxzykdhuzgaxmwtwynupyng/Build/Intermediates.noindex/UninstalledProducts
    export UNLOCALIZED_RESOURCES_FOLDER_PATH\=jsinspector_moderntracing.framework
    export UNLOCALIZED_RESOURCES_FOLDER_PATH_SHALLOW_BUNDLE_NO\=jsinspector_moderntracing.framework/Resources
    export UNLOCALIZED_RESOURCES_FOLDER_PATH_SHALLOW_BUNDLE_YES\=jsinspector_moderntracing.framework
    export UNSTRIPPED_PRODUCT\=NO
    export USER\=rmpal
    export USER_APPS_DIR\=/Users/rmpal/Applications
    export USER_LIBRARY_DIR\=/Users/rmpal/Library
    export USE_DYNAMIC_NO_PIC\=YES
    export USE_HEADERMAP\=YES
    export USE_HEADER_SYMLINKS\=NO
    export USE_HERMES\=true
    export USE_RECURSIVE_SCRIPT_INPUTS_IN_SCRIPT_PHASES\=YES
    export VALIDATE_DEVELOPMENT_ASSET_PATHS\=YES_ERROR
    export VALIDATE_PRODUCT\=NO
    export VALID_ARCHS\=arm64\ arm64e\ x86_64
    export VERBOSE_PBXCP\=NO
    export VERSIONING_SYSTEM\=apple-generic
    export VERSIONPLIST_PATH\=jsinspector_moderntracing.framework/version.plist
    export VERSIONS_FOLDER_PATH\=jsinspector_moderntracing.framework
    export VERSIONS_FOLDER_PATH_SHALLOW_BUNDLE_NO\=jsinspector_moderntracing.framework/Versions
    export VERSIONS_FOLDER_PATH_SHALLOW_BUNDLE_YES\=jsinspector_moderntracing.framework
    export VERSION_INFO_BUILDER\=rmpal
    export VERSION_INFO_FILE\=jsinspector_moderntracing_vers.c
    export VERSION_INFO_STRING\=\"@\(\#\)PROGRAM:jsinspector_moderntracing\ \ PROJECT:Pods-1\"
    export WORKSPACE_DIR\=/Users/rmpal/projects/askhatters/ASKHatters/ios
    export WRAPPER_EXTENSION\=framework
    export WRAPPER_NAME\=jsinspector_moderntracing.framework
    export WRAPPER_SUFFIX\=.framework
    export WRAP_ASSET_PACKS_IN_SEPARATE_DIRECTORIES\=NO
    export XCODE_APP_SUPPORT_DIR\=/Applications/Xcode.app/Contents/Developer/Library/Xcode
    export XCODE_PRODUCT_BUILD_VERSION\=16F6
    export XCODE_VERSION_ACTUAL\=1640
    export XCODE_VERSION_MAJOR\=1600
    export XCODE_VERSION_MINOR\=1640
    export XPCSERVICES_FOLDER_PATH\=jsinspector_moderntracing.framework/XPCServices
    export YACC\=yacc
    export _DISCOVER_COMMAND_LINE_LINKER_INPUTS\=YES
    export _DISCOVER_COMMAND_LINE_LINKER_INPUTS_INCLUDE_WL\=YES
    export _WRAPPER_CONTENTS_DIR_SHALLOW_BUNDLE_NO\=/Contents
    export _WRAPPER_PARENT_PATH_SHALLOW_BUNDLE_NO\=/..
    export _WRAPPER_RESOURCES_DIR_SHALLOW_BUNDLE_NO\=/Resources
    export __DIAGNOSE_DEPRECATED_ARCHS\=YES
    export arch\=undefined_arch
    export variant\=normal
    /bin/sh -c /Users/rmpal/Library/Developer/Xcode/DerivedData/ASKHatters-grdgfmxzykdhuzgaxmwtwynupyng/Build/Intermediates.noindex/Pods.build/Debug-iphonesimulator/React-jsinspectortracing.build/Script-46EB2E00043850.sh

ProcessInfoPlistFile /Users/rmpal/Library/Developer/Xcode/DerivedData/ASKHatters-grdgfmxzykdhuzgaxmwtwynupyng/Build/Products/Debug-iphonesimulator/React-jsinspectortracing/jsinspector_moderntracing.framework/Info.plist /Users/rmpal/projects/askhatters/ASKHatters/ios/Pods/Target\ Support\ Files/React-jsinspectortracing/React-jsinspectortracing-Info.plist (in target 'React-jsinspectortracing' from project 'Pods')
    cd /Users/rmpal/projects/askhatters/ASKHatters/ios/Pods
    builtin-infoPlistUtility /Users/rmpal/projects/askhatters/ASKHatters/ios/Pods/Target\ Support\ Files/React-jsinspectortracing/React-jsinspectortracing-Info.plist -producttype com.apple.product-type.framework -expandbuildsettings -format binary -platform iphonesimulator -o /Users/rmpal/Library/Developer/Xcode/DerivedData/ASKHatters-grdgfmxzykdhuzgaxmwtwynupyng/Build/Products/Debug-iphonesimulator/React-jsinspectortracing/jsinspector_moderntracing.framework/Info.plist

CompileC /Users/rmpal/Library/Developer/Xcode/DerivedData/ASKHatters-grdgfmxzykdhuzgaxmwtwynupyng/Build/Intermediates.noindex/Pods.build/Debug-iphonesimulator/React-perflogger.build/Objects-normal/arm64/FuseboxTracer.o /Users/rmpal/projects/askhatters/ASKHatters/node_modules/react-native/ReactCommon/reactperflogger/fusebox/FuseboxTracer.cpp normal arm64 c++ com.apple.compilers.llvm.clang.1_0.compiler (in target 'React-perflogger' from project 'Pods')
    cd /Users/rmpal/projects/askhatters/ASKHatters/ios/Pods
    
    Using response file: /Users/rmpal/Library/Developer/Xcode/DerivedData/ASKHatters-grdgfmxzykdhuzgaxmwtwynupyng/Build/Intermediates.noindex/Pods.build/Debug-iphonesimulator/React-perflogger.build/Objects-normal/arm64/82b82416624d2658e5098eb0a28c15c5-common-args.resp
    
    /Applications/Xcode.app/Contents/Developer/Toolchains/XcodeDefault.xctoolchain/usr/bin/clang -x c++ -ivfsstatcache /Users/rmpal/Library/Developer/Xcode/DerivedData/SDKStatCaches.noindex/iphonesimulator18.5-22F76-d5fc8ad4295d2ef488fb7d0f804ce0c4.sdkstatcache -fmessage-length\=0 -fdiagnostics-show-note-include-stack -fmacro-backtrace-limit\=0 -fno-color-diagnostics -fmodules-prune-interval\=86400 -fmodules-prune-after\=345600 -fbuild-session-file\=/Users/rmpal/Library/Developer/Xcode/DerivedData/ModuleCache.noindex/Session.modulevalidation -fmodules-validate-once-per-build-session -Wno-trigraphs -Wno-missing-field-initializers -Wno-missing-prototypes -Werror\=return-type -Wdocumentation -Wunreachable-code -Werror\=deprecated-objc-isa-usage -Werror\=objc-root-class -Wno-non-virtual-dtor -Wno-overloaded-virtual -Wno-exit-time-destructors -Wno-missing-braces -Wparentheses -Wswitch -Wunused-function -Wno-unused-label -Wno-unused-parameter -Wunused-variable -Wunused-value -Wempty-body -Wuninitialized -Wconditional-uninitialized -Wno-unknown-pragmas -Wno-shadow -Wno-four-char-constants -Wno-conversion -Wconstant-conversion -Wint-conversion -Wbool-conversion -Wenum-conversion -Wno-float-conversion -Wnon-literal-null-conversion -Wobjc-literal-conversion -Wshorten-64-to-32 -Wno-newline-eof -Wno-c++11-extensions -Wno-implicit-fallthrough -fstrict-aliasing -Wdeprecated-declarations -Winvalid-offsetof -Wno-sign-conversion -Winfinite-recursion -Wmove -Wcomma -Wblock-capture-autoreleasing -Wstrict-prototypes -Wrange-loop-analysis -Wno-semicolon-before-method-body -Wunguarded-availability -index-store-path /Users/rmpal/Library/Developer/Xcode/DerivedData/ASKHatters-grdgfmxzykdhuzgaxmwtwynupyng/Index.noindex/DataStore @/Users/rmpal/Library/Developer/Xcode/DerivedData/ASKHatters-grdgfmxzykdhuzgaxmwtwynupyng/Build/Intermediates.noindex/Pods.build/Debug-iphonesimulator/React-perflogger.build/Objects-normal/arm64/82b82416624d2658e5098eb0a28c15c5-common-args.resp -include /Users/rmpal/projects/askhatters/ASKHatters/ios/Pods/Target\ Support\ Files/React-perflogger/React-perflogger-prefix.pch -MMD -MT dependencies -MF /Users/rmpal/Library/Developer/Xcode/DerivedData/ASKHatters-grdgfmxzykdhuzgaxmwtwynupyng/Build/Intermediates.noindex/Pods.build/Debug-iphonesimulator/React-perflogger.build/Objects-normal/arm64/FuseboxTracer.d --serialize-diagnostics /Users/rmpal/Library/Developer/Xcode/DerivedData/ASKHatters-grdgfmxzykdhuzgaxmwtwynupyng/Build/Intermediates.noindex/Pods.build/Debug-iphonesimulator/React-perflogger.build/Objects-normal/arm64/FuseboxTracer.dia -c /Users/rmpal/projects/askhatters/ASKHatters/node_modules/react-native/ReactCommon/reactperflogger/fusebox/FuseboxTracer.cpp -o /Users/rmpal/Library/Developer/Xcode/DerivedData/ASKHatters-grdgfmxzykdhuzgaxmwtwynupyng/Build/Intermediates.noindex/Pods.build/Debug-iphonesimulator/React-perflogger.build/Objects-normal/arm64/FuseboxTracer.o -index-unit-output-path /Pods.build/Debug-iphonesimulator/React-perflogger.build/Objects-normal/arm64/FuseboxTracer.o
In file included from /Users/rmpal/projects/askhatters/ASKHatters/node_modules/react-native/ReactCommon/reactperflogger/fusebox/FuseboxTracer.cpp:13:
/Users/rmpal/projects/askhatters/ASKHatters/node_modules/react-native/ReactCommon/reactperflogger/fusebox/FuseboxTracer.h:26:5: warning: declaration is marked with '@deprecated' command but does not have a deprecation attribute [-Wdocumentation-deprecated-sync]
   26 |  * @deprecated Replaced by jsinspector_modern::PerformanceTracer and will be
      |    ~^~~~~~~~~~~~~~~~~~~~~~~~~~~~~~~~~~~~~~~~~~~~~~~~~~~~~~~~~~~~~~~~~~~~~~~~
   27 |  * removed when we delete FuseboxPerfettoDataSource.
      |  ~~~~~~~~~~~~~~~~~~~~~~~~~~~~~~~~~~~~~~~~~~~~~~~~~~~
/Users/rmpal/projects/askhatters/ASKHatters/node_modules/react-native/ReactCommon/reactperflogger/fusebox/FuseboxTracer.cpp:73:45: error: no member named 'contains' in 'std::unordered_map<std::string, unsigned long long>'
   73 |     if (!event.track.empty() && !trackIdMap.contains(event.track)) {
      |                                  ~~~~~~~~~~ ^
/Users/rmpal/projects/askhatters/ASKHatters/node_modules/react-native/ReactCommon/reactperflogger/fusebox/FuseboxTracer.cpp:83:20: error: no member named 'contains' in 'std::unordered_map<std::string, unsigned long long>'
   83 |         trackIdMap.contains(event.track) ? trackIdMap[event.track] : 1000;
      |         ~~~~~~~~~~ ^
1 warning and 2 errors generated.

warning: Run script build phase 'Create Symlinks to Header Folders' will be run during every build because it does not specify any outputs. To address this issue, either add output dependencies to the script phase, or configure it to run in every build by unchecking "Based on dependency analysis" in the script phase. (in target 'React-rendererconsistency' from project 'Pods')
warning: Run script build phase 'Create Symlinks to Header Folders' will be run during every build because it does not specify any outputs. To address this issue, either add output dependencies to the script phase, or configure it to run in every build by unchecking "Based on dependency analysis" in the script phase. (in target 'React-webperformancenativemodule' from project 'Pods')
warning: Run script build phase 'Create Symlinks to Header Folders' will be run during every build because it does not specify any outputs. To address this issue, either add output dependencies to the script phase, or configure it to run in every build by unchecking "Based on dependency analysis" in the script phase. (in target 'React-domnativemodule' from project 'Pods')
warning: Run script build phase 'Create Symlinks to Header Folders' will be run during every build because it does not specify any outputs. To address this issue, either add output dependencies to the script phase, or configure it to run in every build by unchecking "Based on dependency analysis" in the script phase. (in target 'React-RCTRuntime' from project 'Pods')
warning: Run script build phase 'Create Symlinks to Header Folders' will be run during every build because it does not specify any outputs. To address this issue, either add output dependencies to the script phase, or configure it to run in every build by unchecking "Based on dependency analysis" in the script phase. (in target 'React-runtimeexecutor' from project 'Pods')
warning: Run script build phase 'Create Symlinks to Header Folders' will be run during every build because it does not specify any outputs. To address this issue, either add output dependencies to the script phase, or configure it to run in every build by unchecking "Based on dependency analysis" in the script phase. (in target 'ReactCodegen' from project 'Pods')
warning: Run script build phase 'Create Symlinks to Header Folders' will be run during every build because it does not specify any outputs. To address this issue, either add output dependencies to the script phase, or configure it to run in every build by unchecking "Based on dependency analysis" in the script phase. (in target 'React-rendererdebug' from project 'Pods')
warning: Run script build phase 'Create Symlinks to Header Folders' will be run during every build because it does not specify any outputs. To address this issue, either add output dependencies to the script phase, or configure it to run in every build by unchecking "Based on dependency analysis" in the script phase. (in target 'abseil' from project 'Pods')
warning: Run script build phase 'Create Symlinks to Header Folders' will be run during every build because it does not specify any outputs. To address this issue, either add output dependencies to the script phase, or configure it to run in every build by unchecking "Based on dependency analysis" in the script phase. (in target 'gRPC-Core' from project 'Pods')
warning: Run script build phase 'Create Symlinks to Header Folders' will be run during every build because it does not specify any outputs. To address this issue, either add output dependencies to the script phase, or configure it to run in every build by unchecking "Based on dependency analysis" in the script phase. (in target 'React-performancetimeline' from project 'Pods')
warning: Run script build phase 'Create Symlinks to Header Folders' will be run during every build because it does not specify any outputs. To address this issue, either add output dependencies to the script phase, or configure it to run in every build by unchecking "Based on dependency analysis" in the script phase. (in target 'React-defaultsnativemodule' from project 'Pods')
warning: Run script build phase 'Create Symlinks to Header Folders' will be run during every build because it does not specify any outputs. To address this issue, either add output dependencies to the script phase, or configure it to run in every build by unchecking "Based on dependency analysis" in the script phase. (in target 'React-performancecdpmetrics' from project 'Pods')
warning: Run script build phase 'Create Symlinks to Header Folders' will be run during every build because it does not specify any outputs. To address this issue, either add output dependencies to the script phase, or configure it to run in every build by unchecking "Based on dependency analysis" in the script phase. (in target 'React-graphics' from project 'Pods')
warning: Run script build phase 'Bundle React Native code and images' will be run during every build because it does not specify any outputs. To address this issue, either add output dependencies to the script phase, or configure it to run in every build by unchecking "Based on dependency analysis" in the script phase. (in target 'ASKHatters' from project 'ASKHatters')
warning: Run script build phase '[CP-User] [RNFB] Core Configuration' will be run during every build because it does not specify any outputs. To address this issue, either add output dependencies to the script phase, or configure it to run in every build by unchecking "Based on dependency analysis" in the script phase. (in target 'ASKHatters' from project 'ASKHatters')
warning: Run script build phase 'Create Symlinks to Header Folders' will be run during every build because it does not specify any outputs. To address this issue, either add output dependencies to the script phase, or configure it to run in every build by unchecking "Based on dependency analysis" in the script phase. (in target 'React-RuntimeApple' from project 'Pods')
warning: Run script build phase 'Create Symlinks to Header Folders' will be run during every build because it does not specify any outputs. To address this issue, either add output dependencies to the script phase, or configure it to run in every build by unchecking "Based on dependency analysis" in the script phase. (in target 'React-microtasksnativemodule' from project 'Pods')
warning: Run script build phase 'Create Symlinks to Header Folders' will be run during every build because it does not specify any outputs. To address this issue, either add output dependencies to the script phase, or configure it to run in every build by unchecking "Based on dependency analysis" in the script phase. (in target 'React-renderercss' from project 'Pods')
warning: Run script build phase 'Create Symlinks to Header Folders' will be run during every build because it does not specify any outputs. To address this issue, either add output dependencies to the script phase, or configure it to run in every build by unchecking "Based on dependency analysis" in the script phase. (in target 'React-jsinspectornetwork' from project 'Pods')
warning: Run script build phase 'Create Symlinks to Header Folders' will be run during every build because it does not specify any outputs. To address this issue, either add output dependencies to the script phase, or configure it to run in every build by unchecking "Based on dependency analysis" in the script phase. (in target 'React-idlecallbacksnativemodule' from project 'Pods')
warning: Run script build phase 'Create Symlinks to Header Folders' will be run during every build because it does not specify any outputs. To address this issue, either add output dependencies to the script phase, or configure it to run in every build by unchecking "Based on dependency analysis" in the script phase. (in target 'ReactCommon' from project 'Pods')
warning: Run script build phase 'Create Symlinks to Header Folders' will be run during every build because it does not specify any outputs. To address this issue, either add output dependencies to the script phase, or configure it to run in every build by unchecking "Based on dependency analysis" in the script phase. (in target 'Yoga' from project 'Pods')
warning: Run script build phase 'Create Symlinks to Header Folders' will be run during every build because it does not specify any outputs. To address this issue, either add output dependencies to the script phase, or configure it to run in every build by unchecking "Based on dependency analysis" in the script phase. (in target 'RNReanimated' from project 'Pods')
warning: Run script build phase 'Create Symlinks to Header Folders' will be run during every build because it does not specify any outputs. To address this issue, either add output dependencies to the script phase, or configure it to run in every build by unchecking "Based on dependency analysis" in the script phase. (in target 'React-runtimescheduler' from project 'Pods')
warning: Run script build phase 'Create Symlinks to Header Folders' will be run during every build because it does not specify any outputs. To address this issue, either add output dependencies to the script phase, or configure it to run in every build by unchecking "Based on dependency analysis" in the script phase. (in target 'React-Fabric' from project 'Pods')
warning: Run script build phase 'Create Symlinks to Header Folders' will be run during every build because it does not specify any outputs. To address this issue, either add output dependencies to the script phase, or configure it to run in every build by unchecking "Based on dependency analysis" in the script phase. (in target 'React-jsitooling' from project 'Pods')
warning: Run script build phase 'Create Symlinks to Header Folders' will be run during every build because it does not specify any outputs. To address this issue, either add output dependencies to the script phase, or configure it to run in every build by unchecking "Based on dependency analysis" in the script phase. (in target 'gRPC-C++' from project 'Pods')
warning: Run script build phase 'Create Symlinks to Header Folders' will be run during every build because it does not specify any outputs. To address this issue, either add output dependencies to the script phase, or configure it to run in every build by unchecking "Based on dependency analysis" in the script phase. (in target 'React-utils' from project 'Pods')
warning: Run script build phase 'Create Symlinks to Header Folders' will be run during every build because it does not specify any outputs. To address this issue, either add output dependencies to the script phase, or configure it to run in every build by unchecking "Based on dependency analysis" in the script phase. (in target 'React-jsinspectorcdp' from project 'Pods')
warning: Run script build phase 'Create Symlinks to Header Folders' will be run during every build because it does not specify any outputs. To address this issue, either add output dependencies to the script phase, or configure it to run in every build by unchecking "Based on dependency analysis" in the script phase. (in target 'React-RuntimeHermes' from project 'Pods')
warning: Run script build phase 'Create Symlinks to Header Folders' will be run during every build because it does not specify any outputs. To address this issue, either add output dependencies to the script phase, or configure it to run in every build by unchecking "Based on dependency analysis" in the script phase. (in target 'React-featureflagsnativemodule' from project 'Pods')
warning: Run script build phase 'Create Symlinks to Header Folders' will be run during every build because it does not specify any outputs. To address this issue, either add output dependencies to the script phase, or configure it to run in every build by unchecking "Based on dependency analysis" in the script phase. (in target 'RNWorklets' from project 'Pods')
warning: Run script build phase 'Create Symlinks to Header Folders' will be run during every build because it does not specify any outputs. To address this issue, either add output dependencies to the script phase, or configure it to run in every build by unchecking "Based on dependency analysis" in the script phase. (in target 'React-ImageManager' from project 'Pods')
warning: Run script build phase 'Create Symlinks to Header Folders' will be run during every build because it does not specify any outputs. To address this issue, either add output dependencies to the script phase, or configure it to run in every build by unchecking "Based on dependency analysis" in the script phase. (in target 'React-NativeModulesApple' from project 'Pods')
warning: Run script build phase '[CP-User] [Hermes] Replace Hermes for the right configuration, if needed' will be run during every build because it does not specify any outputs. To address this issue, either add output dependencies to the script phase, or configure it to run in every build by unchecking "Based on dependency analysis" in the script phase. (in target 'hermes-engine' from project 'Pods')
warning: Run script build phase 'Create Symlinks to Header Folders' will be run during every build because it does not specify any outputs. To address this issue, either add output dependencies to the script phase, or configure it to run in every build by unchecking "Based on dependency analysis" in the script phase. (in target 'React-FabricComponents' from project 'Pods')
note: Run script build phase '[CP-User] [RN]Check FBReactNativeSpec' will be run during every build because the option to run the script phase "Based on dependency analysis" is unchecked. (in target 'React-RCTFBReactNativeSpec' from project 'Pods')
warning: Run script build phase 'Create Symlinks to Header Folders' will be run during every build because it does not specify any outputs. To address this issue, either add output dependencies to the script phase, or configure it to run in every build by unchecking "Based on dependency analysis" in the script phase. (in target 'React-RCTFBReactNativeSpec' from project 'Pods')
warning: Run script build phase 'Create Symlinks to Header Folders' will be run during every build because it does not specify any outputs. To address this issue, either add output dependencies to the script phase, or configure it to run in every build by unchecking "Based on dependency analysis" in the script phase. (in target 'React-RuntimeCore' from project 'Pods')
warning: Run script build phase 'Create Symlinks to Header Folders' will be run during every build because it does not specify any outputs. To address this issue, either add output dependencies to the script phase, or configure it to run in every build by unchecking "Based on dependency analysis" in the script phase. (in target 'BoringSSL-GRPC' from project 'Pods')
warning: Run script build phase 'Create Symlinks to Header Folders' will be run during every build because it does not specify any outputs. To address this issue, either add output dependencies to the script phase, or configure it to run in every build by unchecking "Based on dependency analysis" in the script phase. (in target 'React-Mapbuffer' from project 'Pods')
warning: Run script build phase 'Create Symlinks to Header Folders' will be run during every build because it does not specify any outputs. To address this issue, either add output dependencies to the script phase, or configure it to run in every build by unchecking "Based on dependency analysis" in the script phase. (in target 'React-jserrorhandler' from project 'Pods')
warning: Run script build phase 'Create Symlinks to Header Folders' will be run during every build because it does not specify any outputs. To address this issue, either add output dependencies to the script phase, or configure it to run in every build by unchecking "Based on dependency analysis" in the script phase. (in target 'React-FabricImage' from project 'Pods')
warning: Run script build phase 'Create Symlinks to Header Folders' will be run during every build because it does not specify any outputs. To address this issue, either add output dependencies to the script phase, or configure it to run in every build by unchecking "Based on dependency analysis" in the script phase. (in target 'React-debug' from project 'Pods')
** BUILD FAILED **


The following build commands failed:
	CompileC /Users/rmpal/Library/Developer/Xcode/DerivedData/ASKHatters-grdgfmxzykdhuzgaxmwtwynupyng/Build/Intermediates.noindex/Pods.build/Debug-iphonesimulator/React-perflogger.build/Objects-normal/arm64/FuseboxTracer.o /Users/rmpal/projects/askhatters/ASKHatters/node_modules/react-native/ReactCommon/reactperflogger/fusebox/FuseboxTracer.cpp normal arm64 c++ com.apple.compilers.llvm.clang.1_0.compiler (in target 'React-perflogger' from project 'Pods')
	Building workspace ASKHatters with scheme ASKHatters and configuration Debug
(2 failures)
